id,quantity,date,avgPurchaseWeightKg,transactionTypeName,livestockPurchaseStatusId,livestockPurchaseStatusName,isDemoData,locationId,stockClassId,groupId,createdAt
2,55,2022-09-15T00:00:00.000Z,481.82,ANZCO Grazing,4,Complete,false,1,2,2,2026-04-08T21:19:23.878Z
5,11,2022-09-09T00:00:00.000Z,423,Farm Owned,4,Complete,false,1,2,2,2026-04-08T21:19:23.880Z
11,7,2022-09-14T00:00:00.000Z,321.86,Finance Stock,4,Complete,false,22,2,47,2026-04-08T21:19:23.881Z
12,8,2022-09-14T00:00:00.000Z,406.55,Finance Stock,4,Complete,false,14,2,35,2026-04-08T21:19:23.883Z
15,46,2022-09-23T00:00:00.000Z,407.61,ANZCO Grazing,4,Complete,false,3,2,11,2026-04-08T21:19:23.884Z
17,1,2022-09-26T00:00:00.000Z,345,Finance Stock,4,Complete,false,22,2,47,2026-04-08T21:19:23.885Z
18,177,2022-10-03T00:00:00.000Z,511.41,Farm Owned,4,Complete,false,3,2,11,2026-04-08T21:19:23.886Z
19,17,2022-10-04T00:00:00.000Z,480,Farm Owned,4,Complete,false,2,2,6,2026-04-08T21:19:23.887Z
20,91,2022-10-11T00:00:00.000Z,426.59,ANZCO Grazing,4,Complete,false,2,2,6,2026-04-08T21:19:23.888Z
21,36,2022-10-14T00:00:00.000Z,485.56,Farm Owned,4,Complete,false,2,2,6,2026-04-08T21:19:23.889Z
23,46,2022-10-14T00:00:00.000Z,580.92,Short Term Trading,4,Complete,false,1,2,2,2026-04-08T21:19:23.890Z
25,65,2022-10-18T00:00:00.000Z,371.94,ANZCO Grazing,4,Complete,false,2,2,6,2026-04-08T21:19:23.891Z
26,48,2022-10-20T00:00:00.000Z,365.43,ANZCO Grazing,4,Complete,false,2,2,6,2026-04-08T21:19:23.892Z
27,10,2022-10-14T00:00:00.000Z,1,Farm Owned,4,Complete,false,3,5,12,2026-04-08T21:19:23.892Z
28,60,2022-10-21T00:00:00.000Z,357.67,ANZCO Grazing,4,Complete,false,26,2,51,2026-04-08T21:19:23.894Z
29,60,2022-10-21T00:00:00.000Z,363,ANZCO Grazing,4,Complete,false,2,2,6,2026-04-08T21:19:23.894Z
30,60,2022-10-20T00:00:00.000Z,506.5,Farm Owned,4,Complete,false,2,2,6,2026-04-08T21:19:23.895Z
31,50,2022-10-25T00:00:00.000Z,498.4,ANZCO Grazing,4,Complete,false,2,2,6,2026-04-08T21:19:23.896Z
32,50,2022-10-25T00:00:00.000Z,498,ANZCO Grazing,4,Complete,false,2,2,6,2026-04-08T21:19:23.896Z
33,50,2022-10-26T00:00:00.000Z,492,ANZCO Grazing,4,Complete,false,2,2,6,2026-04-08T21:19:23.898Z
34,37,2022-10-25T00:00:00.000Z,451.89,ANZCO Grazing,4,Complete,false,2,2,6,2026-04-08T21:19:23.899Z
35,16,2022-10-25T00:00:00.000Z,460,ANZCO Grazing,4,Complete,false,2,2,6,2026-04-08T21:19:23.900Z
36,60,2022-10-26T00:00:00.000Z,441,ANZCO Grazing,4,Complete,false,27,2,52,2026-04-08T21:19:23.901Z
37,51,2022-10-26T00:00:00.000Z,444.31,ANZCO Grazing,4,Complete,false,29,2,53,2026-04-08T21:19:23.902Z
38,36,2022-10-26T00:00:00.000Z,448.33,ANZCO Grazing,4,Complete,false,29,2,53,2026-04-08T21:19:23.903Z
39,24,2022-10-26T00:00:00.000Z,435,ANZCO Grazing,4,Complete,false,29,2,53,2026-04-08T21:19:23.904Z
40,57,2022-10-27T00:00:00.000Z,452.28,ANZCO Grazing,4,Complete,false,3,2,11,2026-04-08T21:19:23.905Z
41,58,2022-10-27T00:00:00.000Z,449.31,ANZCO Grazing,4,Complete,false,3,2,11,2026-04-08T21:19:23.906Z
42,58,2022-10-27T00:00:00.000Z,454.48,ANZCO Grazing,4,Complete,false,3,2,11,2026-04-08T21:19:23.906Z
43,51,2022-08-23T00:00:00.000Z,,Finance Stock,4,Complete,false,16,2,37,2026-04-08T21:19:23.908Z
44,33,2022-08-13T00:00:00.000Z,445.29,Finance Stock,4,Complete,false,15,2,36,2026-04-08T21:19:23.909Z
45,51,2022-08-03T00:00:00.000Z,416.47,Finance Stock,4,Complete,false,14,2,35,2026-04-08T21:19:23.910Z
46,438,2022-02-16T00:00:00.000Z,,Finance Stock,4,Complete,false,30,1,54,2026-04-08T21:19:23.911Z
47,14,2022-05-10T00:00:00.000Z,,Finance Stock,4,Complete,false,10,2,29,2026-04-08T21:19:23.912Z
48,60,2022-05-13T00:00:00.000Z,486.25,Finance Stock,4,Complete,false,10,5,30,2026-04-08T21:19:23.913Z
49,80,2022-05-10T00:00:00.000Z,,Finance Stock,4,Complete,false,10,5,30,2026-04-08T21:19:23.914Z
50,21,2022-05-17T00:00:00.000Z,,Finance Stock,4,Complete,false,10,5,30,2026-04-08T21:19:23.915Z
51,60,2022-04-26T00:00:00.000Z,,Finance Stock,4,Complete,false,18,5,41,2026-04-08T21:19:23.916Z
52,17,2022-06-15T00:00:00.000Z,,Finance Stock,4,Complete,false,18,5,41,2026-04-08T21:19:23.917Z
53,24,2022-06-29T00:00:00.000Z,,Finance Stock,4,Complete,false,18,5,41,2026-04-08T21:19:23.917Z
54,20,2022-07-13T00:00:00.000Z,,Finance Stock,4,Complete,false,18,5,41,2026-04-08T21:19:23.918Z
55,59,2022-02-04T00:00:00.000Z,,Finance Stock,4,Complete,false,5,2,21,2026-04-08T21:19:23.919Z
56,25,2022-07-12T00:00:00.000Z,,Finance Stock,4,Complete,false,5,2,21,2026-04-08T21:19:23.920Z
57,358,2022-06-06T00:00:00.000Z,,Finance Stock,4,Complete,false,5,2,21,2026-04-08T21:19:23.921Z
58,109,2022-04-20T00:00:00.000Z,,Finance Stock,4,Complete,false,8,5,25,2026-04-08T21:19:23.922Z
59,60,2022-04-21T00:00:00.000Z,,Finance Stock,4,Complete,false,8,5,25,2026-04-08T21:19:23.922Z
60,54,2022-04-20T00:00:00.000Z,,Finance Stock,4,Complete,false,8,5,25,2026-04-08T21:19:23.923Z
61,74,2022-04-18T00:00:00.000Z,,Finance Stock,4,Complete,false,8,5,25,2026-04-08T21:19:23.924Z
62,53,2022-04-19T00:00:00.000Z,,Finance Stock,4,Complete,false,8,5,25,2026-04-08T21:19:23.925Z
63,25,2022-05-05T00:00:00.000Z,,Finance Stock,4,Complete,false,8,5,25,2026-04-08T21:19:23.926Z
64,8,2022-05-05T00:00:00.000Z,,Finance Stock,4,Complete,false,8,5,25,2026-04-08T21:19:23.927Z
65,60,2022-05-05T00:00:00.000Z,,Finance Stock,4,Complete,false,8,5,25,2026-04-08T21:19:23.927Z
66,32,2022-05-19T00:00:00.000Z,,Finance Stock,4,Complete,false,8,5,25,2026-04-08T21:19:23.928Z
67,55,2022-05-31T00:00:00.000Z,,Finance Stock,4,Complete,false,8,5,25,2026-04-08T21:19:23.929Z
68,81,2022-07-29T00:00:00.000Z,,Finance Stock,4,Complete,false,8,5,25,2026-04-08T21:19:23.930Z
69,83,2022-06-20T00:00:00.000Z,,Finance Stock,4,Complete,false,17,2,38,2026-04-08T21:19:23.931Z
70,158,2022-06-20T00:00:00.000Z,,Finance Stock,4,Complete,false,17,2,38,2026-04-08T21:19:23.932Z
71,32,2022-07-19T00:00:00.000Z,,Finance Stock,4,Complete,false,17,2,38,2026-04-08T21:19:23.932Z
72,92,2022-09-09T00:00:00.000Z,,Finance Stock,4,Complete,false,17,2,38,2026-04-08T21:19:23.933Z
73,4,2021-12-17T00:00:00.000Z,,Finance Stock,4,Complete,false,13,2,34,2026-04-08T21:19:23.935Z
74,17,2022-07-10T00:00:00.000Z,,Finance Stock,4,Complete,false,13,2,34,2026-04-08T21:19:23.936Z
75,19,2022-07-20T00:00:00.000Z,,Finance Stock,4,Complete,false,13,2,34,2026-04-08T21:19:23.936Z
76,1173,2022-04-01T00:00:00.000Z,,Finance Stock,4,Complete,false,24,1,50,2026-04-08T21:19:23.938Z
77,2,2022-03-17T00:00:00.000Z,,Finance Stock,4,Complete,false,7,2,23,2026-04-08T21:19:23.939Z
78,28,2022-03-21T00:00:00.000Z,,Finance Stock,4,Complete,false,7,2,23,2026-04-08T21:19:23.940Z
79,37,2022-03-03T00:00:00.000Z,,Finance Stock,4,Complete,false,7,2,23,2026-04-08T21:19:23.942Z
80,60,2022-04-14T00:00:00.000Z,,Finance Stock,4,Complete,false,7,2,23,2026-04-08T21:19:23.944Z
81,105,2022-04-28T00:00:00.000Z,,Finance Stock,4,Complete,false,7,2,23,2026-04-08T21:19:23.945Z
82,163,2022-10-28T00:00:00.000Z,393.37,ANZCO Grazing,4,Complete,false,3,2,11,2026-04-08T21:19:23.946Z
83,427,2022-03-10T00:00:00.000Z,,Finance Stock,4,Complete,false,5,1,20,2026-04-08T21:19:23.947Z
84,593,2022-03-17T00:00:00.000Z,,Finance Stock,4,Complete,false,5,1,20,2026-04-08T21:19:23.948Z
85,895,2022-03-02T00:00:00.000Z,,Finance Stock,4,Complete,false,5,1,20,2026-04-08T21:19:23.949Z
86,150,2022-07-26T00:00:00.000Z,,Finance Stock,4,Complete,false,5,3,22,2026-04-08T21:19:23.950Z
87,122,2022-08-01T00:00:00.000Z,,Finance Stock,4,Complete,false,5,3,22,2026-04-08T21:19:23.953Z
89,50,2022-10-27T00:00:00.000Z,422.4,ANZCO Grazing,4,Complete,false,32,2,57,2026-04-08T21:19:23.955Z
90,68,2022-10-28T00:00:00.000Z,305,ANZCO Grazing,4,Complete,false,33,2,58,2026-04-08T21:19:23.956Z
91,43,2022-10-20T00:00:00.000Z,470,Finance Stock,4,Complete,false,17,2,38,2026-04-08T21:19:23.958Z
92,31,2022-01-27T00:00:00.000Z,,Finance Stock,4,Complete,false,18,2,40,2026-04-08T21:19:23.960Z
93,6,2022-01-24T00:00:00.000Z,,Finance Stock,4,Complete,false,18,2,40,2026-04-08T21:19:23.962Z
94,50,2022-10-31T00:00:00.000Z,494.4,ANZCO Grazing,4,Complete,false,1,2,2,2026-04-08T21:19:23.966Z
95,28,2022-10-31T00:00:00.000Z,334.04,Finance Stock,4,Complete,false,22,2,47,2026-04-08T21:19:23.969Z
96,50,2022-11-01T00:00:00.000Z,495.6,ANZCO Grazing,4,Complete,false,1,2,2,2026-04-08T21:19:23.970Z
97,18,2022-11-03T00:00:00.000Z,492,ANZCO Grazing,4,Complete,false,1,2,2,2026-04-08T21:19:23.972Z
98,50,2022-11-02T00:00:00.000Z,500.4,ANZCO Grazing,4,Complete,false,1,2,2,2026-04-08T21:19:23.974Z
99,50,2022-11-02T00:00:00.000Z,436.83,ANZCO Grazing,4,Complete,false,1,2,2,2026-04-08T21:19:23.976Z
100,10,2022-11-02T00:00:00.000Z,436.83,ANZCO Grazing,4,Complete,false,37,2,60,2026-04-08T21:19:23.978Z
102,7,2022-11-03T00:00:00.000Z,302.86,ANZCO Grazing,4,Complete,false,1,2,2,2026-04-08T21:19:23.980Z
103,29,2022-11-03T00:00:00.000Z,449.66,ANZCO Grazing,4,Complete,false,1,2,2,2026-04-08T21:19:23.981Z
104,61,2022-10-26T00:00:00.000Z,341.41,ANZCO Grazing,4,Complete,false,34,2,59,2026-04-08T21:19:23.983Z
105,2,2022-11-02T00:00:00.000Z,492,ANZCO Grazing,4,Complete,false,37,2,60,2026-04-08T21:19:23.984Z
108,50,2022-11-07T00:00:00.000Z,449.8,ANZCO Grazing,4,Complete,false,39,2,62,2026-04-08T21:19:23.986Z
109,50,2022-11-07T00:00:00.000Z,464,ANZCO Grazing,4,Complete,false,1,2,2,2026-04-08T21:19:23.988Z
110,53,2022-11-08T00:00:00.000Z,384.15,ANZCO Grazing,4,Complete,false,39,2,62,2026-04-08T21:19:23.989Z
111,41,2022-11-08T00:00:00.000Z,439.02,ANZCO Grazing,4,Complete,false,1,2,2,2026-04-08T21:19:23.991Z
112,51,2022-11-09T00:00:00.000Z,456.27,ANZCO Grazing,4,Complete,false,37,2,60,2026-04-08T21:19:23.993Z
113,66,2022-11-14T00:00:00.000Z,397.27,ANZCO Grazing,4,Complete,false,40,2,65,2026-04-08T21:19:23.995Z
114,52,2022-11-10T00:00:00.000Z,461.92,ANZCO Grazing,4,Complete,false,37,2,60,2026-04-08T21:19:23.996Z
115,36,2022-11-10T00:00:00.000Z,459.44,ANZCO Grazing,4,Complete,false,37,2,60,2026-04-08T21:19:23.998Z
116,12,2022-11-10T00:00:00.000Z,453.33,ANZCO Grazing,4,Complete,false,37,2,60,2026-04-08T21:19:24.000Z
117,100,2022-11-10T00:00:00.000Z,494.8,ANZCO Grazing,4,Complete,false,33,2,58,2026-04-08T21:19:24.002Z
118,24,2022-11-10T00:00:00.000Z,421.67,ANZCO Grazing,4,Complete,false,32,2,57,2026-04-08T21:19:24.003Z
119,20,2022-11-10T00:00:00.000Z,470,ANZCO Grazing,4,Complete,false,32,2,57,2026-04-08T21:19:24.006Z
120,45,2022-11-13T00:00:00.000Z,447.56,ANZCO Grazing,4,Complete,false,2,2,6,2026-04-08T21:19:24.009Z
121,55,2022-11-14T00:00:00.000Z,475.27,ANZCO Grazing,4,Complete,false,2,2,6,2026-04-08T21:19:24.011Z
122,48,2022-11-14T00:00:00.000Z,456.25,ANZCO Grazing,4,Complete,false,37,2,60,2026-04-08T21:19:24.015Z
123,23,2022-11-14T00:00:00.000Z,503.48,ANZCO Grazing,4,Complete,false,3,2,11,2026-04-08T21:19:24.017Z
124,68,2022-11-14T00:00:00.000Z,460.29,ANZCO Grazing,4,Complete,false,37,2,60,2026-04-08T21:19:24.030Z
125,51,2022-11-15T00:00:00.000Z,487.06,ANZCO Grazing,4,Complete,false,3,2,11,2026-04-08T21:19:24.035Z
126,50,2022-11-17T00:00:00.000Z,466.8,ANZCO Grazing,4,Complete,false,1,2,2,2026-04-08T21:19:24.039Z
127,50,2022-11-17T00:00:00.000Z,464.4,ANZCO Grazing,4,Complete,false,1,2,2,2026-04-08T21:19:24.040Z
128,36,2022-11-17T00:00:00.000Z,466.67,ANZCO Grazing,4,Complete,false,37,2,60,2026-04-08T21:19:24.041Z
129,17,2022-11-17T00:00:00.000Z,438.82,ANZCO Grazing,4,Complete,false,37,2,60,2026-04-08T21:19:24.042Z
130,74,2022-11-18T00:00:00.000Z,381.62,ANZCO Grazing,4,Complete,false,1,2,2,2026-04-08T21:19:24.043Z
131,64,2022-11-17T00:00:00.000Z,372.5,ANZCO Grazing,4,Complete,false,37,2,60,2026-04-08T21:19:24.044Z
132,47,2022-10-26T00:00:00.000Z,391.19,Finance Stock,4,Complete,false,8,5,25,2026-04-08T21:19:24.045Z
133,40,2022-11-18T00:00:00.000Z,340,Grazing Stock,4,Complete,false,41,2,67,2026-04-08T21:19:24.046Z
134,28,2022-11-18T00:00:00.000Z,421.07,ANZCO Grazing,4,Complete,false,3,2,11,2026-04-08T21:19:24.048Z
135,46,2022-11-18T00:00:00.000Z,440.43,ANZCO Grazing,4,Complete,false,33,2,58,2026-04-08T21:19:24.049Z
138,700,2022-11-18T00:00:00.000Z,30,Finance Stock,4,Complete,false,5,1,20,2026-04-08T21:19:24.050Z
140,38,2022-11-21T00:00:00.000Z,446.84,ANZCO Grazing,4,Complete,false,33,2,58,2026-04-08T21:19:24.051Z
141,50,2022-11-21T00:00:00.000Z,455.2,ANZCO Grazing,4,Complete,false,42,2,68,2026-04-08T21:19:24.053Z
142,50,2022-11-21T00:00:00.000Z,484.8,ANZCO Grazing,4,Complete,false,42,2,68,2026-04-08T21:19:24.055Z
144,50,2022-11-22T00:00:00.000Z,415.2,ANZCO Grazing,4,Complete,false,37,2,60,2026-04-08T21:19:24.063Z
145,37,2022-11-22T00:00:00.000Z,450.27,ANZCO Grazing,4,Complete,false,1,2,2,2026-04-08T21:19:24.064Z
146,19,2022-11-22T00:00:00.000Z,443.16,ANZCO Grazing,4,Complete,false,1,2,2,2026-04-08T21:19:24.065Z
147,45,2022-11-22T00:00:00.000Z,401.78,Finance Stock,4,Complete,false,17,2,38,2026-04-08T21:19:24.066Z
148,45,2022-11-22T00:00:00.000Z,392.89,Finance Stock,4,Complete,false,17,2,38,2026-04-08T21:19:24.067Z
149,68,2022-11-23T00:00:00.000Z,399.85,ANZCO Grazing,4,Complete,false,37,2,60,2026-04-08T21:19:24.068Z
150,47,2022-11-23T00:00:00.000Z,452,ANZCO Grazing,4,Complete,false,1,2,2,2026-04-08T21:19:24.069Z
151,3,2022-11-24T00:00:00.000Z,452,ANZCO Grazing,4,Complete,false,37,2,60,2026-04-08T21:19:24.070Z
152,55,2022-11-23T00:00:00.000Z,440,ANZCO Grazing,4,Complete,false,1,2,2,2026-04-08T21:19:24.071Z
153,50,2022-11-23T00:00:00.000Z,486.8,ANZCO Grazing,4,Complete,false,42,2,68,2026-04-08T21:19:24.072Z
154,37,2022-11-23T00:00:00.000Z,424.86,ANZCO Grazing,4,Complete,false,37,2,60,2026-04-08T21:19:24.072Z
155,60,2022-11-23T00:00:00.000Z,442,ANZCO Grazing,4,Complete,false,33,2,58,2026-04-08T21:19:24.073Z
156,81,2022-11-23T00:00:00.000Z,328,ANZCO Grazing,4,Complete,false,34,2,59,2026-04-08T21:19:24.074Z
157,37,2022-11-23T00:00:00.000Z,409.72,ANZCO Grazing,4,Complete,false,2,2,6,2026-04-08T21:19:24.075Z
158,64,2022-11-23T00:00:00.000Z,465.93,ANZCO Grazing,4,Complete,false,2,2,6,2026-04-08T21:19:24.077Z
159,58,2022-11-23T00:00:00.000Z,439.31,ANZCO Grazing,4,Complete,false,39,2,62,2026-04-08T21:19:24.078Z
160,29,2022-11-23T00:00:00.000Z,473.79,ANZCO Grazing,4,Complete,false,37,2,60,2026-04-08T21:19:24.079Z
161,30,2022-11-23T00:00:00.000Z,423.66,ANZCO Grazing,4,Complete,false,37,2,60,2026-04-08T21:19:24.080Z
162,48,2022-11-24T00:00:00.000Z,426.25,ANZCO Grazing,4,Complete,false,42,2,68,2026-04-08T21:19:24.081Z
163,51,2022-11-24T00:00:00.000Z,403.53,ANZCO Grazing,4,Complete,false,1,2,2,2026-04-08T21:19:24.081Z
164,99,2022-11-24T00:00:00.000Z,433.53,ANZCO Grazing,4,Complete,false,3,2,11,2026-04-08T21:19:24.082Z
166,34,2022-11-18T00:00:00.000Z,477.06,Finance Stock,4,Complete,false,17,2,38,2026-04-08T21:19:24.084Z
167,86,2022-11-25T00:00:00.000Z,456,ANZCO Grazing,4,Complete,false,1,2,2,2026-04-08T21:19:24.085Z
168,4,2022-11-25T00:00:00.000Z,456,ANZCO Grazing,4,Complete,false,37,2,60,2026-04-08T21:19:24.086Z
169,53,2022-11-25T00:00:00.000Z,443.77,ANZCO Grazing,4,Complete,false,33,2,58,2026-04-08T21:19:24.087Z
170,34,2022-11-25T00:00:00.000Z,440.59,ANZCO Grazing,4,Complete,false,34,2,59,2026-04-08T21:19:24.088Z
171,18,2022-11-25T00:00:00.000Z,426.67,ANZCO Grazing,4,Complete,false,34,2,59,2026-04-08T21:19:24.089Z
172,1050,2022-10-21T00:00:00.000Z,33.33,Finance Stock,4,Complete,false,44,1,72,2026-04-08T21:19:24.090Z
173,49,2022-11-15T00:00:00.000Z,456.31,ANZCO Grazing,4,Complete,false,3,2,11,2026-04-08T21:19:24.091Z
174,14,2022-11-30T00:00:00.000Z,522.86,Grazing Stock,4,Complete,false,41,2,67,2026-04-08T21:19:24.091Z
175,25,2022-11-30T00:00:00.000Z,548,Grazing Stock,4,Complete,false,41,2,67,2026-04-08T21:19:24.092Z
177,39,2022-11-29T00:00:00.000Z,452.31,ANZCO Grazing,4,Complete,false,43,2,71,2026-04-08T21:19:24.093Z
178,56,2022-11-30T00:00:00.000Z,467.86,ANZCO Grazing,4,Complete,false,1,2,2,2026-04-08T21:19:24.094Z
179,61,2022-12-01T00:00:00.000Z,443.28,ANZCO Grazing,4,Complete,false,2,2,6,2026-04-08T21:19:24.095Z
180,111,2022-12-01T00:00:00.000Z,434.95,ANZCO Grazing,4,Complete,false,43,2,71,2026-04-08T21:19:24.096Z
181,44,2022-12-02T00:00:00.000Z,592.73,Short Term Trading,4,Complete,false,2,2,6,2026-04-08T21:19:24.097Z
182,14,2022-12-02T00:00:00.000Z,450,ANZCO Grazing,4,Complete,false,37,2,60,2026-04-08T21:19:24.098Z
183,24,2022-12-02T00:00:00.000Z,457.5,ANZCO Grazing,4,Complete,false,37,2,60,2026-04-08T21:19:24.099Z
184,79,2022-12-02T00:00:00.000Z,459.49,ANZCO Grazing,4,Complete,false,43,2,71,2026-04-08T21:19:24.100Z
185,51,2022-12-05T00:00:00.000Z,566,Grazing Stock,4,Complete,false,45,2,73,2026-04-08T21:19:24.101Z
186,53,2022-12-05T00:00:00.000Z,552,Grazing Stock,4,Complete,false,45,2,73,2026-04-08T21:19:24.102Z
187,644,2022-12-04T00:00:00.000Z,30.12,Farm Owned,4,Complete,false,3,1,10,2026-04-08T21:19:24.102Z
188,85,2022-12-06T00:00:00.000Z,562.12,Grazing Stock,4,Complete,false,46,2,75,2026-04-08T21:19:24.103Z
189,27,2022-12-02T00:00:00.000Z,496.3,ANZCO Grazing,4,Complete,false,1,2,2,2026-04-08T21:19:24.104Z
190,35,2022-12-02T00:00:00.000Z,446.86,ANZCO Grazing,4,Complete,false,1,2,2,2026-04-08T21:19:24.105Z
191,60,2022-12-02T00:00:00.000Z,444.17,ANZCO Grazing,4,Complete,false,1,2,2,2026-04-08T21:19:24.106Z
192,48,2022-12-06T00:00:00.000Z,429.17,ANZCO Grazing,4,Complete,false,47,2,78,2026-04-08T21:19:24.108Z
193,51,2022-12-01T00:00:00.000Z,307.69,Finance Stock,4,Complete,false,18,5,41,2026-04-08T21:19:24.109Z
194,343,2022-12-06T00:00:00.000Z,28.51,Farm Owned,4,Complete,false,3,1,10,2026-04-08T21:19:24.110Z
195,4,2022-11-16T00:00:00.000Z,450,Farm Owned,4,Complete,false,3,5,12,2026-04-08T21:19:24.111Z
196,40,2022-12-07T00:00:00.000Z,455.2,ANZCO Grazing,4,Complete,false,1,2,2,2026-04-08T21:19:24.112Z
197,10,2022-12-07T00:00:00.000Z,455.2,ANZCO Grazing,4,Complete,false,37,2,60,2026-04-08T21:19:24.113Z
198,31,2022-12-07T00:00:00.000Z,474.19,ANZCO Grazing,4,Complete,false,33,2,58,2026-04-08T21:19:24.114Z
199,54,2022-12-07T00:00:00.000Z,504.81,ANZCO Grazing,4,Complete,false,47,2,78,2026-04-08T21:19:24.115Z
200,22,2022-12-07T00:00:00.000Z,486.36,ANZCO Grazing,4,Complete,false,7,2,23,2026-04-08T21:19:24.116Z
201,25,2022-12-07T00:00:00.000Z,511.2,ANZCO Grazing,4,Complete,false,7,2,23,2026-04-08T21:19:24.117Z
203,52,2022-12-07T00:00:00.000Z,479.26,ANZCO Grazing,4,Complete,false,1,2,2,2026-04-08T21:19:24.117Z
204,2,2022-12-07T00:00:00.000Z,479.26,ANZCO Grazing,4,Complete,false,37,2,60,2026-04-08T21:19:24.118Z
205,104,2022-12-07T00:00:00.000Z,441.92,ANZCO Grazing,4,Complete,false,7,2,23,2026-04-08T21:19:24.119Z
206,50,2022-12-07T00:00:00.000Z,493.2,ANZCO Grazing,4,Complete,false,2,2,6,2026-04-08T21:19:24.120Z
207,50,2022-12-08T00:00:00.000Z,484.8,ANZCO Grazing,4,Complete,false,2,2,6,2026-04-08T21:19:24.122Z
208,100,2022-12-07T00:00:00.000Z,466.6,ANZCO Grazing,4,Complete,false,2,2,6,2026-04-08T21:19:24.123Z
209,50,2022-12-08T00:00:00.000Z,465,ANZCO Grazing,4,Complete,false,2,2,6,2026-04-08T21:19:24.124Z
210,387,2022-12-08T00:00:00.000Z,29.66,Farm Owned,4,Complete,false,3,1,10,2026-04-08T21:19:24.125Z
211,1280,2022-12-06T00:00:00.000Z,25.34,Farm Owned,4,Complete,false,3,1,10,2026-04-08T21:19:24.126Z
212,56,2022-12-07T00:00:00.000Z,456.79,ANZCO Grazing,4,Complete,false,7,2,23,2026-04-08T21:19:24.127Z
213,45,2022-12-08T00:00:00.000Z,443.33,Finance Stock,4,Complete,false,7,2,23,2026-04-08T21:19:24.128Z
214,40,2022-12-08T00:00:00.000Z,432.5,ANZCO Grazing,4,Complete,false,47,2,78,2026-04-08T21:19:24.129Z
215,50,2022-12-08T00:00:00.000Z,455.6,ANZCO Grazing,4,Complete,false,47,2,78,2026-04-08T21:19:24.131Z
216,20,2022-12-08T00:00:00.000Z,600,Short Term Trading,4,Complete,false,2,2,6,2026-04-08T21:19:24.132Z
217,45,2022-11-21T00:00:00.000Z,456.67,ANZCO Grazing,4,Complete,false,33,2,58,2026-04-08T21:19:24.133Z
218,55,2022-11-24T00:00:00.000Z,480.73,ANZCO Grazing,4,Complete,false,42,2,68,2026-04-08T21:19:24.134Z
219,50,2022-12-09T00:00:00.000Z,474,ANZCO Grazing,4,Complete,false,48,2,79,2026-04-08T21:19:24.136Z
220,93,2022-12-09T00:00:00.000Z,453.87,ANZCO Grazing,4,Complete,false,7,2,23,2026-04-08T21:19:24.137Z
223,820,2022-12-11T00:00:00.000Z,29.9,Grazing Stock,4,Complete,false,20,1,45,2026-04-08T21:19:24.138Z
224,702,2022-12-11T00:00:00.000Z,30.1,Grazing Stock,4,Complete,false,50,1,80,2026-04-08T21:19:24.140Z
225,950,2022-12-12T00:00:00.000Z,30.19,Grazing Stock,4,Complete,false,20,1,45,2026-04-08T21:19:24.141Z
226,593,2022-12-12T00:00:00.000Z,29.65,Finance Stock,4,Complete,false,4,1,16,2026-04-08T21:19:24.142Z
227,63,2022-12-12T00:00:00.000Z,440.63,ANZCO Grazing,4,Complete,false,2,2,6,2026-04-08T21:19:24.143Z
228,960,2022-12-12T00:00:00.000Z,28.44,Grazing Stock,4,Complete,false,50,1,80,2026-04-08T21:19:24.145Z
229,585,2022-12-12T00:00:00.000Z,28.85,Grazing Stock,4,Complete,false,50,1,80,2026-04-08T21:19:24.146Z
230,11,2022-12-12T00:00:00.000Z,,Farm Owned,4,Complete,false,3,5,12,2026-04-08T21:19:24.147Z
231,878,2022-12-14T00:00:00.000Z,29,Grazing Stock,4,Complete,false,51,1,82,2026-04-08T21:19:24.148Z
232,279,2022-12-13T00:00:00.000Z,29.68,Grazing Stock,4,Complete,false,52,1,83,2026-04-08T21:19:24.150Z
233,25,2022-12-14T00:00:00.000Z,463.2,ANZCO Grazing,4,Complete,false,7,2,23,2026-04-08T21:19:24.151Z
234,24,2022-12-14T00:00:00.000Z,460,ANZCO Grazing,4,Complete,false,1,2,2,2026-04-08T21:19:24.152Z
235,57,2022-12-14T00:00:00.000Z,444,ANZCO Grazing,4,Complete,false,7,2,23,2026-04-08T21:19:24.154Z
236,55,2022-12-14T00:00:00.000Z,471.2,ANZCO Grazing,4,Complete,false,3,2,11,2026-04-08T21:19:24.155Z
237,30,2022-12-14T00:00:00.000Z,461.33,ANZCO Grazing,4,Complete,false,7,2,23,2026-04-08T21:19:24.156Z
238,66,2022-12-14T00:00:00.000Z,457.73,ANZCO Grazing,4,Complete,false,7,2,23,2026-04-08T21:19:24.158Z
242,32,2022-12-14T00:00:00.000Z,470.94,ANZCO Grazing,4,Complete,false,1,2,2,2026-04-08T21:19:24.159Z
243,31,2022-12-14T00:00:00.000Z,460.65,ANZCO Grazing,4,Complete,false,1,2,2,2026-04-08T21:19:24.160Z
244,47,2022-12-15T00:00:00.000Z,434,ANZCO Grazing,4,Complete,false,3,2,11,2026-04-08T21:19:24.160Z
245,40,2022-12-15T00:00:00.000Z,436,ANZCO Grazing,4,Complete,false,7,2,23,2026-04-08T21:19:24.161Z
246,78,2022-12-15T00:00:00.000Z,440.71,ANZCO Grazing,4,Complete,false,7,2,23,2026-04-08T21:19:24.162Z
247,25,2022-12-15T00:00:00.000Z,497.2,ANZCO Grazing,4,Complete,false,33,2,58,2026-04-08T21:19:24.163Z
248,51,2022-12-15T00:00:00.000Z,443,ANZCO Grazing,4,Complete,false,72,2,84,2026-04-08T21:19:24.164Z
249,10,2022-12-14T00:00:00.000Z,1000,Farm Owned,4,Complete,false,3,5,12,2026-04-08T21:19:24.165Z
250,65,2022-12-19T00:00:00.000Z,449.23,ANZCO Grazing,4,Complete,false,79,2,85,2026-04-08T21:19:24.167Z
251,45,2022-12-19T00:00:00.000Z,445.11,ANZCO Grazing,4,Complete,false,7,2,23,2026-04-08T21:19:24.168Z
252,50,2022-12-14T00:00:00.000Z,465.6,ANZCO Grazing,4,Complete,false,1,2,2,2026-04-08T21:19:24.169Z
253,48,2022-11-21T00:00:00.000Z,468,ANZCO Grazing,4,Complete,false,37,2,60,2026-04-08T21:19:24.169Z
254,51,2022-12-16T00:00:00.000Z,506.27,Grazing Stock,4,Complete,false,45,2,73,2026-04-08T21:19:24.170Z
257,59,2022-12-19T00:00:00.000Z,464.41,ANZCO Grazing,4,Complete,false,39,2,62,2026-04-08T21:19:24.171Z
258,54,2022-12-19T00:00:00.000Z,434.44,ANZCO Grazing,4,Complete,false,82,2,87,2026-04-08T21:19:24.172Z
259,706,2022-12-19T00:00:00.000Z,28.58,Grazing Stock,4,Complete,false,51,1,82,2026-04-08T21:19:24.173Z
260,807,2022-12-14T00:00:00.000Z,28.09,Grazing Stock,4,Complete,false,83,1,91,2026-04-08T21:19:24.175Z
262,60,2022-12-20T00:00:00.000Z,433.67,ANZCO Grazing,4,Complete,false,79,2,85,2026-04-08T21:19:24.176Z
263,55,2022-12-20T00:00:00.000Z,488,ANZCO Grazing,4,Complete,false,33,2,58,2026-04-08T21:19:24.178Z
264,55,2022-12-20T00:00:00.000Z,440,ANZCO Grazing,4,Complete,false,7,2,23,2026-04-08T21:19:24.180Z
265,67,2022-12-20T00:00:00.000Z,427.46,ANZCO Grazing,4,Complete,false,84,2,92,2026-04-08T21:19:24.182Z
266,57,2022-12-21T00:00:00.000Z,446.67,ANZCO Grazing,4,Complete,false,7,2,23,2026-04-08T21:19:24.183Z
267,50,2022-12-21T00:00:00.000Z,485.8,ANZCO Grazing,4,Complete,false,33,2,58,2026-04-08T21:19:24.184Z
269,260,2022-12-20T00:00:00.000Z,28.73,Grazing Stock,4,Complete,false,52,1,83,2026-04-08T21:19:24.185Z
270,50,2022-11-21T00:00:00.000Z,456.8,ANZCO Grazing,4,Complete,false,2,2,6,2026-04-08T21:19:24.186Z
271,24,2022-12-21T00:00:00.000Z,466.67,ANZCO Grazing,4,Complete,false,82,2,87,2026-04-08T21:19:24.187Z
272,50,2022-12-21T00:00:00.000Z,456.8,ANZCO Grazing,4,Complete,false,79,2,85,2026-04-08T21:19:24.188Z
273,55,2022-12-21T00:00:00.000Z,472,ANZCO Grazing,4,Complete,false,82,2,87,2026-04-08T21:19:24.189Z
274,55,2022-12-21T00:00:00.000Z,427.27,ANZCO Grazing,4,Complete,false,79,2,85,2026-04-08T21:19:24.189Z
275,91,2022-12-21T00:00:00.000Z,469.2,ANZCO Grazing,4,Complete,false,84,2,92,2026-04-08T21:19:24.191Z
276,105,2022-12-14T00:00:00.000Z,440.19,Finance Stock,4,Complete,false,17,2,38,2026-04-08T21:19:24.192Z
277,790,2023-01-04T00:00:00.000Z,31.68,Grazing Stock,4,Complete,false,85,1,93,2026-04-08T21:19:24.194Z
278,50,2022-12-20T00:00:00.000Z,433.6,ANZCO Grazing,4,Complete,false,7,2,23,2026-04-08T21:19:24.195Z
279,55,2022-12-21T00:00:00.000Z,478.91,ANZCO Grazing,4,Complete,false,84,2,92,2026-04-08T21:19:24.196Z
280,700,2022-12-22T00:00:00.000Z,30,Grazing Stock,4,Complete,false,41,1,66,2026-04-08T21:19:24.197Z
281,678,2023-01-05T00:00:00.000Z,31.27,Grazing Stock,4,Complete,false,50,1,80,2026-04-08T21:19:24.198Z
282,55,2022-12-22T00:00:00.000Z,460,ANZCO Grazing,4,Complete,false,86,2,94,2026-04-08T21:19:24.199Z
283,816,2023-01-05T00:00:00.000Z,30.75,Grazing Stock,4,Complete,false,50,1,80,2026-04-08T21:19:24.200Z
284,922,2023-01-09T00:00:00.000Z,29.91,Grazing Stock,4,Complete,false,87,1,95,2026-04-08T21:19:24.201Z
285,59,2022-12-14T00:00:00.000Z,481.02,ANZCO Grazing,4,Complete,false,7,2,23,2026-04-08T21:19:24.202Z
286,195,2023-01-12T00:00:00.000Z,47.23,Grazing Stock,4,Complete,false,88,1,96,2026-04-08T21:19:24.203Z
287,707,2023-01-10T00:00:00.000Z,28.35,Grazing Stock,4,Complete,false,87,1,95,2026-04-08T21:19:24.204Z
288,670,2023-01-10T00:00:00.000Z,26.69,Grazing Stock,4,Complete,false,83,1,91,2026-04-08T21:19:24.205Z
289,443,2023-01-16T00:00:00.000Z,31.24,Grazing Stock,4,Complete,false,87,1,95,2026-04-08T21:19:24.205Z
290,340,2023-01-16T00:00:00.000Z,29.58,Grazing Stock,4,Complete,false,87,1,95,2026-04-08T21:19:24.206Z
291,116,2023-01-16T00:00:00.000Z,24.57,Grazing Stock,4,Complete,false,87,1,95,2026-04-08T21:19:24.206Z
292,272,2023-01-16T00:00:00.000Z,29.3,Grazing Stock,4,Complete,false,87,1,95,2026-04-08T21:19:24.208Z
296,651,2023-01-17T00:00:00.000Z,30.29,Grazing Stock,4,Complete,false,20,1,45,2026-04-08T21:19:24.209Z
297,640,2023-01-17T00:00:00.000Z,29.88,Grazing Stock,4,Complete,false,82,1,86,2026-04-08T21:19:24.210Z
299,38,2023-01-17T00:00:00.000Z,460.26,ANZCO Grazing,4,Complete,false,34,2,59,2026-04-08T21:19:24.211Z
300,17,2023-01-17T00:00:00.000Z,454.1,ANZCO Grazing,4,Complete,false,34,2,59,2026-04-08T21:19:24.212Z
301,54,2023-01-18T00:00:00.000Z,447.4,ANZCO Grazing,4,Complete,false,1,2,2,2026-04-08T21:19:24.213Z
303,63,2023-01-31T00:00:00.000Z,414.76,Finance Stock,4,Complete,false,7,2,23,2026-04-08T21:19:24.214Z
304,50,2023-01-18T00:00:00.000Z,503.6,Finance Stock,4,Complete,false,5,2,21,2026-04-08T21:19:24.214Z
305,50,2023-01-11T00:00:00.000Z,400,Finance Stock,4,Complete,false,23,5,49,2026-04-08T21:19:24.216Z
306,385,2023-01-20T00:00:00.000Z,29.38,Grazing Stock,4,Complete,false,52,1,83,2026-04-08T21:19:24.216Z
307,419,2023-01-20T00:00:00.000Z,30.12,Grazing Stock,4,Complete,false,52,1,83,2026-04-08T21:19:24.217Z
308,404,2023-01-20T00:00:00.000Z,33,Grazing Stock,4,Complete,false,89,1,97,2026-04-08T21:19:24.218Z
309,283,2023-01-20T00:00:00.000Z,27.7,Grazing Stock,4,Complete,false,89,1,97,2026-04-08T21:19:24.219Z
310,831,2023-01-20T00:00:00.000Z,28.52,Grazing Stock,4,Complete,false,90,1,99,2026-04-08T21:19:24.220Z
311,696,2023-01-20T00:00:00.000Z,33,Grazing Stock,4,Complete,false,83,1,91,2026-04-08T21:19:24.221Z
312,50,2023-01-19T00:00:00.000Z,463.4,ANZCO Grazing,4,Complete,false,34,2,59,2026-04-08T21:19:24.222Z
314,84,2023-01-19T00:00:00.000Z,470.24,ANZCO Grazing,4,Complete,false,47,2,78,2026-04-08T21:19:24.223Z
315,26,2023-01-19T00:00:00.000Z,467.69,ANZCO Grazing,4,Complete,false,47,2,78,2026-04-08T21:19:24.223Z
317,50,2023-01-24T00:00:00.000Z,505.2,ANZCO Grazing,4,Complete,false,1,2,2,2026-04-08T21:19:24.224Z
318,25,2023-01-25T00:00:00.000Z,570.39,Short Term Trading,4,Complete,false,1,2,2,2026-04-08T21:19:24.225Z
319,50,2023-01-25T00:00:00.000Z,480.4,ANZCO Grazing,4,Complete,false,32,2,57,2026-04-08T21:19:24.226Z
320,55,2023-01-25T00:00:00.000Z,484.73,ANZCO Grazing,4,Complete,false,1,2,2,2026-04-08T21:19:24.227Z
321,297,2023-01-23T00:00:00.000Z,31.92,Grazing Stock,4,Complete,false,91,1,102,2026-04-08T21:19:24.229Z
322,730,2023-01-25T00:00:00.000Z,31.49,Farm Owned,4,Complete,false,3,1,10,2026-04-08T21:19:24.230Z
323,350,2023-01-13T00:00:00.000Z,32.38,Finance Stock,4,Complete,false,92,1,103,2026-04-08T21:19:24.231Z
324,476,2023-01-19T00:00:00.000Z,32,Finance Stock,4,Complete,false,93,1,107,2026-04-08T21:19:24.232Z
326,670,2023-01-27T00:00:00.000Z,30.18,Grazing Stock,4,Complete,false,94,1,108,2026-04-08T21:19:24.234Z
327,412,2023-01-27T00:00:00.000Z,30.33,Grazing Stock,4,Complete,false,95,1,109,2026-04-08T21:19:24.236Z
328,496,2023-01-25T00:00:00.000Z,28.45,Grazing Stock,4,Complete,false,90,1,99,2026-04-08T21:19:24.236Z
329,47,2023-01-27T00:00:00.000Z,499.36,ANZCO Grazing,4,Complete,false,1,2,2,2026-04-08T21:19:24.237Z
330,100,2023-01-26T00:00:00.000Z,484.8,ANZCO Grazing,4,Complete,false,46,2,75,2026-04-08T21:19:24.238Z
331,50,2023-01-26T00:00:00.000Z,476.8,ANZCO Grazing,4,Complete,false,39,2,62,2026-04-08T21:19:24.239Z
332,207,2023-01-30T00:00:00.000Z,30,Finance Stock,4,Complete,false,93,1,107,2026-04-08T21:19:24.239Z
333,780,2023-01-30T00:00:00.000Z,30.63,Farm Owned,4,Complete,false,3,1,10,2026-04-08T21:19:24.242Z
334,450,2023-01-30T00:00:00.000Z,31.02,Farm Owned,4,Complete,false,1,1,1,2026-04-08T21:19:24.243Z
335,520,2023-01-30T00:00:00.000Z,32.62,Farm Owned,4,Complete,false,3,1,10,2026-04-08T21:19:24.244Z
337,973,2023-01-30T00:00:00.000Z,34.81,Farm Owned,4,Complete,false,3,1,10,2026-04-08T21:19:24.244Z
340,53,2023-01-31T00:00:00.000Z,525.85,ANZCO Grazing,4,Complete,false,84,2,92,2026-04-08T21:19:24.245Z
341,778,2023-02-01T00:00:00.000Z,30.91,Finance Stock,4,Complete,false,23,1,48,2026-04-08T21:19:24.245Z
342,811,2023-01-27T00:00:00.000Z,32.05,Grazing Stock,4,Complete,false,89,1,97,2026-04-08T21:19:24.246Z
343,744,2023-02-01T00:00:00.000Z,31.04,Grazing Stock,4,Complete,false,96,1,111,2026-04-08T21:19:24.247Z
344,52,2023-01-31T00:00:00.000Z,513.85,ANZCO Grazing,4,Complete,false,45,2,73,2026-04-08T21:19:24.248Z
345,37,2023-02-01T00:00:00.000Z,439.11,ANZCO Grazing,4,Complete,false,45,2,73,2026-04-08T21:19:24.250Z
346,245,2023-02-01T00:00:00.000Z,28.29,Farm Owned,4,Complete,false,1,1,1,2026-04-08T21:19:24.251Z
350,43,2023-02-06T00:00:00.000Z,587.44,Short Term Trading,4,Complete,false,1,2,2,2026-04-08T21:19:24.251Z
351,52,2023-01-31T00:00:00.000Z,511.92,Finance Stock,4,Complete,false,17,2,38,2026-04-08T21:19:24.252Z
353,50,2023-02-03T00:00:00.000Z,463.2,ANZCO Grazing,4,Complete,false,45,2,73,2026-04-08T21:19:24.253Z
354,40,2023-02-02T00:00:00.000Z,471.75,ANZCO Grazing,4,Complete,false,84,2,92,2026-04-08T21:19:24.254Z
355,80,2023-02-07T00:00:00.000Z,42,Short Term Trading,4,Complete,false,3,1,10,2026-04-08T21:19:24.256Z
356,384,2023-02-07T00:00:00.000Z,38,Short Term Trading,4,Complete,false,3,1,10,2026-04-08T21:19:24.261Z
357,1424,2023-02-07T00:00:00.000Z,33,Farm Owned,4,Complete,false,1,1,1,2026-04-08T21:19:24.262Z
358,300,2023-02-08T00:00:00.000Z,36.8,Farm Owned,4,Complete,false,1,1,1,2026-04-08T21:19:24.263Z
359,791,2023-02-08T00:00:00.000Z,31.61,Farm Owned,4,Complete,false,1,1,1,2026-04-08T21:19:24.263Z
360,310,2023-02-01T00:00:00.000Z,30.61,Grazing Stock,4,Complete,false,90,1,99,2026-04-08T21:19:24.264Z
361,17,2023-02-09T00:00:00.000Z,580.59,Short Term Trading,4,Complete,false,2,2,6,2026-04-08T21:19:24.265Z
363,725,2023-02-06T00:00:00.000Z,31.41,Farm Owned,4,Complete,false,1,1,1,2026-04-08T21:19:24.265Z
364,754,2023-02-10T00:00:00.000Z,29.43,Farm Owned,4,Complete,false,3,1,10,2026-04-08T21:19:24.266Z
365,820,2023-02-10T00:00:00.000Z,31.13,Farm Owned,4,Complete,false,2,1,5,2026-04-08T21:19:24.267Z
367,40,2023-02-09T00:00:00.000Z,41,Short Term Trading,4,Complete,false,3,1,10,2026-04-08T21:19:24.268Z
368,51,2023-02-09T00:00:00.000Z,46,Short Term Trading,4,Complete,false,3,1,10,2026-04-08T21:19:24.269Z
369,23,2023-02-09T00:00:00.000Z,38,Short Term Trading,4,Complete,false,3,1,10,2026-04-08T21:19:24.270Z
370,356,2023-02-09T00:00:00.000Z,37.68,Short Term Trading,4,Complete,false,3,1,10,2026-04-08T21:19:24.271Z
371,679,2023-02-13T00:00:00.000Z,32.61,Farm Owned,4,Complete,false,3,1,10,2026-04-08T21:19:24.271Z
372,780,2023-02-13T00:00:00.000Z,31.95,Farm Owned,4,Complete,false,2,1,5,2026-04-08T21:19:24.272Z
373,96,2023-02-13T00:00:00.000Z,463.54,Grazing Stock,4,Complete,false,100,2,112,2026-04-08T21:19:24.273Z
374,780,2023-02-02T00:00:00.000Z,29,Finance Stock,4,Complete,false,102,1,113,2026-04-08T21:19:24.275Z
375,517,2023-02-10T00:00:00.000Z,31.2,Grazing Stock,4,Complete,false,5,1,20,2026-04-08T21:19:24.275Z
376,627,2023-02-14T00:00:00.000Z,28.88,Farm Owned,4,Complete,false,2,1,5,2026-04-08T21:19:24.276Z
377,402,2023-02-15T00:00:00.000Z,31.34,Finance Stock,4,Complete,false,41,1,66,2026-04-08T21:19:24.277Z
378,793,2023-02-15T00:00:00.000Z,31.24,Farm Owned,4,Complete,false,2,1,5,2026-04-08T21:19:24.278Z
379,2,2023-02-03T00:00:00.000Z,465,Finance Stock,4,Complete,false,18,2,40,2026-04-08T21:19:24.278Z
380,29,2023-02-16T00:00:00.000Z,569.66,Short Term Trading,4,Complete,false,3,2,11,2026-04-08T21:19:24.279Z
381,36,2023-02-16T00:00:00.000Z,563.61,Short Term Trading,4,Complete,false,3,2,11,2026-04-08T21:19:24.280Z
382,440,2023-02-14T00:00:00.000Z,30.3,Finance Stock,4,Complete,false,41,1,66,2026-04-08T21:19:24.281Z
385,53,2023-02-21T00:00:00.000Z,452.45,Grazing Stock,4,Complete,false,100,2,112,2026-04-08T21:19:24.282Z
387,46,2023-02-21T00:00:00.000Z,465.3,Grazing Stock,4,Complete,false,100,2,112,2026-04-08T21:19:24.282Z
388,53,2023-02-02T00:00:00.000Z,435,Finance Stock,4,Complete,false,17,2,38,2026-04-08T21:19:24.283Z
389,50,2023-01-31T00:00:00.000Z,482.8,Finance Stock,4,Complete,false,8,2,24,2026-04-08T21:19:24.284Z
390,56,2023-02-01T00:00:00.000Z,480.71,Finance Stock,4,Complete,false,8,2,24,2026-04-08T21:19:24.285Z
391,813,2023-02-22T00:00:00.000Z,33,Farm Owned,4,Complete,false,1,1,1,2026-04-08T21:19:24.286Z
393,48,2023-02-23T00:00:00.000Z,473,Grazing Stock,4,Complete,false,100,2,112,2026-04-08T21:19:24.287Z
395,829,2023-02-24T00:00:00.000Z,30.94,Farm Owned,4,Complete,false,1,1,1,2026-04-08T21:19:24.288Z
397,8,2023-02-28T00:00:00.000Z,564,Short Term Trading,4,Complete,false,2,2,6,2026-04-08T21:19:24.289Z
398,27,2023-02-28T00:00:00.000Z,549.37,Short Term Trading,4,Complete,false,2,2,6,2026-04-08T21:19:24.290Z
399,32,2023-02-28T00:00:00.000Z,487.5,ANZCO Grazing,4,Complete,false,3,2,11,2026-04-08T21:19:24.290Z
400,28,2023-02-28T00:00:00.000Z,470.71,ANZCO Grazing,4,Complete,false,3,2,11,2026-04-08T21:19:24.292Z
401,796,2023-02-28T00:00:00.000Z,33.27,Farm Owned,4,Complete,false,2,1,5,2026-04-08T21:19:24.293Z
402,557,2023-02-27T00:00:00.000Z,31.81,Farm Owned,4,Complete,false,1,1,1,2026-04-08T21:19:24.294Z
403,455,2023-02-27T00:00:00.000Z,34.51,Farm Owned,4,Complete,false,1,1,1,2026-04-08T21:19:24.294Z
404,300,2023-02-27T00:00:00.000Z,31.87,Farm Owned,4,Complete,false,2,1,5,2026-04-08T21:19:24.295Z
405,313,2023-02-27T00:00:00.000Z,30.16,Farm Owned,4,Complete,false,1,1,1,2026-04-08T21:19:24.296Z
407,284,2023-02-16T00:00:00.000Z,34.64,Grazing Stock,4,Complete,false,5,1,20,2026-04-08T21:19:24.297Z
408,603,2023-03-01T00:00:00.000Z,34.53,Farm Owned,4,Complete,false,2,1,5,2026-04-08T21:19:24.299Z
409,150,2023-03-02T00:00:00.000Z,32.67,Farm Owned,4,Complete,false,3,1,10,2026-04-08T21:19:24.300Z
410,578,2023-03-02T00:00:00.000Z,32.35,Farm Owned,4,Complete,false,3,1,10,2026-04-08T21:19:24.300Z
412,2209,2023-02-22T00:00:00.000Z,30.17,Grazing Stock,4,Complete,false,103,1,115,2026-04-08T21:19:24.302Z
413,39,2023-03-03T00:00:00.000Z,504.87,Grazing Stock,4,Complete,false,104,2,116,2026-04-08T21:19:24.303Z
414,37,2023-03-03T00:00:00.000Z,504.32,Grazing Stock,4,Complete,false,104,2,116,2026-04-08T21:19:24.304Z
415,663,2023-03-03T00:00:00.000Z,33.47,Finance Stock,4,Complete,false,23,1,48,2026-04-08T21:19:24.304Z
416,428,2023-03-06T00:00:00.000Z,29,Farm Owned,4,Complete,false,2,1,5,2026-04-08T21:19:24.305Z
418,182,2023-03-07T00:00:00.000Z,44,Grazing Stock,4,Complete,false,5,1,20,2026-04-08T21:19:24.306Z
419,372,2023-03-07T00:00:00.000Z,32.82,Farm Owned,4,Complete,false,3,1,10,2026-04-08T21:19:24.306Z
420,402,2023-03-07T00:00:00.000Z,33.58,Farm Owned,4,Complete,false,3,1,10,2026-04-08T21:19:24.307Z
421,315,2023-03-01T00:00:00.000Z,32.6,Grazing Stock,4,Complete,false,5,1,20,2026-04-08T21:19:24.308Z
422,485,2023-03-01T00:00:00.000Z,31.36,Grazing Stock,4,Complete,false,5,1,20,2026-04-08T21:19:24.309Z
425,775,2023-03-10T00:00:00.000Z,31.02,Farm Owned,4,Complete,false,3,1,10,2026-04-08T21:19:24.310Z
426,775,2023-03-10T00:00:00.000Z,31.69,Finance Stock,4,Complete,false,4,1,16,2026-04-08T21:19:24.310Z
427,50,2023-03-09T00:00:00.000Z,34.2,Farm Owned,4,Complete,false,2,1,5,2026-04-08T21:19:24.311Z
428,464,2023-03-09T00:00:00.000Z,32.24,Farm Owned,4,Complete,false,2,1,5,2026-04-08T21:19:24.312Z
429,262,2023-03-09T00:00:00.000Z,29.62,Farm Owned,4,Complete,false,2,1,5,2026-04-08T21:19:24.313Z
430,379,2023-03-13T00:00:00.000Z,37.7,Farm Owned,4,Complete,false,3,1,10,2026-04-08T21:19:24.315Z
431,104,2023-03-13T00:00:00.000Z,37.12,Farm Owned,4,Complete,false,3,1,10,2026-04-08T21:19:24.317Z
432,121,2023-03-13T00:00:00.000Z,34.79,Farm Owned,4,Complete,false,3,1,10,2026-04-08T21:19:24.318Z
433,98,2023-03-13T00:00:00.000Z,40.11,Farm Owned,4,Complete,false,3,1,10,2026-04-08T21:19:24.319Z
436,812,2023-03-14T00:00:00.000Z,32.66,Farm Owned,4,Complete,false,3,1,10,2026-04-08T21:19:24.319Z
437,706,2023-03-15T00:00:00.000Z,35.45,Farm Owned,4,Complete,false,3,1,10,2026-04-08T21:19:24.320Z
439,273,2023-03-15T00:00:00.000Z,37.5,Farm Owned,4,Complete,false,2,1,5,2026-04-08T21:19:24.321Z
440,450,2023-03-15T00:00:00.000Z,33.9,Farm Owned,4,Complete,false,2,1,5,2026-04-08T21:19:24.322Z
441,288,2023-03-16T00:00:00.000Z,33,Finance Stock,4,Complete,false,4,1,16,2026-04-08T21:19:24.323Z
442,391,2023-03-16T00:00:00.000Z,33,Finance Stock,4,Complete,false,4,1,16,2026-04-08T21:19:24.324Z
443,640,2023-03-09T00:00:00.000Z,33,Finance Stock,4,Complete,false,41,1,66,2026-04-08T21:19:24.325Z
444,30,2023-03-16T00:00:00.000Z,645.33,Short Term Trading,4,Complete,false,32,2,57,2026-04-08T21:19:24.325Z
445,332,2023-03-17T00:00:00.000Z,36.11,Farm Owned,4,Complete,false,2,1,5,2026-04-08T21:19:24.326Z
446,352,2023-03-17T00:00:00.000Z,34.32,Farm Owned,4,Complete,false,2,1,5,2026-04-08T21:19:24.327Z
447,1480,2023-03-20T00:00:00.000Z,34.51,Farm Owned,4,Complete,false,1,1,1,2026-04-08T21:19:24.328Z
448,640,2023-03-23T00:00:00.000Z,37,Farm Owned,4,Complete,false,1,1,1,2026-04-08T21:19:24.328Z
449,894,2023-03-24T00:00:00.000Z,32.93,Farm Owned,4,Complete,false,2,1,5,2026-04-08T21:19:24.329Z
451,199,2023-03-24T00:00:00.000Z,36.58,Farm Owned,4,Complete,false,3,1,10,2026-04-08T21:19:24.330Z
452,314,2023-03-24T00:00:00.000Z,32.83,Farm Owned,4,Complete,false,1,1,1,2026-04-08T21:19:24.331Z
453,335,2023-03-24T00:00:00.000Z,33.97,Farm Owned,4,Complete,false,2,1,5,2026-04-08T21:19:24.331Z
454,268,2023-03-24T00:00:00.000Z,31.87,Farm Owned,4,Complete,false,2,1,5,2026-04-08T21:19:24.332Z
455,128,2023-03-24T00:00:00.000Z,35.16,Farm Owned,4,Complete,false,2,1,5,2026-04-08T21:19:24.332Z
456,312,2023-03-24T00:00:00.000Z,33.37,Farm Owned,4,Complete,false,2,1,5,2026-04-08T21:19:24.333Z
457,737,2023-03-24T00:00:00.000Z,35.9,Farm Owned,4,Complete,false,1,1,1,2026-04-08T21:19:24.334Z
458,207,2023-03-22T00:00:00.000Z,35,Finance Stock,4,Complete,false,93,1,107,2026-04-08T21:19:24.334Z
459,583,2023-03-28T00:00:00.000Z,34.19,Farm Owned,4,Complete,false,2,1,5,2026-04-08T21:19:24.335Z
460,124,2023-03-14T00:00:00.000Z,423,Finance Stock,4,Complete,false,5,2,21,2026-04-08T21:19:24.336Z
461,702,2023-03-22T00:00:00.000Z,37,Finance Stock,4,Complete,false,4,1,16,2026-04-08T21:19:24.336Z
462,178,2023-03-24T00:00:00.000Z,37,Farm Owned,4,Complete,false,2,1,5,2026-04-08T21:19:24.337Z
463,1505,2023-03-17T00:00:00.000Z,34.5,Grazing Stock,4,Complete,false,103,1,115,2026-04-08T21:19:24.338Z
464,14,2023-03-24T00:00:00.000Z,507.86,Grazing Stock,4,Complete,false,104,2,116,2026-04-08T21:19:24.339Z
465,50,2023-03-21T00:00:00.000Z,497.6,Finance Stock,4,Complete,false,21,2,46,2026-04-08T21:19:24.340Z
466,201,2023-03-17T00:00:00.000Z,40.54,Finance Stock,4,Complete,false,5,1,20,2026-04-08T21:19:24.341Z
467,712,2023-03-24T00:00:00.000Z,34.22,Grazing Stock,4,Complete,false,5,1,20,2026-04-08T21:19:24.342Z
468,775,2023-03-30T00:00:00.000Z,34.9,Farm Owned,4,Complete,false,3,1,10,2026-04-08T21:19:24.343Z
469,207,2023-03-29T00:00:00.000Z,37.63,Farm Owned,4,Complete,false,3,1,10,2026-04-08T21:19:24.343Z
470,412,2023-03-29T00:00:00.000Z,34.44,Farm Owned,4,Complete,false,3,1,10,2026-04-08T21:19:24.344Z
473,168,2023-03-31T00:00:00.000Z,33.04,Farm Owned,4,Complete,false,2,1,5,2026-04-08T21:19:24.345Z
474,196,2023-03-31T00:00:00.000Z,29.8,Farm Owned,4,Complete,false,2,1,5,2026-04-08T21:19:24.345Z
475,238,2023-03-31T00:00:00.000Z,30.17,Farm Owned,4,Complete,false,2,1,5,2026-04-08T21:19:24.346Z
476,2154,2023-03-30T00:00:00.000Z,33.54,Grazing Stock,4,Complete,false,5,1,20,2026-04-08T21:19:24.347Z
477,14,2023-03-31T00:00:00.000Z,487.14,Grazing Stock,4,Complete,false,104,2,116,2026-04-08T21:19:24.347Z
478,185,2023-03-22T00:00:00.000Z,31.24,Farm Owned,4,Complete,false,3,1,10,2026-04-08T21:19:24.348Z
479,548,2023-04-05T00:00:00.000Z,34.71,Finance Stock,4,Complete,false,4,1,16,2026-04-08T21:19:24.349Z
480,777,2023-04-05T00:00:00.000Z,32.79,Farm Owned,4,Complete,false,1,1,1,2026-04-08T21:19:24.350Z
481,820,2023-04-05T00:00:00.000Z,32.76,Farm Owned,4,Complete,false,2,1,5,2026-04-08T21:19:24.351Z
486,470,2023-04-06T00:00:00.000Z,32.91,Farm Owned,4,Complete,false,1,1,1,2026-04-08T21:19:24.352Z
487,274,2023-04-06T00:00:00.000Z,28.87,Grazing Stock,4,Complete,false,5,1,20,2026-04-08T21:19:24.352Z
488,51,2023-04-06T00:00:00.000Z,481.37,Grazing Stock,4,Complete,false,104,2,116,2026-04-08T21:19:24.353Z
490,45,2023-04-11T00:00:00.000Z,516.22,Finance Stock,4,Complete,false,8,7,26,2026-04-08T21:19:24.354Z
491,450,2023-04-11T00:00:00.000Z,37,Finance Stock,4,Complete,false,5,1,20,2026-04-08T21:19:24.356Z
492,560,2023-04-03T00:00:00.000Z,33,Grazing Stock,4,Complete,false,103,1,115,2026-04-08T21:19:24.357Z
493,197,2023-04-13T00:00:00.000Z,36.45,Farm Owned,4,Complete,false,3,1,10,2026-04-08T21:19:24.358Z
494,130,2023-04-13T00:00:00.000Z,40.62,Farm Owned,4,Complete,false,3,1,10,2026-04-08T21:19:24.359Z
495,202,2023-04-13T00:00:00.000Z,31.19,Farm Owned,4,Complete,false,1,1,1,2026-04-08T21:19:24.360Z
496,642,2023-04-11T00:00:00.000Z,33.5,Finance Stock,4,Complete,false,24,1,50,2026-04-08T21:19:24.361Z
497,84,2023-04-11T00:00:00.000Z,34,Finance Stock,4,Complete,false,24,1,50,2026-04-08T21:19:24.362Z
498,440,2023-04-13T00:00:00.000Z,38.95,Finance Stock,4,Complete,false,5,1,20,2026-04-08T21:19:24.363Z
499,223,2023-04-13T00:00:00.000Z,38.48,Finance Stock,4,Complete,false,5,1,20,2026-04-08T21:19:24.363Z
500,188,2023-04-06T00:00:00.000Z,31.97,Grazing Stock,4,Complete,false,5,1,20,2026-04-08T21:19:24.364Z
501,344,2023-04-04T00:00:00.000Z,34.71,Grazing Stock,4,Complete,false,5,1,20,2026-04-08T21:19:24.365Z
502,850,2023-04-14T00:00:00.000Z,33,Farm Owned,4,Complete,false,1,1,1,2026-04-08T21:19:24.366Z
503,649,2023-04-14T00:00:00.000Z,39.45,Grazing Stock,4,Complete,false,105,1,118,2026-04-08T21:19:24.367Z
504,45,2023-04-11T00:00:00.000Z,515.11,Finance Stock,4,Complete,false,8,7,26,2026-04-08T21:19:24.369Z
505,45,2023-04-12T00:00:00.000Z,448.71,Finance Stock,4,Complete,false,8,7,26,2026-04-08T21:19:24.370Z
506,45,2023-04-13T00:00:00.000Z,444,Finance Stock,4,Complete,false,8,7,26,2026-04-08T21:19:24.371Z
507,45,2023-04-13T00:00:00.000Z,539.11,Finance Stock,4,Complete,false,8,7,26,2026-04-08T21:19:24.372Z
508,40,2023-04-14T00:00:00.000Z,537,Finance Stock,4,Complete,false,19,7,44,2026-04-08T21:19:24.373Z
509,25,2023-04-04T00:00:00.000Z,541.6,Finance Stock,4,Complete,false,8,7,26,2026-04-08T21:19:24.375Z
511,384,2023-04-12T00:00:00.000Z,34.09,Grazing Stock,4,Complete,false,5,1,20,2026-04-08T21:19:24.377Z
512,900,2023-04-14T00:00:00.000Z,23.66,Grazing Stock,4,Complete,false,106,1,119,2026-04-08T21:19:24.378Z
513,386,2023-04-17T00:00:00.000Z,34.07,Farm Owned,4,Complete,false,1,1,1,2026-04-08T21:19:24.379Z
514,857,2023-04-17T00:00:00.000Z,31.88,Farm Owned,4,Complete,false,1,1,1,2026-04-08T21:19:24.380Z
515,806,2023-04-17T00:00:00.000Z,35.24,Farm Owned,4,Complete,false,3,1,10,2026-04-08T21:19:24.380Z
516,992,2023-04-05T00:00:00.000Z,31,Finance Stock,4,Complete,false,107,1,120,2026-04-08T21:19:24.381Z
517,601,2023-04-18T00:00:00.000Z,34.72,Farm Owned,4,Complete,false,1,1,1,2026-04-08T21:19:24.382Z
518,179,2023-04-18T00:00:00.000Z,34.72,Farm Owned,4,Complete,false,2,1,5,2026-04-08T21:19:24.383Z
519,1086,2023-04-18T00:00:00.000Z,32.67,Farm Owned,4,Complete,false,1,1,1,2026-04-08T21:19:24.384Z
520,470,2023-04-18T00:00:00.000Z,30.06,Farm Owned,4,Complete,false,1,1,1,2026-04-08T21:19:24.384Z
521,750,2023-04-18T00:00:00.000Z,32.72,Farm Owned,4,Complete,false,2,1,5,2026-04-08T21:19:24.385Z
523,262,2023-04-13T00:00:00.000Z,33.58,Grazing Stock,4,Complete,false,5,1,20,2026-04-08T21:19:24.386Z
524,51,2023-04-18T00:00:00.000Z,484.71,Farm Owned,4,Complete,false,1,2,2,2026-04-08T21:19:24.386Z
525,45,2023-04-19T00:00:00.000Z,481.28,Finance Stock,4,Complete,false,11,7,32,2026-04-08T21:19:24.387Z
526,425,2023-03-24T00:00:00.000Z,30.56,Finance Stock,4,Complete,false,23,1,48,2026-04-08T21:19:24.388Z
527,278,2023-04-18T00:00:00.000Z,32.63,Finance Stock,4,Complete,false,115,1,121,2026-04-08T21:19:24.389Z
528,46,2023-04-20T00:00:00.000Z,30.54,Finance Stock,4,Complete,false,24,1,50,2026-04-08T21:19:24.390Z
529,26,2023-04-19T00:00:00.000Z,498.92,Finance Stock,4,Complete,false,5,2,21,2026-04-08T21:19:24.391Z
530,422,2023-04-06T00:00:00.000Z,34,Finance Stock,4,Complete,false,5,1,20,2026-04-08T21:19:24.391Z
531,720,2023-04-18T00:00:00.000Z,37.45,Finance Stock,4,Complete,false,5,1,20,2026-04-08T21:19:24.392Z
536,10,2023-04-14T00:00:00.000Z,453,Finance Stock,4,Complete,false,8,7,26,2026-04-08T21:19:24.393Z
537,10,2023-04-18T00:00:00.000Z,543,Finance Stock,4,Complete,false,8,7,26,2026-04-08T21:19:24.394Z
538,19,2023-04-14T00:00:00.000Z,500,Finance Stock,4,Complete,false,19,7,44,2026-04-08T21:19:24.395Z
539,733,2023-04-24T00:00:00.000Z,33.48,Farm Owned,4,Complete,false,3,1,10,2026-04-08T21:19:24.395Z
540,43,2023-04-17T00:00:00.000Z,518.14,Finance Stock,4,Complete,false,18,2,40,2026-04-08T21:19:24.396Z
541,31,2023-04-04T00:00:00.000Z,541.29,Finance Stock,4,Complete,false,18,2,40,2026-04-08T21:19:24.397Z
542,117,2023-04-19T00:00:00.000Z,34.57,Finance Stock,4,Complete,false,5,1,20,2026-04-08T21:19:24.397Z
543,738,2023-04-26T00:00:00.000Z,32.7,Farm Owned,4,Complete,false,3,1,10,2026-04-08T21:19:24.398Z
544,67,2023-04-24T00:00:00.000Z,31.94,Farm Owned,4,Complete,false,3,1,10,2026-04-08T21:19:24.399Z
545,217,2023-04-24T00:00:00.000Z,34,Farm Owned,4,Complete,false,3,1,10,2026-04-08T21:19:24.399Z
546,420,2023-04-24T00:00:00.000Z,30.26,Farm Owned,4,Complete,false,3,1,10,2026-04-08T21:19:24.400Z
547,732,2023-04-27T00:00:00.000Z,33.96,Finance Stock,4,Complete,false,115,1,121,2026-04-08T21:19:24.400Z
548,13,2023-04-28T00:00:00.000Z,617.31,Finance Stock,4,Complete,false,4,7,18,2026-04-08T21:19:24.401Z
549,7,2023-04-28T00:00:00.000Z,513,Finance Stock,4,Complete,false,4,7,18,2026-04-08T21:19:24.402Z
550,16,2023-04-28T00:00:00.000Z,658.75,Finance Stock,4,Complete,false,4,7,18,2026-04-08T21:19:24.403Z
551,11,2023-04-28T00:00:00.000Z,523.64,Finance Stock,4,Complete,false,4,7,18,2026-04-08T21:19:24.404Z
552,52,2023-04-28T00:00:00.000Z,463.46,Farm Owned,4,Complete,false,1,2,2,2026-04-08T21:19:24.405Z
553,50,2023-04-26T00:00:00.000Z,471.5,Finance Stock,4,Complete,false,10,5,30,2026-04-08T21:19:24.406Z
555,51,2023-04-28T00:00:00.000Z,513.5,Finance Stock,4,Complete,false,10,5,30,2026-04-08T21:19:24.407Z
557,262,2023-05-01T00:00:00.000Z,34,Finance Stock,4,Complete,false,4,1,16,2026-04-08T21:19:24.408Z
558,210,2023-05-01T00:00:00.000Z,33.71,Finance Stock,4,Complete,false,4,1,16,2026-04-08T21:19:24.409Z
559,75,2023-05-01T00:00:00.000Z,32.13,Finance Stock,4,Complete,false,4,1,16,2026-04-08T21:19:24.409Z
560,120,2023-05-01T00:00:00.000Z,32.83,Finance Stock,4,Complete,false,4,1,16,2026-04-08T21:19:24.410Z
561,256,2023-04-05T00:00:00.000Z,38.5,Finance Stock,4,Complete,false,5,1,20,2026-04-08T21:19:24.411Z
562,229,2023-04-05T00:00:00.000Z,30.78,Grazing Stock,4,Complete,false,5,1,20,2026-04-08T21:19:24.412Z
563,558,2023-04-06T00:00:00.000Z,35.12,Finance Stock,4,Complete,false,5,1,20,2026-04-08T21:19:24.413Z
564,45,2023-04-22T00:00:00.000Z,506.88,Finance Stock,4,Complete,false,8,7,26,2026-04-08T21:19:24.414Z
565,17,2023-04-21T00:00:00.000Z,511.76,Finance Stock,4,Complete,false,19,7,44,2026-04-08T21:19:24.414Z
566,103,2023-04-15T00:00:00.000Z,495.53,Finance Stock,4,Complete,false,117,2,126,2026-04-08T21:19:24.415Z
567,45,2023-04-22T00:00:00.000Z,448,Finance Stock,4,Complete,false,8,7,26,2026-04-08T21:19:24.416Z
569,150,2023-05-01T00:00:00.000Z,33.46,Finance Stock,4,Complete,false,5,1,20,2026-04-08T21:19:24.417Z
570,110,2023-04-28T00:00:00.000Z,36.73,Finance Stock,4,Complete,false,20,1,45,2026-04-08T21:19:24.418Z
571,16,2023-05-03T00:00:00.000Z,375,Finance Stock,4,Complete,false,11,7,32,2026-04-08T21:19:24.418Z
572,17,2023-05-03T00:00:00.000Z,551.6,Finance Stock,4,Complete,false,11,7,32,2026-04-08T21:19:24.419Z
573,15,2023-05-03T00:00:00.000Z,493.08,Finance Stock,4,Complete,false,11,7,32,2026-04-08T21:19:24.420Z
576,42,2023-05-03T00:00:00.000Z,506.67,Farm Owned,4,Complete,false,1,2,2,2026-04-08T21:19:24.420Z
577,32,2023-05-04T00:00:00.000Z,492.33,Finance Stock,4,Complete,false,11,7,32,2026-04-08T21:19:24.422Z
578,20,2023-05-04T00:00:00.000Z,503.84,Finance Stock,4,Complete,false,11,7,32,2026-04-08T21:19:24.422Z
579,169,2023-05-02T00:00:00.000Z,47.67,Short Term Trading,4,Complete,false,2,1,5,2026-04-08T21:19:24.423Z
580,315,2023-05-02T00:00:00.000Z,43,Short Term Trading,4,Complete,false,2,1,5,2026-04-08T21:19:24.424Z
581,17,2023-04-28T00:00:00.000Z,503.52,Finance Stock,4,Complete,false,10,5,30,2026-04-08T21:19:24.424Z
584,13,2023-05-05T00:00:00.000Z,492.31,Farm Owned,4,Complete,false,1,2,2,2026-04-08T21:19:24.425Z
585,27,2023-05-05T00:00:00.000Z,490.37,Farm Owned,4,Complete,false,1,2,2,2026-04-08T21:19:24.426Z
586,42,2023-05-04T00:00:00.000Z,515.71,Farm Owned,4,Complete,false,1,2,2,2026-04-08T21:19:24.427Z
587,205,2023-05-03T00:00:00.000Z,32,Finance Stock,4,Complete,false,23,1,48,2026-04-08T21:19:24.428Z
588,324,2023-05-05T00:00:00.000Z,31.27,Farm Owned,4,Complete,false,2,1,5,2026-04-08T21:19:24.428Z
589,90,2023-05-03T00:00:00.000Z,481.07,Finance Stock,4,Complete,false,11,7,32,2026-04-08T21:19:24.429Z
590,42,2023-05-03T00:00:00.000Z,463.73,Finance Stock,4,Complete,false,11,7,32,2026-04-08T21:19:24.430Z
591,45,2023-05-05T00:00:00.000Z,430.73,Finance Stock,4,Complete,false,11,7,32,2026-04-08T21:19:24.430Z
592,48,2023-05-03T00:00:00.000Z,455.42,Finance Stock,4,Complete,false,4,7,18,2026-04-08T21:19:24.431Z
593,50,2023-05-04T00:00:00.000Z,577.2,Grazing Stock,4,Complete,false,116,2,122,2026-04-08T21:19:24.432Z
594,50,2023-05-04T00:00:00.000Z,549,Grazing Stock,4,Complete,false,116,2,122,2026-04-08T21:19:24.433Z
595,40,2023-04-21T00:00:00.000Z,501.5,Finance Stock,4,Complete,false,8,5,25,2026-04-08T21:19:24.434Z
596,12,2023-04-21T00:00:00.000Z,476.27,Finance Stock,4,Complete,false,8,5,25,2026-04-08T21:19:24.434Z
597,48,2023-04-30T00:00:00.000Z,518.57,Finance Stock,4,Complete,false,8,5,25,2026-04-08T21:19:24.435Z
598,110,2023-04-20T00:00:00.000Z,442.81,Finance Stock,4,Complete,false,10,5,30,2026-04-08T21:19:24.436Z
599,54,2023-04-20T00:00:00.000Z,441.8,Finance Stock,4,Complete,false,10,5,30,2026-04-08T21:19:24.437Z
600,894,2023-04-27T00:00:00.000Z,33.56,Grazing Stock,4,Complete,false,103,1,115,2026-04-08T21:19:24.437Z
601,38,2023-04-25T00:00:00.000Z,521.81,Finance Stock,4,Complete,false,10,7,31,2026-04-08T21:19:24.438Z
602,42,2023-04-21T00:00:00.000Z,524.49,Finance Stock,4,Complete,false,30,7,56,2026-04-08T21:19:24.439Z
603,19,2023-04-21T00:00:00.000Z,415.74,Finance Stock,4,Complete,false,30,7,56,2026-04-08T21:19:24.440Z
604,22,2023-05-04T00:00:00.000Z,446.93,Finance Stock,4,Complete,false,5,2,21,2026-04-08T21:19:24.440Z
605,84,2023-04-28T00:00:00.000Z,489.52,Finance Stock,4,Complete,false,118,7,127,2026-04-08T21:19:24.442Z
606,55,2023-05-05T00:00:00.000Z,459.82,Finance Stock,4,Complete,false,119,2,128,2026-04-08T21:19:24.443Z
607,6,2023-05-05T00:00:00.000Z,431.66,Finance Stock,4,Complete,false,118,7,127,2026-04-08T21:19:24.444Z
608,54,2023-05-05T00:00:00.000Z,452.41,Finance Stock,4,Complete,false,119,2,128,2026-04-08T21:19:24.446Z
610,163,2023-04-28T00:00:00.000Z,38.4,Finance Stock,4,Complete,false,20,1,45,2026-04-08T21:19:24.447Z
611,297,2023-05-10T00:00:00.000Z,34.01,Finance Stock,4,Complete,false,93,1,107,2026-04-08T21:19:24.448Z
613,21,2023-04-29T00:00:00.000Z,498.09,Finance Stock,4,Complete,false,30,7,56,2026-04-08T21:19:24.449Z
614,720,2023-05-10T00:00:00.000Z,37.39,Farm Owned,4,Complete,false,3,1,10,2026-04-08T21:19:24.450Z
616,57,2023-05-04T00:00:00.000Z,438,Finance Stock,4,Complete,false,8,5,25,2026-04-08T21:19:24.450Z
617,50,2023-05-04T00:00:00.000Z,460.97,Finance Stock,4,Complete,false,8,5,25,2026-04-08T21:19:24.451Z
618,68,2023-05-09T00:00:00.000Z,32.16,Finance Stock,4,Complete,false,24,1,50,2026-04-08T21:19:24.452Z
619,68,2023-05-09T00:00:00.000Z,32.21,Finance Stock,4,Complete,false,24,1,50,2026-04-08T21:19:24.452Z
620,50,2023-05-04T00:00:00.000Z,445.93,Finance Stock,4,Complete,false,8,5,25,2026-04-08T21:19:24.453Z
626,10,2023-05-05T00:00:00.000Z,574,Finance Stock,4,Complete,false,30,7,56,2026-04-08T21:19:24.454Z
627,49,2023-05-02T00:00:00.000Z,470,Finance Stock,4,Complete,false,119,2,128,2026-04-08T21:19:24.454Z
628,760,2023-05-11T00:00:00.000Z,35.86,Farm Owned,4,Complete,false,3,1,10,2026-04-08T21:19:24.455Z
630,19,2023-05-12T00:00:00.000Z,474.95,Finance Stock,4,Complete,false,11,7,32,2026-04-08T21:19:24.457Z
631,47,2023-05-12T00:00:00.000Z,515.6,Finance Stock,4,Complete,false,11,7,32,2026-04-08T21:19:24.459Z
632,60,2023-05-11T00:00:00.000Z,429.42,Finance Stock,4,Complete,false,120,5,130,2026-04-08T21:19:24.462Z
633,69,2023-05-11T00:00:00.000Z,425.04,Finance Stock,4,Complete,false,18,5,41,2026-04-08T21:19:24.469Z
634,30,2023-05-11T00:00:00.000Z,444.62,Finance Stock,4,Complete,false,18,5,41,2026-04-08T21:19:24.471Z
635,30,2023-05-11T00:00:00.000Z,444.62,Finance Stock,4,Complete,false,121,5,131,2026-04-08T21:19:24.472Z
636,41,2023-05-10T00:00:00.000Z,389.29,Finance Stock,4,Complete,false,119,2,128,2026-04-08T21:19:24.473Z
638,24,2023-05-10T00:00:00.000Z,447.28,Finance Stock,4,Complete,false,119,2,128,2026-04-08T21:19:24.474Z
639,50,2023-05-09T00:00:00.000Z,478.6,Farm Owned,4,Complete,false,1,2,2,2026-04-08T21:19:24.474Z
640,256,2023-05-15T00:00:00.000Z,32.63,Finance Stock,4,Complete,false,93,1,107,2026-04-08T21:19:24.475Z
641,9,2023-05-04T00:00:00.000Z,595,Finance Stock,4,Complete,false,30,7,56,2026-04-08T21:19:24.476Z
642,7,2023-05-15T00:00:00.000Z,577.14,Finance Stock,4,Complete,false,30,7,56,2026-04-08T21:19:24.477Z
644,42,2023-05-11T00:00:00.000Z,636.67,Finance Stock,4,Complete,false,19,7,44,2026-04-08T21:19:24.477Z
645,100,2023-05-16T00:00:00.000Z,34.9,Farm Owned,4,Complete,false,2,1,5,2026-04-08T21:19:24.478Z
646,667,2023-05-16T00:00:00.000Z,36.12,Farm Owned,4,Complete,false,2,1,5,2026-04-08T21:19:24.479Z
650,50,2023-05-11T00:00:00.000Z,464.36,Finance Stock,4,Complete,false,8,7,26,2026-04-08T21:19:24.480Z
652,45,2023-05-18T00:00:00.000Z,513.87,Finance Stock,4,Complete,false,10,7,31,2026-04-08T21:19:24.480Z
653,47,2023-05-16T00:00:00.000Z,449.6,Finance Stock,4,Complete,false,8,5,25,2026-04-08T21:19:24.481Z
654,18,2023-05-16T00:00:00.000Z,435.66,Finance Stock,4,Complete,false,8,5,25,2026-04-08T21:19:24.481Z
655,20,2023-05-16T00:00:00.000Z,454.71,Finance Stock,4,Complete,false,8,5,25,2026-04-08T21:19:24.482Z
656,26,2023-05-16T00:00:00.000Z,473.1,Finance Stock,4,Complete,false,8,5,25,2026-04-08T21:19:24.483Z
657,51,2023-05-16T00:00:00.000Z,470.94,Finance Stock,4,Complete,false,8,5,25,2026-04-08T21:19:24.484Z
658,27,2023-05-16T00:00:00.000Z,491.93,Finance Stock,4,Complete,false,8,5,25,2026-04-08T21:19:24.485Z
659,45,2023-05-16T00:00:00.000Z,490.2,Finance Stock,4,Complete,false,8,5,25,2026-04-08T21:19:24.486Z
660,50,2023-05-16T00:00:00.000Z,480.75,Finance Stock,4,Complete,false,8,5,25,2026-04-08T21:19:24.486Z
661,534,2023-05-17T00:00:00.000Z,42.79,ANZCO Grazing,4,Complete,false,3,1,10,2026-04-08T21:19:24.487Z
662,843,2023-05-17T00:00:00.000Z,42.35,ANZCO Grazing,4,Complete,false,3,1,10,2026-04-08T21:19:24.488Z
664,586,2023-05-17T00:00:00.000Z,40.67,ANZCO Grazing,4,Complete,false,3,1,10,2026-04-08T21:19:24.488Z
665,523,2023-05-08T00:00:00.000Z,35,Finance Stock,4,Complete,false,93,1,107,2026-04-08T21:19:24.489Z
666,47,2023-05-18T00:00:00.000Z,440,Finance Stock,4,Complete,false,11,7,32,2026-04-08T21:19:24.490Z
668,107,2023-05-19T00:00:00.000Z,515.3,Farm Owned,4,Complete,false,1,2,2,2026-04-08T21:19:24.491Z
669,107,2023-05-19T00:00:00.000Z,515.3,Farm Owned,4,Complete,false,1,2,2,2026-04-08T21:19:24.492Z
677,40,2023-05-22T00:00:00.000Z,453.5,Farm Owned,4,Complete,false,1,2,2,2026-04-08T21:19:24.492Z
678,34,2023-05-17T00:00:00.000Z,461.64,Finance Stock,4,Complete,false,8,5,25,2026-04-08T21:19:24.493Z
680,2092,2023-05-12T00:00:00.000Z,34,ANZCO Grazing,4,Complete,false,103,1,115,2026-04-08T21:19:24.494Z
681,106,2023-05-23T00:00:00.000Z,475.47,Finance Stock,4,Complete,false,17,2,38,2026-04-08T21:19:24.494Z
683,55,2023-05-23T00:00:00.000Z,503.64,Finance Stock,4,Complete,false,119,2,128,2026-04-08T21:19:24.495Z
684,48,2023-05-23T00:00:00.000Z,510.83,Finance Stock,4,Complete,false,119,2,128,2026-04-08T21:19:24.496Z
685,100,2023-05-12T00:00:00.000Z,461.74,Finance Stock,4,Complete,false,117,2,126,2026-04-08T21:19:24.497Z
686,58,2023-05-17T00:00:00.000Z,510,Finance Stock,4,Complete,false,119,2,128,2026-04-08T21:19:24.497Z
687,61,2023-05-17T00:00:00.000Z,472,Finance Stock,4,Complete,false,122,2,132,2026-04-08T21:19:24.498Z
688,51,2023-05-22T00:00:00.000Z,486.35,Finance Stock,4,Complete,false,119,2,128,2026-04-08T21:19:24.499Z
689,23,2023-05-23T00:00:00.000Z,447.22,Finance Stock,4,Complete,false,19,7,44,2026-04-08T21:19:24.500Z
690,49,2023-05-23T00:00:00.000Z,461.59,Finance Stock,4,Complete,false,8,7,26,2026-04-08T21:19:24.501Z
694,37,2023-05-13T00:00:00.000Z,502.43,ANZCO Grazing,4,Complete,false,124,2,134,2026-04-08T21:19:24.502Z
695,18,2023-05-15T00:00:00.000Z,456.33,ANZCO Grazing,4,Complete,false,124,2,134,2026-04-08T21:19:24.503Z
696,37,2023-05-15T00:00:00.000Z,535.95,ANZCO Grazing,4,Complete,false,124,2,134,2026-04-08T21:19:24.504Z
697,31,2023-05-16T00:00:00.000Z,453.87,ANZCO Grazing,4,Complete,false,124,2,134,2026-04-08T21:19:24.505Z
698,39,2023-05-16T00:00:00.000Z,515.38,ANZCO Grazing,4,Complete,false,124,2,134,2026-04-08T21:19:24.505Z
699,52,2023-05-16T00:00:00.000Z,499.23,ANZCO Grazing,4,Complete,false,124,2,134,2026-04-08T21:19:24.506Z
700,8,2023-05-16T00:00:00.000Z,453.75,ANZCO Grazing,4,Complete,false,124,2,134,2026-04-08T21:19:24.507Z
701,51,2023-05-17T00:00:00.000Z,517.25,ANZCO Grazing,4,Complete,false,125,2,135,2026-04-08T21:19:24.507Z
702,8,2023-05-17T00:00:00.000Z,391.25,ANZCO Grazing,4,Complete,false,124,2,134,2026-04-08T21:19:24.508Z
703,16,2023-05-17T00:00:00.000Z,420,ANZCO Grazing,4,Complete,false,124,2,134,2026-04-08T21:19:24.509Z
704,27,2023-05-17T00:00:00.000Z,466.67,ANZCO Grazing,4,Complete,false,124,2,134,2026-04-08T21:19:24.509Z
705,36,2023-05-18T00:00:00.000Z,503.33,ANZCO Grazing,4,Complete,false,124,2,134,2026-04-08T21:19:24.510Z
706,19,2023-05-18T00:00:00.000Z,458.95,ANZCO Grazing,4,Complete,false,124,2,134,2026-04-08T21:19:24.511Z
707,52,2023-05-18T00:00:00.000Z,492.69,ANZCO Grazing,4,Complete,false,125,2,135,2026-04-08T21:19:24.512Z
708,50,2023-05-18T00:00:00.000Z,488.4,ANZCO Grazing,4,Complete,false,125,2,135,2026-04-08T21:19:24.513Z
709,50,2023-05-18T00:00:00.000Z,499.2,ANZCO Grazing,4,Complete,false,124,2,134,2026-04-08T21:19:24.515Z
710,50,2023-05-18T00:00:00.000Z,534.8,ANZCO Grazing,4,Complete,false,125,2,135,2026-04-08T21:19:24.516Z
712,28,2023-05-22T00:00:00.000Z,514.96,Farm Owned,4,Complete,false,1,2,2,2026-04-08T21:19:24.516Z
713,38,2023-05-22T00:00:00.000Z,445,Farm Owned,4,Complete,false,1,2,2,2026-04-08T21:19:24.517Z
714,423,2023-05-19T00:00:00.000Z,38.18,Farm Owned,4,Complete,false,2,1,5,2026-04-08T21:19:24.518Z
715,26,2023-05-19T00:00:00.000Z,588.4,Finance Stock,4,Complete,false,30,7,56,2026-04-08T21:19:24.518Z
718,43,2023-05-17T00:00:00.000Z,475.81,Finance Stock,4,Complete,false,10,7,31,2026-04-08T21:19:24.519Z
721,100,2023-05-23T00:00:00.000Z,482,Finance Stock,4,Complete,false,10,7,31,2026-04-08T21:19:24.520Z
722,53,2023-05-29T00:00:00.000Z,458.87,ANZCO Grazing,4,Complete,false,125,2,135,2026-04-08T21:19:24.521Z
723,18,2023-05-24T00:00:00.000Z,532.67,Finance Stock,4,Complete,false,10,7,31,2026-04-08T21:19:24.522Z
724,27,2023-05-17T00:00:00.000Z,443.19,Finance Stock,4,Complete,false,8,5,25,2026-04-08T21:19:24.522Z
726,88,2023-05-22T00:00:00.000Z,520.91,Finance Stock,4,Complete,false,126,2,136,2026-04-08T21:19:24.523Z
727,77,2023-05-26T00:00:00.000Z,480,Finance Stock,4,Complete,false,104,7,117,2026-04-08T21:19:24.524Z
728,123,2023-05-26T00:00:00.000Z,475.28,Finance Stock,4,Complete,false,104,7,117,2026-04-08T21:19:24.525Z
729,570,2023-05-26T00:00:00.000Z,45.03,ANZCO Grazing,4,Complete,false,2,1,5,2026-04-08T21:19:24.526Z
730,256,2023-05-30T00:00:00.000Z,40,Finance Stock,4,Complete,false,4,1,16,2026-04-08T21:19:24.527Z
731,195,2023-05-25T00:00:00.000Z,35.79,Grazing Stock,4,Complete,false,106,1,119,2026-04-08T21:19:24.528Z
732,1106,2023-05-24T00:00:00.000Z,29.57,Grazing Stock,4,Complete,false,106,1,119,2026-04-08T21:19:24.528Z
733,246,2023-05-29T00:00:00.000Z,38,Finance Stock,4,Complete,false,93,1,107,2026-04-08T21:19:24.529Z
734,48,2023-05-26T00:00:00.000Z,458.45,Finance Stock,4,Complete,false,8,7,26,2026-04-08T21:19:24.530Z
736,15,2023-05-29T00:00:00.000Z,497.67,Finance Stock,4,Complete,false,8,7,26,2026-04-08T21:19:24.530Z
737,23,2023-05-26T00:00:00.000Z,462.64,Finance Stock,4,Complete,false,11,7,32,2026-04-08T21:19:24.531Z
738,15,2023-05-26T00:00:00.000Z,470,Finance Stock,4,Complete,false,11,7,32,2026-04-08T21:19:24.532Z
739,556,2023-01-10T00:00:00.000Z,30,Finance Stock,4,Complete,false,127,1,137,2026-04-08T21:19:24.533Z
742,73,2023-06-05T00:00:00.000Z,546.95,Finance Stock,4,Complete,false,12,7,33,2026-04-08T21:19:24.534Z
743,100,2023-06-03T00:00:00.000Z,508,ANZCO Grazing,4,Complete,false,125,2,135,2026-04-08T21:19:24.535Z
744,15,2023-06-06T00:00:00.000Z,392.27,Finance Stock,4,Complete,false,10,7,31,2026-04-08T21:19:24.536Z
745,45,2023-06-06T00:00:00.000Z,415.27,Finance Stock,4,Complete,false,10,7,31,2026-04-08T21:19:24.537Z
747,48,2023-05-30T00:00:00.000Z,552.71,Farm Owned,4,Complete,false,1,2,2,2026-04-08T21:19:24.538Z
750,1,2023-05-17T00:00:00.000Z,555,Finance Stock,4,Complete,false,8,5,25,2026-04-08T21:19:24.541Z
751,1,2023-05-17T00:00:00.000Z,495,Finance Stock,4,Complete,false,8,5,25,2026-04-08T21:19:24.543Z
752,1,2023-05-17T00:00:00.000Z,640,Finance Stock,4,Complete,false,8,5,25,2026-04-08T21:19:24.544Z
753,257,2023-05-04T00:00:00.000Z,31,Finance Stock,4,Complete,false,92,1,103,2026-04-08T21:19:24.545Z
754,1,2023-05-17T00:00:00.000Z,465,Finance Stock,4,Complete,false,8,5,25,2026-04-08T21:19:24.545Z
755,8,2023-05-17T00:00:00.000Z,571.25,Finance Stock,4,Complete,false,8,5,25,2026-04-08T21:19:24.546Z
756,1,2023-05-17T00:00:00.000Z,445,Finance Stock,4,Complete,false,8,5,25,2026-04-08T21:19:24.548Z
757,3,2023-05-17T00:00:00.000Z,473.33,Finance Stock,4,Complete,false,8,7,26,2026-04-08T21:19:24.549Z
758,3,2023-05-17T00:00:00.000Z,581.7,Finance Stock,4,Complete,false,8,7,26,2026-04-08T21:19:24.550Z
759,5,2023-05-17T00:00:00.000Z,625,Finance Stock,4,Complete,false,8,7,26,2026-04-08T21:19:24.551Z
760,291,2023-05-29T00:00:00.000Z,35,Finance Stock,4,Complete,false,46,1,74,2026-04-08T21:19:24.552Z
761,684,2023-04-11T00:00:00.000Z,31,Finance Stock,4,Complete,false,23,1,48,2026-04-08T21:19:24.553Z
763,100,2023-06-09T00:00:00.000Z,474,Grazing Stock,4,Complete,false,116,2,122,2026-04-08T21:19:24.554Z
764,123,2023-06-08T00:00:00.000Z,453,ANZCO Grazing,4,Complete,false,128,2,138,2026-04-08T21:19:24.560Z
765,32,2023-05-26T00:00:00.000Z,534.38,Finance Stock,4,Complete,false,8,7,26,2026-04-08T21:19:24.560Z
766,50,2023-05-31T00:00:00.000Z,469.2,Finance Stock,4,Complete,false,104,7,117,2026-04-08T21:19:24.562Z
767,136,2023-06-08T00:00:00.000Z,534.48,Finance Stock,4,Complete,false,90,7,101,2026-04-08T21:19:24.563Z
769,46,2023-06-08T00:00:00.000Z,406.95,Finance Stock,4,Complete,false,90,2,100,2026-04-08T21:19:24.564Z
772,39,2023-06-10T00:00:00.000Z,500.51,Finance Stock,4,Complete,false,18,2,40,2026-04-08T21:19:24.565Z
775,13,2023-06-15T00:00:00.000Z,706.15,Farm Owned,4,Complete,false,3,2,11,2026-04-08T21:19:24.566Z
778,59,2023-06-23T00:00:00.000Z,34.92,Farm Owned,4,Complete,false,2,1,5,2026-04-08T21:19:24.567Z
779,256,2023-06-10T00:00:00.000Z,35.11,Finance Stock,4,Complete,false,131,1,141,2026-04-08T21:19:24.568Z
780,214,2023-06-08T00:00:00.000Z,37.1,Finance Stock,4,Complete,false,131,1,141,2026-04-08T21:19:24.568Z
781,385,2023-06-01T00:00:00.000Z,35.81,Finance Stock,4,Complete,false,131,1,141,2026-04-08T21:19:24.569Z
782,324,2023-06-01T00:00:00.000Z,37,Finance Stock,4,Complete,false,131,1,141,2026-04-08T21:19:24.570Z
783,107,2023-05-26T00:00:00.000Z,32.87,Finance Stock,4,Complete,false,131,1,141,2026-04-08T21:19:24.572Z
784,107,2023-06-12T00:00:00.000Z,446.26,Finance Stock,4,Complete,false,132,7,143,2026-04-08T21:19:24.573Z
785,15,2023-05-18T00:00:00.000Z,560,Finance Stock,4,Complete,false,30,7,56,2026-04-08T21:19:24.575Z
787,59,2023-06-15T00:00:00.000Z,583.56,Finance Stock,4,Complete,false,133,2,145,2026-04-08T21:19:24.576Z
788,1127,2023-06-23T00:00:00.000Z,35.55,Grazing Stock,4,Complete,false,103,1,115,2026-04-08T21:19:24.577Z
790,105,2023-06-21T00:00:00.000Z,448.57,Finance Stock,4,Complete,false,117,2,126,2026-04-08T21:19:24.578Z
792,59,2023-06-21T00:00:00.000Z,451.86,Finance Stock,4,Complete,false,10,5,30,2026-04-08T21:19:24.579Z
793,129,2023-07-01T00:00:00.000Z,550,Finance Stock,4,Complete,false,46,2,75,2026-04-08T21:19:24.579Z
794,15,2023-07-06T00:00:00.000Z,550,Finance Stock,4,Complete,false,46,2,75,2026-04-08T21:19:24.580Z
795,42,2023-06-28T00:00:00.000Z,475.71,Finance Stock,4,Complete,false,92,2,104,2026-04-08T21:19:24.580Z
796,24,2023-07-26T00:00:00.000Z,645.83,Short Term Trading,4,Complete,false,3,2,11,2026-04-08T21:19:24.581Z
798,266,2023-06-16T00:00:00.000Z,461,ANZCO Grazing,4,Complete,false,129,2,139,2026-04-08T21:19:24.582Z
800,27,2023-08-09T00:00:00.000Z,300,ANZCO Grazing,4,Complete,false,41,2,67,2026-04-08T21:19:24.583Z
801,600,2023-08-15T00:00:00.000Z,43.98,Short Term Trading,4,Complete,false,1,1,1,2026-04-08T21:19:24.583Z
803,545,2023-09-04T00:00:00.000Z,44.95,Short Term Trading,4,Complete,false,2,1,5,2026-04-08T21:19:24.584Z
805,29,2023-09-07T00:00:00.000Z,587.59,Short Term Trading,4,Complete,false,3,2,11,2026-04-08T21:19:24.585Z
806,324,2023-09-11T00:00:00.000Z,41.91,Short Term Trading,4,Complete,false,130,1,140,2026-04-08T21:19:24.586Z
807,220,2023-09-11T00:00:00.000Z,50.05,Short Term Trading,4,Complete,false,130,1,140,2026-04-08T21:19:24.587Z
808,76,2023-09-18T00:00:00.000Z,368.57,ANZCO Grazing,4,Complete,false,3,2,11,2026-04-08T21:19:24.588Z
809,31,2023-09-18T00:00:00.000Z,261.94,ANZCO Grazing,4,Complete,false,3,2,11,2026-04-08T21:19:24.589Z
813,219,2023-09-18T00:00:00.000Z,45.89,Short Term Trading,4,Complete,false,130,1,140,2026-04-08T21:19:24.590Z
814,7,2023-09-13T00:00:00.000Z,608.57,Short Term Trading,4,Complete,false,3,2,11,2026-04-08T21:19:24.592Z
815,28,2023-09-19T00:00:00.000Z,305,ANZCO Grazing,4,Complete,false,3,2,11,2026-04-08T21:19:24.593Z
816,53,2023-09-14T00:00:00.000Z,505.83,Finance Stock,4,Complete,false,140,5,148,2026-04-08T21:19:24.594Z
817,72,2023-09-21T00:00:00.000Z,254.44,ANZCO Grazing,4,Complete,false,3,2,11,2026-04-08T21:19:24.595Z
818,50,2023-09-21T00:00:00.000Z,360,ANZCO Grazing,4,Complete,false,3,2,11,2026-04-08T21:19:24.596Z
819,43,2023-09-21T00:00:00.000Z,304.19,ANZCO Grazing,4,Complete,false,3,2,11,2026-04-08T21:19:24.598Z
821,5,2023-09-13T00:00:00.000Z,620,Short Term Trading,4,Complete,false,3,2,11,2026-04-08T21:19:24.600Z
822,448,2023-09-29T00:00:00.000Z,37,Finance Stock,4,Complete,false,141,1,149,2026-04-08T21:19:24.601Z
823,158,2023-09-26T00:00:00.000Z,291.39,ANZCO Grazing,4,Complete,false,3,2,11,2026-04-08T21:19:24.602Z
824,20,2023-09-27T00:00:00.000Z,370,ANZCO Grazing,4,Complete,false,3,2,11,2026-04-08T21:19:24.602Z
825,20,2023-09-27T00:00:00.000Z,390,ANZCO Grazing,4,Complete,false,3,2,11,2026-04-08T21:19:24.603Z
826,164,2023-09-29T00:00:00.000Z,294.39,ANZCO Grazing,4,Complete,false,3,2,11,2026-04-08T21:19:24.604Z
827,420,2023-08-18T00:00:00.000Z,1,Finance Stock,4,Complete,false,131,3,142,2026-04-08T21:19:24.605Z
832,50,2023-10-04T00:00:00.000Z,456,Farm Owned,4,Complete,false,1,2,2,2026-04-08T21:19:24.605Z
833,12,2023-10-05T00:00:00.000Z,603.33,Farm Owned,4,Complete,false,1,2,2,2026-04-08T21:19:24.606Z
835,800,2023-09-28T00:00:00.000Z,30,Finance Stock,4,Complete,false,19,1,42,2026-04-08T21:19:24.607Z
838,56,2023-10-05T00:00:00.000Z,296.1,ANZCO Grazing,4,Complete,false,1,2,2,2026-04-08T21:19:24.608Z
839,60,2023-10-06T00:00:00.000Z,372.33,ANZCO Grazing,4,Complete,false,3,2,11,2026-04-08T21:19:24.608Z
840,45,2023-10-03T00:00:00.000Z,588.44,Farm Owned,4,Complete,false,1,2,2,2026-04-08T21:19:24.609Z
845,146,2023-10-10T00:00:00.000Z,429.04,ANZCO Grazing,4,Complete,false,3,2,11,2026-04-08T21:19:24.611Z
846,16,2023-10-09T00:00:00.000Z,595,Finance Stock,4,Complete,false,119,2,128,2026-04-08T21:19:24.616Z
848,59,2023-10-12T00:00:00.000Z,308.47,ANZCO Grazing,4,Complete,false,39,2,62,2026-04-08T21:19:24.622Z
849,60,2023-10-12T00:00:00.000Z,312,ANZCO Grazing,4,Complete,false,39,2,62,2026-04-08T21:19:24.627Z
851,120,2023-10-13T00:00:00.000Z,411.17,ANZCO Grazing,4,Complete,false,3,2,11,2026-04-08T21:19:24.628Z
852,22,2023-10-13T00:00:00.000Z,350.36,ANZCO Grazing,4,Complete,false,1,2,2,2026-04-08T21:19:24.630Z
853,13,2023-10-12T00:00:00.000Z,289.23,ANZCO Grazing,4,Complete,false,1,2,2,2026-04-08T21:19:24.632Z
854,39,2023-10-12T00:00:00.000Z,296.41,ANZCO Grazing,4,Complete,false,1,2,2,2026-04-08T21:19:24.633Z
855,75,2023-10-13T00:00:00.000Z,327.73,ANZCO Grazing,4,Complete,false,2,2,6,2026-04-08T21:19:24.636Z
856,16,2023-10-12T00:00:00.000Z,418.56,Finance Stock,4,Complete,false,143,2,155,2026-04-08T21:19:24.640Z
857,740,2023-10-11T00:00:00.000Z,38.03,Finance Stock,4,Complete,false,4,1,16,2026-04-08T21:19:24.644Z
858,75,2023-10-14T00:00:00.000Z,334.13,ANZCO Grazing,4,Complete,false,2,2,6,2026-04-08T21:19:24.647Z
859,4,2023-10-12T00:00:00.000Z,350,Finance Stock,4,Complete,false,143,2,155,2026-04-08T21:19:24.650Z
860,8,2023-10-12T00:00:00.000Z,466,Finance Stock,4,Complete,false,143,2,155,2026-04-08T21:19:24.652Z
861,39,2023-10-17T00:00:00.000Z,535,Finance Stock,4,Complete,false,142,2,151,2026-04-08T21:19:24.654Z
862,102,2023-10-17T00:00:00.000Z,288.81,ANZCO Grazing,4,Complete,false,1,2,2,2026-04-08T21:19:24.656Z
863,27,2023-10-13T00:00:00.000Z,300,ANZCO Grazing,4,Complete,false,3,2,11,2026-04-08T21:19:24.658Z
865,30,2023-10-20T00:00:00.000Z,267.33,ANZCO Grazing,4,Complete,false,1,2,2,2026-04-08T21:19:24.660Z
867,10,2023-10-17T00:00:00.000Z,500,Farm Owned,4,Complete,false,3,5,12,2026-04-08T21:19:24.663Z
868,81,2023-10-26T00:00:00.000Z,302.72,ANZCO Grazing,4,Complete,false,1,2,2,2026-04-08T21:19:24.671Z
869,27,2023-10-25T00:00:00.000Z,567.78,Farm Owned,4,Complete,false,1,2,2,2026-04-08T21:19:24.673Z
870,25,2023-10-25T00:00:00.000Z,539,Farm Owned,4,Complete,false,1,2,2,2026-04-08T21:19:24.675Z
871,166,2023-10-25T00:00:00.000Z,433.25,ANZCO Grazing,4,Complete,false,3,2,11,2026-04-08T21:19:24.676Z
872,66,2023-10-26T00:00:00.000Z,363.3,ANZCO Grazing,4,Complete,false,1,2,2,2026-04-08T21:19:24.678Z
873,37,2023-10-26T00:00:00.000Z,419.4,ANZCO Grazing,4,Complete,false,2,2,6,2026-04-08T21:19:24.679Z
874,101,2023-10-31T00:00:00.000Z,346.13,ANZCO Grazing,4,Complete,false,39,2,62,2026-04-08T21:19:24.680Z
875,43,2023-10-27T00:00:00.000Z,560.93,Farm Owned,4,Complete,false,1,2,2,2026-04-08T21:19:24.680Z
877,8,2023-10-20T00:00:00.000Z,450,Finance Stock,4,Complete,false,168,5,175,2026-04-08T21:19:24.682Z
878,25,2023-10-17T00:00:00.000Z,450,Finance Stock,4,Complete,false,144,5,156,2026-04-08T21:19:24.683Z
879,25,2023-10-17T00:00:00.000Z,450,Finance Stock,4,Complete,false,144,5,156,2026-04-08T21:19:24.684Z
880,16,2023-10-18T00:00:00.000Z,450,Finance Stock,4,Complete,false,144,5,156,2026-04-08T21:19:24.686Z
881,40,2023-10-30T00:00:00.000Z,535.75,Farm Owned,4,Complete,false,1,2,2,2026-04-08T21:19:24.687Z
882,129,2023-10-17T00:00:00.000Z,344,Finance Stock,4,Complete,false,142,2,151,2026-04-08T21:19:24.688Z
883,22,2023-10-27T00:00:00.000Z,373.64,Finance Stock,4,Complete,false,142,2,151,2026-04-08T21:19:24.689Z
884,108,2023-11-01T00:00:00.000Z,529.07,Finance Stock,4,Complete,false,17,2,38,2026-04-08T21:19:24.690Z
885,10,2023-10-17T00:00:00.000Z,450,Finance Stock,4,Complete,false,151,5,162,2026-04-08T21:19:24.693Z
886,30,2023-10-27T00:00:00.000Z,490.5,Farm Owned,4,Complete,false,1,2,2,2026-04-08T21:19:24.695Z
888,109,2023-10-27T00:00:00.000Z,293.23,Finance Stock,4,Complete,false,145,2,157,2026-04-08T21:19:24.698Z
889,89,2023-10-27T00:00:00.000Z,271.35,Finance Stock,4,Complete,false,48,2,79,2026-04-08T21:19:24.700Z
890,29,2023-10-27T00:00:00.000Z,301.37,Finance Stock,4,Complete,false,41,2,67,2026-04-08T21:19:24.702Z
891,26,2023-11-02T00:00:00.000Z,316.15,ANZCO Grazing,4,Complete,false,2,2,6,2026-04-08T21:19:24.703Z
892,55,2023-11-02T00:00:00.000Z,352.73,ANZCO Grazing,4,Complete,false,2,2,6,2026-04-08T21:19:24.704Z
893,167,2023-10-25T00:00:00.000Z,445.03,ANZCO Grazing,4,Complete,false,3,2,11,2026-04-08T21:19:24.706Z
894,181,2023-10-26T00:00:00.000Z,401.19,ANZCO Grazing,4,Complete,false,3,2,11,2026-04-08T21:19:24.709Z
895,1800,2023-11-05T00:00:00.000Z,20,Finance Stock,4,Complete,false,44,1,72,2026-04-08T21:19:24.712Z
896,33,2023-11-06T00:00:00.000Z,550,Farm Owned,4,Complete,false,1,2,2,2026-04-08T21:19:24.714Z
897,10,2023-11-03T00:00:00.000Z,500,Finance Stock,4,Complete,false,119,5,129,2026-04-08T21:19:24.716Z
899,22,2023-11-09T00:00:00.000Z,417.27,ANZCO Grazing,4,Complete,false,3,2,11,2026-04-08T21:19:24.717Z
900,8,2023-11-03T00:00:00.000Z,332.5,Finance Stock,4,Complete,false,142,2,151,2026-04-08T21:19:24.718Z
901,35,2023-11-09T00:00:00.000Z,477,ANZCO Grazing,4,Complete,false,2,2,6,2026-04-08T21:19:24.719Z
902,22,2023-11-09T00:00:00.000Z,394,ANZCO Grazing,4,Complete,false,2,2,6,2026-04-08T21:19:24.720Z
903,10,2023-10-24T00:00:00.000Z,500,Finance Stock,4,Complete,false,119,5,129,2026-04-08T21:19:24.721Z
904,50,2023-11-07T00:00:00.000Z,516.6,Farm Owned,4,Complete,false,1,2,2,2026-04-08T21:19:24.722Z
905,40,2023-11-13T00:00:00.000Z,436.25,Finance Stock,4,Complete,false,41,2,67,2026-04-08T21:19:24.723Z
906,31,2023-11-13T00:00:00.000Z,467.74,Finance Stock,4,Complete,false,41,2,67,2026-04-08T21:19:24.723Z
907,66,2023-11-10T00:00:00.000Z,414,ANZCO Grazing,4,Complete,false,2,2,6,2026-04-08T21:19:24.724Z
908,58,2023-11-14T00:00:00.000Z,359.67,ANZCO Grazing,4,Complete,false,2,2,6,2026-04-08T21:19:24.725Z
910,1600,2023-11-09T00:00:00.000Z,25,Finance Stock,4,Complete,false,147,1,159,2026-04-08T21:19:24.726Z
911,127,2023-11-13T00:00:00.000Z,450,Finance Stock,4,Complete,false,17,2,38,2026-04-08T21:19:24.727Z
912,64,2023-10-25T00:00:00.000Z,312.64,Finance Stock,4,Complete,false,95,5,110,2026-04-08T21:19:24.728Z
913,45,2023-11-16T00:00:00.000Z,348.67,ANZCO Grazing,4,Complete,false,2,2,6,2026-04-08T21:19:24.729Z
914,22,2023-11-08T00:00:00.000Z,450,Finance Stock,4,Complete,false,144,5,156,2026-04-08T21:19:24.729Z
915,3,2023-11-08T00:00:00.000Z,450,Finance Stock,4,Complete,false,144,5,156,2026-04-08T21:19:24.730Z
916,50,2023-11-02T00:00:00.000Z,450,Finance Stock,4,Complete,false,144,5,156,2026-04-08T21:19:24.731Z
918,52,2023-11-16T00:00:00.000Z,428.08,ANZCO Grazing,4,Complete,false,2,2,6,2026-04-08T21:19:24.732Z
919,77,2023-11-16T00:00:00.000Z,345.32,ANZCO Grazing,4,Complete,false,39,2,62,2026-04-08T21:19:24.732Z
920,6,2023-11-14T00:00:00.000Z,359.68,Farm Owned,4,Complete,false,2,2,6,2026-04-08T21:19:24.733Z
921,6,2023-11-17T00:00:00.000Z,435,Farm Owned,4,Complete,false,1,2,2,2026-04-08T21:19:24.735Z
922,8,2023-11-17T00:00:00.000Z,492.5,Farm Owned,4,Complete,false,1,2,2,2026-04-08T21:19:24.735Z
923,13,2023-11-17T00:00:00.000Z,487.69,Farm Owned,4,Complete,false,1,2,2,2026-04-08T21:19:24.736Z
924,42,2023-11-17T00:00:00.000Z,428.1,ANZCO Grazing,4,Complete,false,2,2,6,2026-04-08T21:19:24.737Z
925,23,2023-11-17T00:00:00.000Z,422.61,ANZCO Grazing,4,Complete,false,2,2,6,2026-04-08T21:19:24.738Z
926,10,2023-11-09T00:00:00.000Z,508.8,Finance Stock,4,Complete,false,143,2,155,2026-04-08T21:19:24.739Z
928,51,2023-11-20T00:00:00.000Z,505.49,Farm Owned,4,Complete,false,1,2,2,2026-04-08T21:19:24.739Z
932,41,2023-11-21T00:00:00.000Z,400,ANZCO Grazing,4,Complete,false,39,2,62,2026-04-08T21:19:24.740Z
933,63,2023-11-24T00:00:00.000Z,391.75,ANZCO Grazing,4,Complete,false,2,2,6,2026-04-08T21:19:24.741Z
934,65,2023-11-24T00:00:00.000Z,393.85,ANZCO Grazing,4,Complete,false,2,2,6,2026-04-08T21:19:24.741Z
935,53,2023-11-17T00:00:00.000Z,284.52,Finance Stock,4,Complete,false,148,2,160,2026-04-08T21:19:24.743Z
936,5,2023-11-23T00:00:00.000Z,500,Finance Stock,4,Complete,false,119,5,129,2026-04-08T21:19:24.743Z
937,55,2023-11-22T00:00:00.000Z,401.82,ANZCO Grazing,4,Complete,false,2,2,6,2026-04-08T21:19:24.744Z
938,66,2023-11-25T00:00:00.000Z,374.7,ANZCO Grazing,4,Complete,false,116,2,122,2026-04-08T21:19:24.745Z
939,41,2023-11-23T00:00:00.000Z,293.73,Finance Stock,4,Complete,false,142,2,151,2026-04-08T21:19:24.746Z
940,65,2023-11-29T00:00:00.000Z,329.54,ANZCO Grazing,4,Complete,false,1,2,2,2026-04-08T21:19:24.746Z
941,76,2023-11-29T00:00:00.000Z,295,ANZCO Grazing,4,Complete,false,39,2,62,2026-04-08T21:19:24.747Z
942,39,2023-11-27T00:00:00.000Z,398.4,ANZCO Grazing,4,Complete,false,1,2,2,2026-04-08T21:19:24.748Z
943,70,2023-11-22T00:00:00.000Z,378.2,ANZCO Grazing,4,Complete,false,2,2,6,2026-04-08T21:19:24.749Z
944,19,2023-11-29T00:00:00.000Z,625.26,Farm Owned,4,Complete,false,1,2,2,2026-04-08T21:19:24.751Z
945,16,2023-11-29T00:00:00.000Z,546.25,Farm Owned,4,Complete,false,1,2,2,2026-04-08T21:19:24.752Z
946,32,2023-11-29T00:00:00.000Z,609.38,Farm Owned,4,Complete,false,1,2,2,2026-04-08T21:19:24.752Z
947,23,2023-11-23T00:00:00.000Z,278.91,Finance Stock,4,Complete,false,148,2,160,2026-04-08T21:19:24.753Z
948,1600,2023-11-27T00:00:00.000Z,25,Finance Stock,4,Complete,false,150,1,161,2026-04-08T21:19:24.754Z
949,785,2023-12-04T00:00:00.000Z,30.32,Grazing Stock,4,Complete,false,20,1,45,2026-04-08T21:19:24.756Z
950,149,2023-11-07T00:00:00.000Z,500,Finance Stock,4,Complete,false,151,5,162,2026-04-08T21:19:24.757Z
951,68,2023-12-04T00:00:00.000Z,384.4,ANZCO Grazing,4,Complete,false,1,2,2,2026-04-08T21:19:24.758Z
952,59,2023-11-30T00:00:00.000Z,452.54,ANZCO Grazing,4,Complete,false,1,2,2,2026-04-08T21:19:24.759Z
953,17,2023-11-30T00:00:00.000Z,450.5,ANZCO Grazing,4,Complete,false,1,2,2,2026-04-08T21:19:24.760Z
954,829,2023-12-06T00:00:00.000Z,30.13,Grazing Stock,4,Complete,false,20,1,45,2026-04-08T21:19:24.761Z
955,637,2023-12-07T00:00:00.000Z,28.38,Grazing Stock,4,Complete,false,20,1,45,2026-04-08T21:19:24.761Z
956,42,2023-12-05T00:00:00.000Z,642.86,Farm Owned,4,Complete,false,1,2,2,2026-04-08T21:19:24.762Z
957,55,2023-12-05T00:00:00.000Z,464.9,ANZCO Grazing,4,Complete,false,1,2,2,2026-04-08T21:19:24.763Z
958,50,2023-12-05T00:00:00.000Z,484.8,ANZCO Grazing,4,Complete,false,1,2,2,2026-04-08T21:19:24.763Z
962,76,2023-12-07T00:00:00.000Z,502.6,ANZCO Grazing,4,Complete,false,1,2,2,2026-04-08T21:19:24.764Z
963,24,2023-12-07T00:00:00.000Z,485,ANZCO Grazing,4,Complete,false,1,2,2,2026-04-08T21:19:24.765Z
964,199,2023-12-08T00:00:00.000Z,490.95,ANZCO Grazing,4,Complete,false,3,2,11,2026-04-08T21:19:24.766Z
965,108,2023-11-27T00:00:00.000Z,31.79,Finance Stock,4,Complete,false,92,1,103,2026-04-08T21:19:24.767Z
966,1,2023-12-05T00:00:00.000Z,430.8,ANZCO Grazing,4,Complete,false,1,2,2,2026-04-08T21:19:24.767Z
967,26,2023-12-06T00:00:00.000Z,512.65,Farm Owned,4,Complete,false,1,2,2,2026-04-08T21:19:24.768Z
968,53,2023-12-08T00:00:00.000Z,380.57,ANZCO Grazing,4,Complete,false,1,2,2,2026-04-08T21:19:24.769Z
971,93,2023-12-11T00:00:00.000Z,396.96,Finance Stock,4,Complete,false,17,5,39,2026-04-08T21:19:24.770Z
972,48,2023-12-08T00:00:00.000Z,500.83,Finance Stock,4,Complete,false,17,2,38,2026-04-08T21:19:24.771Z
973,103,2023-12-06T00:00:00.000Z,361.16,Finance Stock,4,Complete,false,142,2,151,2026-04-08T21:19:24.773Z
974,3,2023-12-06T00:00:00.000Z,338,Finance Stock,4,Complete,false,142,2,151,2026-04-08T21:19:24.777Z
975,81,2023-12-06T00:00:00.000Z,427.83,ANZCO Grazing,4,Complete,false,1,2,2,2026-04-08T21:19:24.778Z
976,60,2023-11-30T00:00:00.000Z,450,Finance Stock,4,Complete,false,152,5,163,2026-04-08T21:19:24.781Z
977,25,2023-12-01T00:00:00.000Z,450,Finance Stock,4,Complete,false,152,5,163,2026-04-08T21:19:24.783Z
978,15,2023-11-29T00:00:00.000Z,450,Finance Stock,4,Complete,false,152,5,163,2026-04-08T21:19:24.784Z
979,120,2023-12-13T00:00:00.000Z,385.33,ANZCO Grazing,4,Complete,false,2,2,6,2026-04-08T21:19:24.784Z
980,60,2023-12-13T00:00:00.000Z,393.67,ANZCO Grazing,4,Complete,false,116,2,122,2026-04-08T21:19:24.785Z
981,55,2023-12-12T00:00:00.000Z,452.18,ANZCO Grazing,4,Complete,false,2,2,6,2026-04-08T21:19:24.786Z
982,32,2023-12-04T00:00:00.000Z,500,Finance Stock,4,Complete,false,41,2,67,2026-04-08T21:19:24.786Z
983,64,2023-12-14T00:00:00.000Z,388.44,ANZCO Grazing,4,Complete,false,2,2,6,2026-04-08T21:19:24.787Z
984,33,2023-12-14T00:00:00.000Z,391.52,ANZCO Grazing,4,Complete,false,2,2,6,2026-04-08T21:19:24.788Z
986,50,2023-12-14T00:00:00.000Z,356.4,ANZCO Grazing,4,Complete,false,116,2,122,2026-04-08T21:19:24.789Z
987,8,2023-11-29T00:00:00.000Z,500,Finance Stock,4,Complete,false,144,5,156,2026-04-08T21:19:24.790Z
988,12,2023-11-29T00:00:00.000Z,500,Finance Stock,4,Complete,false,144,5,156,2026-04-08T21:19:24.791Z
991,60,2023-12-15T00:00:00.000Z,423.33,ANZCO Grazing,4,Complete,false,1,2,2,2026-04-08T21:19:24.792Z
992,55,2023-12-17T00:00:00.000Z,436.36,ANZCO Grazing,4,Complete,false,1,2,2,2026-04-08T21:19:24.792Z
993,55,2023-12-18T00:00:00.000Z,437.8,ANZCO Grazing,4,Complete,false,1,2,2,2026-04-08T21:19:24.793Z
994,689,2023-12-15T00:00:00.000Z,28.15,Grazing Stock,4,Complete,false,20,1,45,2026-04-08T21:19:24.794Z
995,254,2023-12-15T00:00:00.000Z,30,Grazing Stock,4,Complete,false,20,1,45,2026-04-08T21:19:24.794Z
996,454,2023-12-18T00:00:00.000Z,35.17,Finance Stock,4,Complete,false,41,1,66,2026-04-08T21:19:24.795Z
997,696,2023-12-19T00:00:00.000Z,30.52,Finance Stock,4,Complete,false,4,1,16,2026-04-08T21:19:24.795Z
998,1011,2023-12-19T00:00:00.000Z,28.5,Grazing Stock,4,Complete,false,50,1,80,2026-04-08T21:19:24.796Z
999,31,2023-12-19T00:00:00.000Z,430,ANZCO Grazing,4,Complete,false,3,2,11,2026-04-08T21:19:24.797Z
1000,534,2023-12-20T00:00:00.000Z,30.26,Grazing Stock,4,Complete,false,50,1,80,2026-04-08T21:19:24.798Z
1001,604,2023-12-20T00:00:00.000Z,26.14,Grazing Stock,4,Complete,false,50,1,80,2026-04-08T21:19:24.800Z
1002,414,2023-12-20T00:00:00.000Z,28.02,Grazing Stock,4,Complete,false,50,1,80,2026-04-08T21:19:24.801Z
1006,29,2023-12-19T00:00:00.000Z,438.2,Finance Stock,4,Complete,false,17,5,39,2026-04-08T21:19:24.802Z
1007,4,2023-12-19T00:00:00.000Z,423,Finance Stock,4,Complete,false,17,5,39,2026-04-08T21:19:24.802Z
1008,37,2023-12-08T00:00:00.000Z,313.24,ANZCO Grazing,4,Complete,false,39,2,62,2026-04-08T21:19:24.803Z
1009,105,2023-12-15T00:00:00.000Z,412,Finance Stock,4,Complete,false,153,2,164,2026-04-08T21:19:24.804Z
1010,54,2023-12-19T00:00:00.000Z,403.33,ANZCO Grazing,4,Complete,false,2,2,6,2026-04-08T21:19:24.806Z
1011,59,2023-12-19T00:00:00.000Z,410.68,ANZCO Grazing,4,Complete,false,2,2,6,2026-04-08T21:19:24.807Z
1012,47,2023-12-21T00:00:00.000Z,315,Finance Stock,4,Complete,false,145,2,157,2026-04-08T21:19:24.808Z
1013,671,2024-01-04T00:00:00.000Z,34.62,Grazing Stock,4,Complete,false,87,1,95,2026-04-08T21:19:24.809Z
1014,702,2024-01-08T00:00:00.000Z,27.84,Grazing Stock,4,Complete,false,155,1,166,2026-04-08T21:19:24.810Z
1015,350,2024-01-08T00:00:00.000Z,30.54,Farm Owned,4,Complete,false,1,1,1,2026-04-08T21:19:24.811Z
1017,735,2024-01-08T00:00:00.000Z,31.42,Grazing Stock,4,Complete,false,156,1,167,2026-04-08T21:19:24.812Z
1018,750,2024-01-08T00:00:00.000Z,29.04,Grazing Stock,4,Complete,false,50,1,80,2026-04-08T21:19:24.813Z
1019,654,2024-01-09T00:00:00.000Z,29.85,Grazing Stock,4,Complete,false,162,1,168,2026-04-08T21:19:24.814Z
1020,650,2024-01-09T00:00:00.000Z,28.55,Grazing Stock,4,Complete,false,163,1,169,2026-04-08T21:19:24.815Z
1021,301,2024-01-09T00:00:00.000Z,29.9,Farm Owned,4,Complete,false,1,1,1,2026-04-08T21:19:24.816Z
1022,715,2024-01-10T00:00:00.000Z,31.72,Finance Stock,4,Complete,false,4,1,16,2026-04-08T21:19:24.816Z
1023,665,2024-01-08T00:00:00.000Z,28.7,Grazing Stock,4,Complete,false,164,1,170,2026-04-08T21:19:24.819Z
1024,805,2024-01-11T00:00:00.000Z,30.62,Grazing Stock,4,Complete,false,89,1,97,2026-04-08T21:19:24.820Z
1025,1600,2024-01-11T00:00:00.000Z,29.91,Farm Owned,4,Complete,false,1,1,1,2026-04-08T21:19:24.821Z
1026,739,2024-01-11T00:00:00.000Z,30.38,Grazing Stock,4,Complete,false,165,1,172,2026-04-08T21:19:24.822Z
1027,76,2024-01-05T00:00:00.000Z,342.37,Finance Stock,4,Complete,false,166,2,173,2026-04-08T21:19:24.823Z
1028,1375,2024-01-12T00:00:00.000Z,26.23,Grazing Stock,4,Complete,false,167,1,174,2026-04-08T21:19:24.824Z
1030,818,2024-01-14T00:00:00.000Z,31.8,Grazing Stock,4,Complete,false,90,1,99,2026-04-08T21:19:24.825Z
1031,908,2024-01-15T00:00:00.000Z,28.72,Grazing Stock,4,Complete,false,90,1,99,2026-04-08T21:19:24.826Z
1032,24,2023-12-23T00:00:00.000Z,439.58,ANZCO Grazing,4,Complete,false,1,2,2,2026-04-08T21:19:24.826Z
1033,14,2023-12-23T00:00:00.000Z,400,ANZCO Grazing,4,Complete,false,1,2,2,2026-04-08T21:19:24.827Z
1035,912,2024-01-17T00:00:00.000Z,29.91,Grazing Stock,4,Complete,false,156,1,167,2026-04-08T21:19:24.828Z
1039,597,2024-01-19T00:00:00.000Z,32.53,Grazing Stock,4,Complete,false,169,1,176,2026-04-08T21:19:24.830Z
1040,97,2024-01-12T00:00:00.000Z,430,Finance Stock,4,Complete,false,17,5,39,2026-04-08T21:19:24.831Z
1041,610,2024-01-17T00:00:00.000Z,25,Finance Stock,4,Complete,false,46,1,74,2026-04-08T21:19:24.831Z
1043,88,2024-01-19T00:00:00.000Z,417.27,ANZCO Grazing,4,Complete,false,1,2,2,2026-04-08T21:19:24.832Z
1044,594,2024-01-24T00:00:00.000Z,31.68,Grazing Stock,4,Complete,false,170,1,177,2026-04-08T21:19:24.833Z
1045,98,2024-01-19T00:00:00.000Z,28.88,Grazing Stock,4,Complete,false,169,1,176,2026-04-08T21:19:24.835Z
1047,543,2024-01-24T00:00:00.000Z,29.2,Grazing Stock,4,Complete,false,170,1,177,2026-04-08T21:19:24.835Z
1048,920,2024-01-17T00:00:00.000Z,28,Farm Owned,4,Complete,false,2,1,5,2026-04-08T21:19:24.836Z
1049,1209,2024-01-17T00:00:00.000Z,28,Farm Owned,4,Complete,false,2,1,5,2026-04-08T21:19:24.837Z
1050,340,2024-01-17T00:00:00.000Z,28,Farm Owned,4,Complete,false,2,1,5,2026-04-08T21:19:24.838Z
1051,50,2024-01-21T00:00:00.000Z,507.2,ANZCO Grazing,4,Complete,false,1,2,2,2026-04-08T21:19:24.839Z
1052,151,2024-01-21T00:00:00.000Z,440.2,ANZCO Grazing,4,Complete,false,1,2,2,2026-04-08T21:19:24.840Z
1053,851,2024-01-25T00:00:00.000Z,33.13,Grazing Stock,4,Complete,false,171,1,178,2026-04-08T21:19:24.841Z
1054,30,2024-01-25T00:00:00.000Z,465.33,ANZCO Grazing,4,Complete,false,42,2,68,2026-04-08T21:19:24.842Z
1055,53,2024-01-25T00:00:00.000Z,431.98,ANZCO Grazing,4,Complete,false,42,2,68,2026-04-08T21:19:24.843Z
1056,53,2024-01-25T00:00:00.000Z,432.43,ANZCO Grazing,4,Complete,false,42,2,68,2026-04-08T21:19:24.843Z
1057,32,2024-01-26T00:00:00.000Z,520.31,ANZCO Grazing,4,Complete,false,42,2,68,2026-04-08T21:19:24.844Z
1058,13,2024-01-26T00:00:00.000Z,450.77,ANZCO Grazing,4,Complete,false,42,2,68,2026-04-08T21:19:24.845Z
1059,615,2024-01-25T00:00:00.000Z,29.85,Finance Stock,4,Complete,false,172,1,179,2026-04-08T21:19:24.846Z
1060,652,2024-01-25T00:00:00.000Z,32.64,Finance Stock,4,Complete,false,41,1,66,2026-04-08T21:19:24.847Z
1061,1600,2023-10-27T00:00:00.000Z,20,Finance Stock,4,Complete,false,173,1,181,2026-04-08T21:19:24.848Z
1062,1540,2024-01-29T00:00:00.000Z,31.82,Grazing Stock,4,Complete,false,174,1,182,2026-04-08T21:19:24.850Z
1063,427,2024-01-24T00:00:00.000Z,29.9,Finance Stock,4,Complete,false,92,1,103,2026-04-08T21:19:24.851Z
1064,385,2024-01-25T00:00:00.000Z,27.22,Finance Stock,4,Complete,false,4,1,16,2026-04-08T21:19:24.852Z
1065,400,2024-01-31T00:00:00.000Z,33,Grazing Stock,4,Complete,false,165,1,172,2026-04-08T21:19:24.853Z
1066,133,2024-01-31T00:00:00.000Z,33,Grazing Stock,4,Complete,false,167,1,174,2026-04-08T21:19:24.854Z
1067,745,2024-01-31T00:00:00.000Z,33,Grazing Stock,4,Complete,false,167,1,174,2026-04-08T21:19:24.855Z
1068,760,2024-01-30T00:00:00.000Z,30.37,Grazing Stock,4,Complete,false,156,1,167,2026-04-08T21:19:24.857Z
1069,859,2024-02-02T00:00:00.000Z,28.71,Grazing Stock,4,Complete,false,96,1,111,2026-04-08T21:19:24.860Z
1070,20,2024-01-31T00:00:00.000Z,434.5,ANZCO Grazing,4,Complete,false,39,2,62,2026-04-08T21:19:24.866Z
1071,30,2024-01-31T00:00:00.000Z,495.33,ANZCO Grazing,4,Complete,false,39,2,62,2026-04-08T21:19:24.868Z
1072,27,2024-02-02T00:00:00.000Z,531.11,Farm Owned,4,Complete,false,1,2,2,2026-04-08T21:19:24.869Z
1073,655,2024-01-18T00:00:00.000Z,26.61,Finance Stock,4,Complete,false,85,1,93,2026-04-08T21:19:24.870Z
1074,1624,2024-02-01T00:00:00.000Z,30.89,Farm Owned,4,Complete,false,1,1,1,2026-04-08T21:19:24.870Z
1075,23,2024-02-02T00:00:00.000Z,504.35,ANZCO Grazing,4,Complete,false,42,2,68,2026-04-08T21:19:24.872Z
1079,280,2024-02-04T00:00:00.000Z,31.5,Finance Stock,4,Complete,false,172,1,179,2026-04-08T21:19:24.874Z
1081,29,2024-02-07T00:00:00.000Z,439.31,ANZCO Grazing,4,Complete,false,116,2,122,2026-04-08T21:19:24.876Z
1083,660,2024-01-25T00:00:00.000Z,29.74,Grazing Stock,4,Complete,false,96,1,111,2026-04-08T21:19:24.877Z
1085,3342,2024-02-08T00:00:00.000Z,32.69,Farm Owned,4,Complete,false,2,1,5,2026-04-08T21:19:24.878Z
1086,11,2024-01-05T00:00:00.000Z,414.5,ANZCO Grazing,4,Complete,false,3,2,11,2026-04-08T21:19:24.879Z
1087,46,2024-01-25T00:00:00.000Z,528.6,ANZCO Grazing,4,Complete,false,3,2,11,2026-04-08T21:19:24.880Z
1088,12,2024-01-25T00:00:00.000Z,466.6,ANZCO Grazing,4,Complete,false,3,2,11,2026-04-08T21:19:24.881Z
1091,31,2024-02-08T00:00:00.000Z,473,Finance Stock,4,Complete,false,17,5,39,2026-04-08T21:19:24.881Z
1093,31,2024-02-07T00:00:00.000Z,412.26,Finance Stock,4,Complete,false,17,5,39,2026-04-08T21:19:24.882Z
1094,112,2024-01-29T00:00:00.000Z,344.78,Finance Stock,4,Complete,false,148,2,160,2026-04-08T21:19:24.883Z
1095,26,2024-02-02T00:00:00.000Z,402.15,Finance Stock,4,Complete,false,30,2,55,2026-04-08T21:19:24.884Z
1096,649,2024-02-13T00:00:00.000Z,39.2,Grazing Stock,4,Complete,false,87,1,95,2026-04-08T21:19:24.885Z
1097,631,2024-02-14T00:00:00.000Z,36.05,Farm Owned,4,Complete,false,1,1,1,2026-04-08T21:19:24.886Z
1098,196,2024-02-08T00:00:00.000Z,35.71,Finance Stock,4,Complete,false,183,1,184,2026-04-08T21:19:24.887Z
1099,8,2024-02-07T00:00:00.000Z,365,Finance Stock,4,Complete,false,30,2,55,2026-04-08T21:19:24.888Z
1100,25,2024-02-25T00:00:00.000Z,400,Finance Stock,4,Complete,false,148,2,160,2026-04-08T21:19:24.889Z
1101,276,2024-02-09T00:00:00.000Z,21,Finance Stock,4,Complete,false,184,1,185,2026-04-08T21:19:24.890Z
1102,797,2024-02-07T00:00:00.000Z,32.67,Finance Stock,4,Complete,false,184,1,185,2026-04-08T21:19:24.893Z
1103,16,2024-02-14T00:00:00.000Z,411,ANZCO Grazing,4,Complete,false,116,2,122,2026-04-08T21:19:24.894Z
1104,2,2024-02-13T00:00:00.000Z,360,Finance Stock,4,Complete,false,30,2,55,2026-04-08T21:19:24.895Z
1105,594,2024-02-19T00:00:00.000Z,35.25,Farm Owned,4,Complete,false,3,1,10,2026-04-08T21:19:24.896Z
1106,208,2024-02-07T00:00:00.000Z,307.21,Finance Stock,4,Complete,false,193,2,186,2026-04-08T21:19:24.898Z
1108,20,2024-02-20T00:00:00.000Z,638,Short Term Trading,4,Complete,false,1,2,2,2026-04-08T21:19:24.898Z
1109,735,2024-02-22T00:00:00.000Z,33.5,Farm Owned,4,Complete,false,3,1,10,2026-04-08T21:19:24.899Z
1110,741,2024-02-22T00:00:00.000Z,36.01,Farm Owned,4,Complete,false,1,1,1,2026-04-08T21:19:24.900Z
1111,618,2024-02-22T00:00:00.000Z,32.55,Finance Stock,4,Complete,false,41,1,66,2026-04-08T21:19:24.901Z
1113,667,2024-02-23T00:00:00.000Z,31.69,Grazing Stock,4,Complete,false,194,1,187,2026-04-08T21:19:24.902Z
1114,815,2024-02-23T00:00:00.000Z,33.74,Grazing Stock,4,Complete,false,167,1,174,2026-04-08T21:19:24.902Z
1115,796,2024-02-23T00:00:00.000Z,34.18,Grazing Stock,4,Complete,false,195,1,190,2026-04-08T21:19:24.903Z
1117,619,2024-02-26T00:00:00.000Z,33,Farm Owned,4,Complete,false,3,1,10,2026-04-08T21:19:24.905Z
1118,944,2024-02-19T00:00:00.000Z,30.1,Finance Stock,4,Complete,false,183,1,184,2026-04-08T21:19:24.905Z
1119,1120,2024-02-26T00:00:00.000Z,33,Grazing Stock,4,Complete,false,196,1,191,2026-04-08T21:19:24.908Z
1120,102,2024-02-20T00:00:00.000Z,417.65,Finance Stock,4,Complete,false,193,2,186,2026-04-08T21:19:24.909Z
1121,1410,2024-01-31T00:00:00.000Z,26.08,Finance Stock,4,Complete,false,102,1,113,2026-04-08T21:19:24.911Z
1122,349,2024-02-21T00:00:00.000Z,27.5,Finance Stock,4,Complete,false,102,1,113,2026-04-08T21:19:24.912Z
1123,1502,2024-02-27T00:00:00.000Z,33.66,Grazing Stock,4,Complete,false,197,1,192,2026-04-08T21:19:24.913Z
1124,504,2024-02-22T00:00:00.000Z,41.71,Short Term Trading,4,Complete,false,1,1,1,2026-04-08T21:19:24.914Z
1125,59,2024-02-23T00:00:00.000Z,445.76,ANZCO Grazing,4,Complete,false,198,2,193,2026-04-08T21:19:24.915Z
1126,59,2024-02-23T00:00:00.000Z,453.55,ANZCO Grazing,4,Complete,false,198,2,193,2026-04-08T21:19:24.916Z
1127,59,2024-02-23T00:00:00.000Z,434.91,ANZCO Grazing,4,Complete,false,198,2,193,2026-04-08T21:19:24.917Z
1128,59,2024-02-23T00:00:00.000Z,438.3,ANZCO Grazing,4,Complete,false,198,2,193,2026-04-08T21:19:24.917Z
1129,20,2024-02-22T00:00:00.000Z,414.07,Finance Stock,4,Complete,false,30,2,55,2026-04-08T21:19:24.918Z
1130,22,2024-02-22T00:00:00.000Z,390.47,Finance Stock,4,Complete,false,30,2,55,2026-04-08T21:19:24.919Z
1131,15,2024-02-22T00:00:00.000Z,404.6,Finance Stock,4,Complete,false,30,2,55,2026-04-08T21:19:24.920Z
1132,7,2024-02-22T00:00:00.000Z,424.33,Finance Stock,4,Complete,false,30,2,55,2026-04-08T21:19:24.920Z
1133,2540,2024-02-13T00:00:00.000Z,50,Grazing Stock,4,Complete,false,103,1,115,2026-04-08T21:19:24.922Z
1134,100,2024-02-26T00:00:00.000Z,31.5,Farm Owned,4,Complete,false,3,1,10,2026-04-08T21:19:24.923Z
1135,625,2024-02-26T00:00:00.000Z,31.5,Farm Owned,4,Complete,false,3,1,10,2026-04-08T21:19:24.924Z
1136,801,2024-03-01T00:00:00.000Z,30.04,Farm Owned,4,Complete,false,3,1,10,2026-04-08T21:19:24.925Z
1137,558,2024-02-29T00:00:00.000Z,35.97,Farm Owned,4,Complete,false,3,1,10,2026-04-08T21:19:24.926Z
1138,180,2024-02-29T00:00:00.000Z,32.26,Farm Owned,4,Complete,false,3,1,10,2026-04-08T21:19:24.927Z
1139,454,2024-02-29T00:00:00.000Z,28.15,Farm Owned,4,Complete,false,3,1,10,2026-04-08T21:19:24.928Z
1140,49,2024-03-06T00:00:00.000Z,258,ANZCO Grazing,4,Complete,false,116,8,123,2026-04-08T21:19:24.929Z
1141,17,2024-03-06T00:00:00.000Z,281,ANZCO Grazing,4,Complete,false,116,8,123,2026-04-08T21:19:24.930Z
1142,84,2024-03-06T00:00:00.000Z,260,ANZCO Grazing,4,Complete,false,3,8,13,2026-04-08T21:19:24.932Z
1145,288,2024-03-03T00:00:00.000Z,30.07,Farm Owned,4,Complete,false,3,1,10,2026-04-08T21:19:24.932Z
1146,88,2024-03-03T00:00:00.000Z,31.14,Farm Owned,4,Complete,false,3,1,10,2026-04-08T21:19:24.933Z
1147,328,2024-03-03T00:00:00.000Z,32.32,Farm Owned,4,Complete,false,3,1,10,2026-04-08T21:19:24.934Z
1148,559,2024-02-27T00:00:00.000Z,33.37,Grazing Stock,4,Complete,false,103,1,115,2026-04-08T21:19:24.935Z
1149,58,2024-02-29T00:00:00.000Z,400.86,Finance Stock,4,Complete,false,142,2,151,2026-04-08T21:19:24.935Z
1150,18,2024-02-29T00:00:00.000Z,378.88,Finance Stock,4,Complete,false,142,2,151,2026-04-08T21:19:24.936Z
1151,60,2024-03-06T00:00:00.000Z,399,ANZCO Grazing,4,Complete,false,199,2,194,2026-04-08T21:19:24.937Z
1152,40,2024-03-06T00:00:00.000Z,349,ANZCO Grazing,4,Complete,false,199,2,194,2026-04-08T21:19:24.938Z
1153,13,2024-03-01T00:00:00.000Z,360,Finance Stock,4,Complete,false,30,2,55,2026-04-08T21:19:24.939Z
1154,10,2024-03-01T00:00:00.000Z,400,Finance Stock,4,Complete,false,30,2,55,2026-04-08T21:19:24.940Z
1155,8,2024-03-01T00:00:00.000Z,385,Finance Stock,4,Complete,false,30,2,55,2026-04-08T21:19:24.940Z
1156,7,2024-03-01T00:00:00.000Z,394.28,Finance Stock,4,Complete,false,30,2,55,2026-04-08T21:19:24.941Z
1157,16,2024-03-01T00:00:00.000Z,405,Finance Stock,4,Complete,false,30,2,55,2026-04-08T21:19:24.942Z
1160,752,2024-03-07T00:00:00.000Z,33.96,Finance Stock,4,Complete,false,23,1,48,2026-04-08T21:19:24.943Z
1163,1510,2024-03-07T00:00:00.000Z,30.99,Farm Owned,4,Complete,false,1,1,1,2026-04-08T21:19:24.943Z
1164,552,2024-03-08T00:00:00.000Z,36.63,Farm Owned,4,Complete,false,3,1,10,2026-04-08T21:19:24.944Z
1165,173,2024-03-08T00:00:00.000Z,36.64,Farm Owned,4,Complete,false,3,1,10,2026-04-08T21:19:24.945Z
1166,615,2024-03-08T00:00:00.000Z,32.49,Farm Owned,4,Complete,false,1,1,1,2026-04-08T21:19:24.945Z
1167,136,2024-03-08T00:00:00.000Z,36.76,Farm Owned,4,Complete,false,1,1,1,2026-04-08T21:19:24.946Z
1168,802,2024-03-08T00:00:00.000Z,33.82,Farm Owned,4,Complete,false,3,1,10,2026-04-08T21:19:24.947Z
1169,132,2024-03-06T00:00:00.000Z,34.77,Farm Owned,4,Complete,false,3,1,10,2026-04-08T21:19:24.948Z
1170,656,2024-03-06T00:00:00.000Z,32.62,Farm Owned,4,Complete,false,3,1,10,2026-04-08T21:19:24.949Z
1171,303,2024-03-07T00:00:00.000Z,30.89,Farm Owned,4,Complete,false,3,1,10,2026-04-08T21:19:24.950Z
1172,247,2024-03-07T00:00:00.000Z,31.78,Farm Owned,4,Complete,false,3,1,10,2026-04-08T21:19:24.950Z
1173,130,2024-03-07T00:00:00.000Z,32.5,Farm Owned,4,Complete,false,3,1,10,2026-04-08T21:19:24.951Z
1174,81,2024-03-07T00:00:00.000Z,30,Farm Owned,4,Complete,false,3,1,10,2026-04-08T21:19:24.952Z
1175,20,2024-03-09T00:00:00.000Z,508,Finance Stock,4,Complete,false,38,2,61,2026-04-08T21:19:24.953Z
1176,32,2024-03-08T00:00:00.000Z,417.5,ANZCO Grazing,4,Complete,false,198,2,193,2026-04-08T21:19:24.953Z
1177,60,2024-03-06T00:00:00.000Z,448.33,ANZCO Grazing,4,Complete,false,198,2,193,2026-04-08T21:19:24.954Z
1178,21,2024-03-08T00:00:00.000Z,420,ANZCO Grazing,4,Complete,false,198,2,193,2026-04-08T21:19:24.955Z
1179,41,2024-03-08T00:00:00.000Z,440.49,ANZCO Grazing,4,Complete,false,198,2,193,2026-04-08T21:19:24.955Z
1180,38,2024-03-08T00:00:00.000Z,401.58,ANZCO Grazing,4,Complete,false,43,2,71,2026-04-08T21:19:24.956Z
1181,18,2024-03-08T00:00:00.000Z,406.67,ANZCO Grazing,4,Complete,false,43,2,71,2026-04-08T21:19:24.957Z
1182,608,2024-03-12T00:00:00.000Z,46.67,Short Term Trading,4,Complete,false,1,1,1,2026-04-08T21:19:24.957Z
1183,645,2024-03-12T00:00:00.000Z,30.47,Farm Owned,4,Complete,false,1,1,1,2026-04-08T21:19:24.958Z
1184,47,2024-03-12T00:00:00.000Z,485.11,ANZCO Grazing,4,Complete,false,43,2,71,2026-04-08T21:19:24.959Z
1185,36,2024-03-08T00:00:00.000Z,422.5,ANZCO Grazing,4,Complete,false,199,2,194,2026-04-08T21:19:24.961Z
1186,89,2024-03-11T00:00:00.000Z,239.1,ANZCO Grazing,4,Complete,false,3,8,13,2026-04-08T21:19:24.961Z
1187,43,2024-03-13T00:00:00.000Z,510.7,Farm Owned,4,Complete,false,1,2,2,2026-04-08T21:19:24.962Z
1188,46,2024-03-13T00:00:00.000Z,491.74,Finance Stock,4,Complete,false,21,2,46,2026-04-08T21:19:24.963Z
1189,750,2024-03-14T00:00:00.000Z,28.8,Farm Owned,4,Complete,false,3,1,10,2026-04-08T21:19:24.964Z
1190,811,2024-03-13T00:00:00.000Z,36.25,Farm Owned,4,Complete,false,3,1,10,2026-04-08T21:19:24.964Z
1191,870,2024-03-14T00:00:00.000Z,30.3,Farm Owned,4,Complete,false,2,1,5,2026-04-08T21:19:24.965Z
1192,19,2024-03-12T00:00:00.000Z,542.1,Farm Owned,4,Complete,false,1,2,2,2026-04-08T21:19:24.966Z
1193,30,2024-03-12T00:00:00.000Z,396.67,ANZCO Grazing,4,Complete,false,2,2,6,2026-04-08T21:19:24.966Z
1194,55,2024-03-15T00:00:00.000Z,521.45,Farm Owned,4,Complete,false,1,2,2,2026-04-08T21:19:24.967Z
1195,46,2024-03-15T00:00:00.000Z,514.35,Farm Owned,4,Complete,false,1,2,2,2026-04-08T21:19:24.968Z
1196,55,2024-03-14T00:00:00.000Z,418.54,ANZCO Grazing,4,Complete,false,43,2,71,2026-04-08T21:19:24.969Z
1197,45,2024-03-14T00:00:00.000Z,426.66,ANZCO Grazing,4,Complete,false,43,2,71,2026-04-08T21:19:24.970Z
1198,272,2024-03-15T00:00:00.000Z,30.15,Farm Owned,4,Complete,false,2,1,5,2026-04-08T21:19:24.971Z
1200,759,2024-03-15T00:00:00.000Z,32.32,Farm Owned,4,Complete,false,2,1,5,2026-04-08T21:19:24.971Z
1201,1507,2024-03-14T00:00:00.000Z,32.5,Farm Owned,4,Complete,false,1,1,1,2026-04-08T21:19:24.972Z
1202,328,2024-03-15T00:00:00.000Z,32.41,Finance Stock,4,Complete,false,24,1,50,2026-04-08T21:19:24.973Z
1203,157,2024-03-15T00:00:00.000Z,33.76,Finance Stock,4,Complete,false,24,1,50,2026-04-08T21:19:24.974Z
1205,743,2024-03-14T00:00:00.000Z,33.8,Farm Owned,4,Complete,false,3,1,10,2026-04-08T21:19:24.975Z
1206,1418,2024-03-19T00:00:00.000Z,35.06,Farm Owned,4,Complete,false,3,1,10,2026-04-08T21:19:24.975Z
1207,41,2024-03-15T00:00:00.000Z,409,ANZCO Grazing,4,Complete,false,43,2,71,2026-04-08T21:19:24.976Z
1208,6,2024-03-15T00:00:00.000Z,370,ANZCO Grazing,4,Complete,false,43,2,71,2026-04-08T21:19:24.977Z
1209,75,2024-03-12T00:00:00.000Z,256,ANZCO Grazing,4,Complete,false,3,8,13,2026-04-08T21:19:24.977Z
1210,63,2024-03-19T00:00:00.000Z,412.53,ANZCO Grazing,4,Complete,false,2,2,6,2026-04-08T21:19:24.978Z
1211,67,2024-03-20T00:00:00.000Z,273.3,ANZCO Grazing,4,Complete,false,3,8,13,2026-04-08T21:19:24.979Z
1213,32,2024-03-18T00:00:00.000Z,450,ANZCO Grazing,4,Complete,false,2,2,6,2026-04-08T21:19:24.980Z
1214,31,2024-03-18T00:00:00.000Z,451,ANZCO Grazing,4,Complete,false,2,2,6,2026-04-08T21:19:24.980Z
1215,36,2024-03-18T00:00:00.000Z,422,ANZCO Grazing,4,Complete,false,2,2,6,2026-04-08T21:19:24.981Z
1216,41,2024-03-12T00:00:00.000Z,474.88,Farm Owned,4,Complete,false,1,2,2,2026-04-08T21:19:24.982Z
1217,2,2024-03-12T00:00:00.000Z,474.88,Farm Owned,4,Complete,false,1,2,2,2026-04-08T21:19:24.983Z
1218,15,2024-03-07T00:00:00.000Z,458.67,Finance Stock,4,Complete,false,38,2,61,2026-04-08T21:19:24.983Z
1219,1214,2024-03-14T00:00:00.000Z,29.43,Finance Stock,4,Complete,false,202,1,195,2026-04-08T21:19:24.985Z
1220,1398,2024-03-20T00:00:00.000Z,35.11,Farm Owned,4,Complete,false,2,1,5,2026-04-08T21:19:24.985Z
1221,76,2024-03-20T00:00:00.000Z,248,ANZCO Grazing,4,Complete,false,3,8,13,2026-04-08T21:19:24.986Z
1222,37,2024-03-07T00:00:00.000Z,452.3,Finance Stock,4,Complete,false,38,2,61,2026-04-08T21:19:24.987Z
1223,2,2024-03-07T00:00:00.000Z,452,Finance Stock,4,Complete,false,38,2,61,2026-04-08T21:19:24.988Z
1224,60,2024-03-20T00:00:00.000Z,461,ANZCO Grazing,4,Complete,false,2,2,6,2026-04-08T21:19:24.989Z
1225,50,2024-03-20T00:00:00.000Z,443.6,ANZCO Grazing,4,Complete,false,199,2,194,2026-04-08T21:19:24.989Z
1226,50,2024-03-20T00:00:00.000Z,504.2,ANZCO Grazing,4,Complete,false,199,2,194,2026-04-08T21:19:24.990Z
1227,62,2024-03-20T00:00:00.000Z,438.39,ANZCO Grazing,4,Complete,false,2,2,6,2026-04-08T21:19:24.991Z
1228,20,2024-03-20T00:00:00.000Z,422,ANZCO Grazing,4,Complete,false,203,2,198,2026-04-08T21:19:24.992Z
1229,20,2024-03-21T00:00:00.000Z,375.53,ANZCO Grazing,4,Complete,false,2,2,6,2026-04-08T21:19:24.993Z
1230,52,2024-03-21T00:00:00.000Z,237.88,ANZCO Grazing,4,Complete,false,1,8,3,2026-04-08T21:19:24.994Z
1231,79,2024-03-21T00:00:00.000Z,264.68,ANZCO Grazing,4,Complete,false,1,8,3,2026-04-08T21:19:24.994Z
1232,121,2024-03-22T00:00:00.000Z,253.9,ANZCO Grazing,4,Complete,false,116,8,123,2026-04-08T21:19:24.995Z
1234,316,2024-03-25T00:00:00.000Z,25,Finance Stock,4,Complete,false,93,1,107,2026-04-08T21:19:24.995Z
1235,425,2024-03-22T00:00:00.000Z,30.64,Finance Stock,4,Complete,false,4,1,16,2026-04-08T21:19:24.996Z
1236,359,2024-03-22T00:00:00.000Z,31.91,Finance Stock,4,Complete,false,4,1,16,2026-04-08T21:19:24.997Z
1237,29,2024-03-22T00:00:00.000Z,629.65,Finance Stock,4,Complete,false,118,7,127,2026-04-08T21:19:24.998Z
1238,58,2024-03-22T00:00:00.000Z,452.41,Finance Stock,4,Complete,false,142,2,151,2026-04-08T21:19:24.999Z
1239,73,2024-03-25T00:00:00.000Z,268.49,ANZCO Grazing,4,Complete,false,3,8,13,2026-04-08T21:19:25.000Z
1241,800,2024-03-27T00:00:00.000Z,27.28,Finance Stock,4,Complete,false,142,1,150,2026-04-08T21:19:25.001Z
1242,55,2024-03-14T00:00:00.000Z,316.65,Finance Stock,4,Complete,false,204,7,199,2026-04-08T21:19:25.002Z
1243,118,2024-03-27T00:00:00.000Z,225,ANZCO Grazing,4,Complete,false,3,8,13,2026-04-08T21:19:25.004Z
1244,34,2024-03-27T00:00:00.000Z,234.7,ANZCO Grazing,4,Complete,false,3,8,13,2026-04-08T21:19:25.004Z
1245,46,2024-03-24T00:00:00.000Z,437.39,ANZCO Grazing,4,Complete,false,3,2,11,2026-04-08T21:19:25.005Z
1246,54,2024-03-25T00:00:00.000Z,428.52,ANZCO Grazing,4,Complete,false,3,2,11,2026-04-08T21:19:25.006Z
1247,6,2024-03-25T00:00:00.000Z,458.33,ANZCO Grazing,4,Complete,false,3,2,11,2026-04-08T21:19:25.006Z
1248,23,2024-03-25T00:00:00.000Z,411.3,ANZCO Grazing,4,Complete,false,3,2,11,2026-04-08T21:19:25.007Z
1249,7,2024-03-25T00:00:00.000Z,491.43,ANZCO Grazing,4,Complete,false,3,2,11,2026-04-08T21:19:25.008Z
1250,20,2024-03-28T00:00:00.000Z,600,Short Term Trading,4,Complete,false,3,2,11,2026-04-08T21:19:25.008Z
1251,41,2024-03-28T00:00:00.000Z,600.49,Short Term Trading,4,Complete,false,1,2,2,2026-04-08T21:19:25.009Z
1252,362,2024-03-27T00:00:00.000Z,32,Finance Stock,4,Complete,false,93,1,107,2026-04-08T21:19:25.010Z
1253,52,2024-03-28T00:00:00.000Z,455.52,Farm Owned,4,Complete,false,1,2,2,2026-04-08T21:19:25.011Z
1254,60,2024-03-27T00:00:00.000Z,416,ANZCO Grazing,4,Complete,false,203,2,198,2026-04-08T21:19:25.012Z
1255,15,2024-03-27T00:00:00.000Z,402.6,ANZCO Grazing,4,Complete,false,203,2,198,2026-04-08T21:19:25.012Z
1256,26,2024-03-28T00:00:00.000Z,457.69,ANZCO Grazing,4,Complete,false,2,2,6,2026-04-08T21:19:25.013Z
1257,446,2024-03-28T00:00:00.000Z,241.53,ANZCO Grazing,4,Complete,false,1,8,3,2026-04-08T21:19:25.013Z
1258,78,2024-03-27T00:00:00.000Z,230.51,ANZCO Grazing,4,Complete,false,1,8,3,2026-04-08T21:19:25.014Z
1260,57,2024-03-27T00:00:00.000Z,457.54,ANZCO Grazing,4,Complete,false,203,2,198,2026-04-08T21:19:25.015Z
1261,35,2024-03-27T00:00:00.000Z,445.14,ANZCO Grazing,4,Complete,false,3,2,11,2026-04-08T21:19:25.016Z
1262,56,2024-04-02T00:00:00.000Z,411.43,ANZCO Grazing,4,Complete,false,2,2,6,2026-04-08T21:19:25.016Z
1263,81,2024-04-02T00:00:00.000Z,463.2,ANZCO Grazing,4,Complete,false,203,2,198,2026-04-08T21:19:25.017Z
1265,44,2024-03-28T00:00:00.000Z,378.41,ANZCO Grazing,4,Complete,false,3,2,11,2026-04-08T21:19:25.018Z
1266,27,2024-03-28T00:00:00.000Z,437.41,ANZCO Grazing,4,Complete,false,3,2,11,2026-04-08T21:19:25.018Z
1268,113,2024-04-03T00:00:00.000Z,255.13,ANZCO Grazing,4,Complete,false,1,8,3,2026-04-08T21:19:25.019Z
1269,24,2024-04-03T00:00:00.000Z,381.66,ANZCO Grazing,4,Complete,false,2,2,6,2026-04-08T21:19:25.020Z
1271,75,2024-04-03T00:00:00.000Z,255,ANZCO Grazing,4,Complete,false,39,8,63,2026-04-08T21:19:25.022Z
1272,765,2024-04-04T00:00:00.000Z,35.92,Farm Owned,4,Complete,false,3,1,10,2026-04-08T21:19:25.024Z
1273,165,2024-04-02T00:00:00.000Z,248.48,ANZCO Grazing,4,Complete,false,3,8,13,2026-04-08T21:19:25.025Z
1274,10,2024-04-04T00:00:00.000Z,248,ANZCO Grazing,4,Complete,false,116,8,123,2026-04-08T21:19:25.026Z
1275,30,2024-04-04T00:00:00.000Z,244.33,ANZCO Grazing,4,Complete,false,116,8,123,2026-04-08T21:19:25.026Z
1276,47,2024-04-04T00:00:00.000Z,264.77,ANZCO Grazing,4,Complete,false,2,8,9,2026-04-08T21:19:25.027Z
1277,38,2024-04-04T00:00:00.000Z,239.16,ANZCO Grazing,4,Complete,false,2,8,9,2026-04-08T21:19:25.028Z
1278,14,2024-04-04T00:00:00.000Z,239,ANZCO Grazing,4,Complete,false,2,8,9,2026-04-08T21:19:25.029Z
1279,38,2024-04-04T00:00:00.000Z,205,ANZCO Grazing,4,Complete,false,2,8,9,2026-04-08T21:19:25.029Z
1280,804,2024-03-28T00:00:00.000Z,31.31,Finance Stock,4,Complete,false,4,1,16,2026-04-08T21:19:25.030Z
1287,55,2024-04-04T00:00:00.000Z,433.09,ANZCO Grazing,4,Complete,false,2,2,6,2026-04-08T21:19:25.030Z
1288,38,2024-04-05T00:00:00.000Z,411.05,ANZCO Grazing,4,Complete,false,2,2,6,2026-04-08T21:19:25.032Z
1289,548,2024-04-05T00:00:00.000Z,224.14,ANZCO Grazing,4,Complete,false,2,8,9,2026-04-08T21:19:25.033Z
1290,47,2024-04-04T00:00:00.000Z,293.62,ANZCO Grazing,4,Complete,false,2,8,9,2026-04-08T21:19:25.033Z
1291,11,2024-04-05T00:00:00.000Z,394.55,ANZCO Grazing,4,Complete,false,2,2,6,2026-04-08T21:19:25.034Z
1292,55,2024-04-02T00:00:00.000Z,222.18,ANZCO Grazing,4,Complete,false,1,8,3,2026-04-08T21:19:25.035Z
1293,82,2024-04-05T00:00:00.000Z,226.83,ANZCO Grazing,4,Complete,false,1,8,3,2026-04-08T21:19:25.035Z
1294,43,2024-04-05T00:00:00.000Z,263.07,ANZCO Grazing,4,Complete,false,1,8,3,2026-04-08T21:19:25.036Z
1295,45,2024-04-05T00:00:00.000Z,251.66,ANZCO Grazing,4,Complete,false,1,8,3,2026-04-08T21:19:25.037Z
1296,58,2024-04-04T00:00:00.000Z,228.28,ANZCO Grazing,4,Complete,false,1,8,3,2026-04-08T21:19:25.037Z
1297,79,2024-04-04T00:00:00.000Z,255.19,ANZCO Grazing,4,Complete,false,1,8,3,2026-04-08T21:19:25.038Z
1298,18,2024-04-03T00:00:00.000Z,234,ANZCO Grazing,4,Complete,false,1,8,3,2026-04-08T21:19:25.039Z
1299,43,2024-04-03T00:00:00.000Z,233.5,ANZCO Grazing,4,Complete,false,1,8,3,2026-04-08T21:19:25.039Z
1300,32,2024-04-03T00:00:00.000Z,238.44,ANZCO Grazing,4,Complete,false,1,8,3,2026-04-08T21:19:25.040Z
1301,41,2024-04-03T00:00:00.000Z,240,ANZCO Grazing,4,Complete,false,1,8,3,2026-04-08T21:19:25.041Z
1302,22,2024-04-05T00:00:00.000Z,247,ANZCO Grazing,4,Complete,false,39,8,63,2026-04-08T21:19:25.042Z
1303,64,2024-04-05T00:00:00.000Z,202.5,ANZCO Grazing,4,Complete,false,2,8,9,2026-04-08T21:19:25.043Z
1304,25,2024-04-05T00:00:00.000Z,548,Farm Owned,4,Complete,false,1,2,2,2026-04-08T21:19:25.043Z
1305,22,2024-04-05T00:00:00.000Z,250,ANZCO Grazing,4,Complete,false,39,8,63,2026-04-08T21:19:25.044Z
1306,21,2024-04-05T00:00:00.000Z,279,ANZCO Grazing,4,Complete,false,39,8,63,2026-04-08T21:19:25.045Z
1307,60,2024-04-05T00:00:00.000Z,242,ANZCO Grazing,4,Complete,false,39,8,63,2026-04-08T21:19:25.045Z
1308,22,2024-04-05T00:00:00.000Z,253,ANZCO Grazing,4,Complete,false,39,8,63,2026-04-08T21:19:25.046Z
1314,52,2024-04-08T00:00:00.000Z,485.38,ANZCO Grazing,4,Complete,false,1,2,2,2026-04-08T21:19:25.047Z
1315,47,2024-04-05T00:00:00.000Z,481.7,ANZCO Grazing,4,Complete,false,2,2,6,2026-04-08T21:19:25.047Z
1316,51,2024-03-22T00:00:00.000Z,384.75,Finance Stock,4,Complete,false,205,2,200,2026-04-08T21:19:25.049Z
1317,67,2024-04-08T00:00:00.000Z,228.06,ANZCO Grazing,4,Complete,false,1,8,3,2026-04-08T21:19:25.049Z
1318,40,2024-04-08T00:00:00.000Z,235.25,ANZCO Grazing,4,Complete,false,1,8,3,2026-04-08T21:19:25.050Z
1319,86,2024-04-09T00:00:00.000Z,230,ANZCO Grazing,4,Complete,false,2,8,9,2026-04-08T21:19:25.051Z
1320,115,2024-04-09T00:00:00.000Z,240.17,ANZCO Grazing,4,Complete,false,39,8,63,2026-04-08T21:19:25.052Z
1321,58,2024-04-09T00:00:00.000Z,487.93,ANZCO Grazing,4,Complete,false,1,2,2,2026-04-08T21:19:25.053Z
1322,14,2024-04-09T00:00:00.000Z,470,ANZCO Grazing,4,Complete,false,3,2,11,2026-04-08T21:19:25.054Z
1323,45,2024-04-04T00:00:00.000Z,504,Farm Owned,4,Complete,false,1,2,2,2026-04-08T21:19:25.055Z
1324,46,2024-04-04T00:00:00.000Z,503.04,Farm Owned,4,Complete,false,1,2,2,2026-04-08T21:19:25.056Z
1325,128,2024-04-04T00:00:00.000Z,270.34,ANZCO Grazing,4,Complete,false,39,8,63,2026-04-08T21:19:25.057Z
1326,100,2024-03-26T00:00:00.000Z,272,ANZCO Grazing,4,Complete,false,3,8,13,2026-04-08T21:19:25.059Z
1327,35,2024-04-05T00:00:00.000Z,232,ANZCO Grazing,4,Complete,false,3,8,13,2026-04-08T21:19:25.060Z
1328,55,2024-04-05T00:00:00.000Z,268.36,ANZCO Grazing,4,Complete,false,3,8,13,2026-04-08T21:19:25.065Z
1329,19,2024-04-05T00:00:00.000Z,251,ANZCO Grazing,4,Complete,false,2,8,9,2026-04-08T21:19:25.067Z
1330,16,2024-04-05T00:00:00.000Z,215,ANZCO Grazing,4,Complete,false,2,8,9,2026-04-08T21:19:25.068Z
1331,13,2024-04-05T00:00:00.000Z,225,ANZCO Grazing,4,Complete,false,2,8,9,2026-04-08T21:19:25.070Z
1332,21,2024-04-05T00:00:00.000Z,210,ANZCO Grazing,4,Complete,false,2,8,9,2026-04-08T21:19:25.070Z
1333,11,2024-04-05T00:00:00.000Z,225,ANZCO Grazing,4,Complete,false,2,8,9,2026-04-08T21:19:25.071Z
1334,23,2024-04-05T00:00:00.000Z,215,ANZCO Grazing,4,Complete,false,2,8,9,2026-04-08T21:19:25.072Z
1335,128,2024-04-03T00:00:00.000Z,228.75,ANZCO Grazing,4,Complete,false,1,8,3,2026-04-08T21:19:25.072Z
1336,41,2024-04-05T00:00:00.000Z,224.39,ANZCO Grazing,4,Complete,false,2,8,9,2026-04-08T21:19:25.073Z
1337,61,2024-04-06T00:00:00.000Z,455,Finance Stock,4,Complete,false,202,5,197,2026-04-08T21:19:25.074Z
1338,167,2024-04-10T00:00:00.000Z,255.2,ANZCO Grazing,4,Complete,false,3,8,13,2026-04-08T21:19:25.075Z
1339,81,2024-04-11T00:00:00.000Z,240.4,ANZCO Grazing,4,Complete,false,116,8,123,2026-04-08T21:19:25.076Z
1341,23,2024-04-09T00:00:00.000Z,260.87,ANZCO Grazing,4,Complete,false,1,8,3,2026-04-08T21:19:25.076Z
1342,36,2024-04-09T00:00:00.000Z,481.67,Farm Owned,4,Complete,false,1,2,2,2026-04-08T21:19:25.077Z
1343,49,2024-04-10T00:00:00.000Z,212.24,ANZCO Grazing,4,Complete,false,1,8,3,2026-04-08T21:19:25.078Z
1344,40,2024-04-10T00:00:00.000Z,246.5,ANZCO Grazing,4,Complete,false,1,8,3,2026-04-08T21:19:25.079Z
1345,45,2024-04-11T00:00:00.000Z,438.89,ANZCO Grazing,4,Complete,false,3,2,11,2026-04-08T21:19:25.080Z
1347,61,2024-04-12T00:00:00.000Z,411.48,Finance Stock,4,Complete,false,202,2,196,2026-04-08T21:19:25.081Z
1348,25,2024-04-09T00:00:00.000Z,253.6,ANZCO Grazing,4,Complete,false,1,8,3,2026-04-08T21:19:25.081Z
1349,112,2024-04-12T00:00:00.000Z,223.57,ANZCO Grazing,4,Complete,false,1,8,3,2026-04-08T21:19:25.082Z
1350,50,2024-04-12T00:00:00.000Z,405.6,Finance Stock,4,Complete,false,202,2,196,2026-04-08T21:19:25.083Z
1351,33,2024-04-11T00:00:00.000Z,225.45,ANZCO Grazing,4,Complete,false,2,8,9,2026-04-08T21:19:25.084Z
1352,53,2024-04-12T00:00:00.000Z,464.53,ANZCO Grazing,4,Complete,false,1,2,2,2026-04-08T21:19:25.085Z
1353,28,2024-04-12T00:00:00.000Z,452.14,ANZCO Grazing,4,Complete,false,2,2,6,2026-04-08T21:19:25.087Z
1354,60,2024-04-11T00:00:00.000Z,459.67,ANZCO Grazing,4,Complete,false,3,2,11,2026-04-08T21:19:25.087Z
1355,7,2024-04-11T00:00:00.000Z,482.86,ANZCO Grazing,4,Complete,false,3,2,11,2026-04-08T21:19:25.088Z
1357,51,2024-04-11T00:00:00.000Z,496.86,Farm Owned,4,Complete,false,1,2,2,2026-04-08T21:19:25.090Z
1358,41,2024-04-11T00:00:00.000Z,444.88,ANZCO Grazing,4,Complete,false,3,2,11,2026-04-08T21:19:25.090Z
1359,528,2024-03-28T00:00:00.000Z,37.05,Farm Owned,4,Complete,false,3,1,10,2026-04-08T21:19:25.092Z
1360,101,2024-04-10T00:00:00.000Z,447.51,Finance Stock,4,Complete,false,202,2,196,2026-04-08T21:19:25.093Z
1361,97,2024-04-12T00:00:00.000Z,508,ANZCO Grazing,4,Complete,false,3,2,11,2026-04-08T21:19:25.094Z
1362,98,2024-04-15T00:00:00.000Z,239.7,ANZCO Grazing,4,Complete,false,206,8,201,2026-04-08T21:19:25.097Z
1363,38,2024-04-12T00:00:00.000Z,464.47,ANZCO Grazing,4,Complete,false,3,2,11,2026-04-08T21:19:25.098Z
1364,23,2024-04-12T00:00:00.000Z,468.7,ANZCO Grazing,4,Complete,false,3,2,11,2026-04-08T21:19:25.099Z
1365,17,2024-04-12T00:00:00.000Z,475.29,ANZCO Grazing,4,Complete,false,3,2,11,2026-04-08T21:19:25.100Z
1366,45,2024-04-16T00:00:00.000Z,403.11,Finance Stock,4,Complete,false,202,5,197,2026-04-08T21:19:25.100Z
1367,10,2024-04-12T00:00:00.000Z,484,Finance Stock,4,Complete,false,118,7,127,2026-04-08T21:19:25.101Z
1368,10,2024-04-12T00:00:00.000Z,650,Finance Stock,4,Complete,false,118,7,127,2026-04-08T21:19:25.102Z
1369,49,2024-04-17T00:00:00.000Z,490.51,Finance Stock,4,Complete,false,19,7,44,2026-04-08T21:19:25.102Z
1370,45,2024-04-17T00:00:00.000Z,510.98,Finance Stock,4,Complete,false,19,7,44,2026-04-08T21:19:25.103Z
1371,110,2024-04-17T00:00:00.000Z,230,ANZCO Grazing,4,Complete,false,3,8,13,2026-04-08T21:19:25.104Z
1372,41,2024-04-17T00:00:00.000Z,375.12,Finance Stock,4,Complete,false,202,5,197,2026-04-08T21:19:25.105Z
1373,145,2024-04-11T00:00:00.000Z,449.1,Finance Stock,4,Complete,false,202,2,196,2026-04-08T21:19:25.106Z
1374,10,2024-04-12T00:00:00.000Z,445,ANZCO Grazing,4,Complete,false,199,2,194,2026-04-08T21:19:25.106Z
1375,43,2024-04-19T00:00:00.000Z,467.91,Finance Stock,4,Complete,false,19,7,44,2026-04-08T21:19:25.107Z
1376,21,2024-04-19T00:00:00.000Z,561.9,Finance Stock,4,Complete,false,19,7,44,2026-04-08T21:19:25.108Z
1377,19,2024-04-19T00:00:00.000Z,593.68,Finance Stock,4,Complete,false,19,7,44,2026-04-08T21:19:25.108Z
1378,55,2024-04-19T00:00:00.000Z,579.27,Finance Stock,4,Complete,false,19,7,44,2026-04-08T21:19:25.109Z
1379,6,2024-04-19T00:00:00.000Z,640,Finance Stock,4,Complete,false,19,7,44,2026-04-08T21:19:25.110Z
1380,5,2024-04-19T00:00:00.000Z,584,Finance Stock,4,Complete,false,19,7,44,2026-04-08T21:19:25.111Z
1382,35,2024-04-16T00:00:00.000Z,445.71,ANZCO Grazing,4,Complete,false,116,2,122,2026-04-08T21:19:25.112Z
1383,55,2024-04-16T00:00:00.000Z,448.73,ANZCO Grazing,4,Complete,false,116,2,122,2026-04-08T21:19:25.113Z
1385,13,2024-04-19T00:00:00.000Z,461.5,ANZCO Grazing,4,Complete,false,116,2,122,2026-04-08T21:19:25.114Z
1386,22,2024-04-19T00:00:00.000Z,447.2,ANZCO Grazing,4,Complete,false,116,2,122,2026-04-08T21:19:25.116Z
1387,10,2024-04-19T00:00:00.000Z,373,ANZCO Grazing,4,Complete,false,116,2,122,2026-04-08T21:19:25.117Z
1388,44,2024-04-17T00:00:00.000Z,422.5,ANZCO Grazing,4,Complete,false,116,2,122,2026-04-08T21:19:25.118Z
1389,98,2024-04-22T00:00:00.000Z,247.3,ANZCO Grazing,4,Complete,false,3,8,13,2026-04-08T21:19:25.118Z
1390,14,2024-04-19T00:00:00.000Z,627.14,Finance Stock,4,Complete,false,118,7,127,2026-04-08T21:19:25.119Z
1391,52,2024-04-15T00:00:00.000Z,436.54,ANZCO Grazing,4,Complete,false,116,2,122,2026-04-08T21:19:25.120Z
1392,51,2024-04-15T00:00:00.000Z,433.73,ANZCO Grazing,4,Complete,false,116,2,122,2026-04-08T21:19:25.120Z
1393,50,2024-04-15T00:00:00.000Z,433.6,ANZCO Grazing,4,Complete,false,116,2,122,2026-04-08T21:19:25.121Z
1395,45,2024-04-23T00:00:00.000Z,536.42,Finance Stock,4,Complete,false,19,7,44,2026-04-08T21:19:25.122Z
1396,40,2024-04-22T00:00:00.000Z,478.5,Farm Owned,4,Complete,false,1,2,2,2026-04-08T21:19:25.123Z
1397,26,2024-04-20T00:00:00.000Z,520.38,Farm Owned,4,Complete,false,1,2,2,2026-04-08T21:19:25.124Z
1398,63,2024-04-22T00:00:00.000Z,409.84,Finance Stock,4,Complete,false,21,2,46,2026-04-08T21:19:25.125Z
1399,54,2024-04-22T00:00:00.000Z,481.48,Farm Owned,4,Complete,false,1,2,2,2026-04-08T21:19:25.126Z
1400,49,2024-04-24T00:00:00.000Z,506.73,Finance Stock,4,Complete,false,19,7,44,2026-04-08T21:19:25.126Z
1401,48,2024-04-24T00:00:00.000Z,506.46,Finance Stock,4,Complete,false,19,7,44,2026-04-08T21:19:25.127Z
1402,40,2024-04-23T00:00:00.000Z,490.33,Finance Stock,4,Complete,false,19,7,44,2026-04-08T21:19:25.128Z
1403,57,2024-04-18T00:00:00.000Z,246.47,ANZCO Grazing,4,Complete,false,39,8,63,2026-04-08T21:19:25.129Z
1404,50,2024-04-25T00:00:00.000Z,482.4,ANZCO Grazing,4,Complete,false,116,2,122,2026-04-08T21:19:25.130Z
1405,36,2024-04-24T00:00:00.000Z,252.07,ANZCO Grazing,4,Complete,false,3,8,13,2026-04-08T21:19:25.130Z
1406,43,2024-04-24T00:00:00.000Z,441.57,Finance Stock,4,Complete,false,204,7,199,2026-04-08T21:19:25.131Z
1407,20,2024-04-18T00:00:00.000Z,410,Finance Stock,4,Complete,false,202,2,196,2026-04-08T21:19:25.132Z
1408,61,2024-04-09T00:00:00.000Z,309.51,ANZCO Grazing,4,Complete,false,2,8,9,2026-04-08T21:19:25.132Z
1409,20,2024-04-09T00:00:00.000Z,252,ANZCO Grazing,4,Complete,false,2,8,9,2026-04-08T21:19:25.133Z
1410,200,2024-04-12T00:00:00.000Z,228.8,ANZCO Grazing,4,Complete,false,1,8,3,2026-04-08T21:19:25.134Z
1411,494,2024-04-25T00:00:00.000Z,37.25,Finance Stock,4,Complete,false,4,1,16,2026-04-08T21:19:25.135Z
1412,518,2024-04-25T00:00:00.000Z,31.06,Finance Stock,4,Complete,false,23,1,48,2026-04-08T21:19:25.136Z
1413,79,2024-04-23T00:00:00.000Z,250,Finance Stock,4,Complete,false,202,5,197,2026-04-08T21:19:25.136Z
1414,322,2024-04-22T00:00:00.000Z,530,Finance Stock,4,Complete,false,202,5,197,2026-04-08T21:19:25.137Z
1415,52,2024-04-22T00:00:00.000Z,430,Finance Stock,4,Complete,false,202,2,196,2026-04-08T21:19:25.138Z
1416,36,2024-04-22T00:00:00.000Z,400,Finance Stock,4,Complete,false,202,2,196,2026-04-08T21:19:25.139Z
1417,29,2024-04-29T00:00:00.000Z,519.31,Grazing Stock,4,Complete,false,116,2,122,2026-04-08T21:19:25.139Z
1418,50,2024-04-29T00:00:00.000Z,526.02,Grazing Stock,4,Complete,false,116,2,122,2026-04-08T21:19:25.140Z
1419,45,2024-04-25T00:00:00.000Z,511.31,ANZCO Grazing,4,Complete,false,2,2,6,2026-04-08T21:19:25.141Z
1420,32,2024-04-25T00:00:00.000Z,486.88,ANZCO Grazing,4,Complete,false,2,2,6,2026-04-08T21:19:25.142Z
1421,12,2024-04-25T00:00:00.000Z,470,ANZCO Grazing,4,Complete,false,2,2,6,2026-04-08T21:19:25.143Z
1422,18,2024-04-25T00:00:00.000Z,468.89,ANZCO Grazing,4,Complete,false,2,2,6,2026-04-08T21:19:25.144Z
1423,100,2024-04-26T00:00:00.000Z,225.2,ANZCO Grazing,4,Complete,false,2,8,9,2026-04-08T21:19:25.145Z
1424,50,2024-04-29T00:00:00.000Z,462.8,ANZCO Grazing,4,Complete,false,1,2,2,2026-04-08T21:19:25.146Z
1425,43,2024-04-30T00:00:00.000Z,450.47,ANZCO Grazing,4,Complete,false,209,2,204,2026-04-08T21:19:25.148Z
1426,37,2024-04-24T00:00:00.000Z,387,Finance Stock,4,Complete,false,202,5,197,2026-04-08T21:19:25.149Z
1427,48,2024-04-30T00:00:00.000Z,527.9,Grazing Stock,4,Complete,false,116,2,122,2026-04-08T21:19:25.149Z
1428,51,2024-04-25T00:00:00.000Z,467.42,Finance Stock,4,Complete,false,207,7,202,2026-04-08T21:19:25.151Z
1429,331,2024-05-01T00:00:00.000Z,33.9,ANZCO Grazing,4,Complete,false,2,1,5,2026-04-08T21:19:25.151Z
1430,16,2024-04-30T00:00:00.000Z,542.5,Farm Owned,4,Complete,false,1,2,2,2026-04-08T21:19:25.152Z
1431,1209,2024-04-18T00:00:00.000Z,27.35,Finance Stock,4,Complete,false,172,1,179,2026-04-08T21:19:25.153Z
1432,21,2024-04-30T00:00:00.000Z,482,Farm Owned,4,Complete,false,1,2,2,2026-04-08T21:19:25.153Z
1433,30,2024-04-24T00:00:00.000Z,562,Finance Stock,4,Complete,false,118,7,127,2026-04-08T21:19:25.154Z
1434,14,2024-04-24T00:00:00.000Z,554,Finance Stock,4,Complete,false,118,7,127,2026-04-08T21:19:25.155Z
1435,26,2024-04-24T00:00:00.000Z,657,Finance Stock,4,Complete,false,118,7,127,2026-04-08T21:19:25.156Z
1436,23,2024-04-26T00:00:00.000Z,532.6,Finance Stock,4,Complete,false,118,7,127,2026-04-08T21:19:25.157Z
1437,38,2024-04-26T00:00:00.000Z,520.52,Finance Stock,4,Complete,false,118,7,127,2026-04-08T21:19:25.158Z
1438,1343,2024-05-02T00:00:00.000Z,32.67,ANZCO Grazing,4,Complete,false,2,1,5,2026-04-08T21:19:25.159Z
1439,185,2024-05-02T00:00:00.000Z,31.12,ANZCO Grazing,4,Complete,false,1,1,1,2026-04-08T21:19:25.159Z
1440,63,2024-05-02T00:00:00.000Z,33,ANZCO Grazing,4,Complete,false,1,1,1,2026-04-08T21:19:25.160Z
1441,241,2024-05-02T00:00:00.000Z,32.86,ANZCO Grazing,4,Complete,false,1,1,1,2026-04-08T21:19:25.161Z
1442,94,2024-05-02T00:00:00.000Z,30.64,ANZCO Grazing,4,Complete,false,1,1,1,2026-04-08T21:19:25.161Z
1443,646,2024-05-02T00:00:00.000Z,33.93,ANZCO Grazing,4,Complete,false,1,1,1,2026-04-08T21:19:25.162Z
1445,175,2024-05-03T00:00:00.000Z,28.4,Finance Stock,4,Complete,false,4,1,16,2026-04-08T21:19:25.163Z
1446,52,2024-05-06T00:00:00.000Z,436.53,ANZCO Grazing,4,Complete,false,209,2,204,2026-04-08T21:19:25.164Z
1448,110,2024-05-02T00:00:00.000Z,31.12,ANZCO Grazing,4,Complete,false,1,1,1,2026-04-08T21:19:25.164Z
1449,41,2024-05-03T00:00:00.000Z,608,Finance Stock,4,Complete,false,19,7,44,2026-04-08T21:19:25.165Z
1450,51,2024-04-30T00:00:00.000Z,442.15,Finance Stock,4,Complete,false,202,5,197,2026-04-08T21:19:25.166Z
1451,46,2024-05-06T00:00:00.000Z,471.63,Finance Stock,4,Complete,false,19,7,44,2026-04-08T21:19:25.166Z
1453,15,2024-05-03T00:00:00.000Z,678.66,Finance Stock,4,Complete,false,204,7,199,2026-04-08T21:19:25.167Z
1454,25,2024-04-23T00:00:00.000Z,419.6,ANZCO Grazing,4,Complete,false,2,2,6,2026-04-08T21:19:25.168Z
1455,56,2024-04-23T00:00:00.000Z,402.14,ANZCO Grazing,4,Complete,false,2,2,6,2026-04-08T21:19:25.169Z
1456,30,2024-04-23T00:00:00.000Z,407.33,ANZCO Grazing,4,Complete,false,2,2,6,2026-04-08T21:19:25.170Z
1457,57,2024-05-01T00:00:00.000Z,416.79,Finance Stock,4,Complete,false,202,5,197,2026-04-08T21:19:25.171Z
1458,38,2024-04-23T00:00:00.000Z,502.11,Finance Stock,4,Complete,false,210,7,207,2026-04-08T21:19:25.175Z
1459,9,2024-04-23T00:00:00.000Z,542.22,Finance Stock,4,Complete,false,210,7,207,2026-04-08T21:19:25.176Z
1460,60,2024-05-08T00:00:00.000Z,402.33,ANZCO Grazing,4,Complete,false,209,2,204,2026-04-08T21:19:25.177Z
1461,34,2024-05-08T00:00:00.000Z,405.88,ANZCO Grazing,4,Complete,false,1,2,2,2026-04-08T21:19:25.178Z
1462,58,2024-05-07T00:00:00.000Z,429.47,ANZCO Grazing,4,Complete,false,2,2,6,2026-04-08T21:19:25.178Z
1463,20,2024-05-07T00:00:00.000Z,419.05,ANZCO Grazing,4,Complete,false,2,2,6,2026-04-08T21:19:25.179Z
1464,751,2024-05-08T00:00:00.000Z,32.49,Finance Stock,4,Complete,false,4,1,16,2026-04-08T21:19:25.180Z
1465,40,2024-05-07T00:00:00.000Z,477.05,Farm Owned,4,Complete,false,1,2,2,2026-04-08T21:19:25.180Z
1466,41,2024-05-07T00:00:00.000Z,482.83,Farm Owned,4,Complete,false,1,2,2,2026-04-08T21:19:25.181Z
1467,11,2024-04-30T00:00:00.000Z,464.55,Finance Stock,4,Complete,false,202,5,197,2026-04-08T21:19:25.182Z
1468,33,2024-04-26T00:00:00.000Z,190,Finance Stock,4,Complete,false,211,2,209,2026-04-08T21:19:25.183Z
1469,40,2024-04-25T00:00:00.000Z,380,Finance Stock,4,Complete,false,211,2,209,2026-04-08T21:19:25.183Z
1470,13,2024-05-02T00:00:00.000Z,684.61,Finance Stock,4,Complete,false,204,7,199,2026-04-08T21:19:25.184Z
1471,9,2024-05-02T00:00:00.000Z,716.66,Finance Stock,4,Complete,false,204,7,199,2026-04-08T21:19:25.185Z
1472,25,2024-05-03T00:00:00.000Z,479.4,Finance Stock,4,Complete,false,19,7,44,2026-04-08T21:19:25.186Z
1473,62,2024-04-19T00:00:00.000Z,465.4,Finance Stock,4,Complete,false,202,5,197,2026-04-08T21:19:25.187Z
1474,55,2024-05-07T00:00:00.000Z,430.29,ANZCO Grazing,4,Complete,false,116,2,122,2026-04-08T21:19:25.188Z
1475,39,2024-05-09T00:00:00.000Z,467.69,ANZCO Grazing,4,Complete,false,2,2,6,2026-04-08T21:19:25.188Z
1476,37,2024-05-10T00:00:00.000Z,512.43,ANZCO Grazing,4,Complete,false,2,2,6,2026-04-08T21:19:25.189Z
1477,18,2024-05-10T00:00:00.000Z,404.44,ANZCO Grazing,4,Complete,false,2,2,6,2026-04-08T21:19:25.190Z
1478,20,2024-05-10T00:00:00.000Z,506.2,Finance Stock,4,Complete,false,19,7,44,2026-04-08T21:19:25.190Z
1479,26,2024-05-10T00:00:00.000Z,436.73,Finance Stock,4,Complete,false,10,7,31,2026-04-08T21:19:25.191Z
1480,44,2024-05-10T00:00:00.000Z,560.57,Finance Stock,4,Complete,false,19,7,44,2026-04-08T21:19:25.192Z
1481,19,2024-05-09T00:00:00.000Z,431.05,ANZCO Grazing,4,Complete,false,2,2,6,2026-04-08T21:19:25.193Z
1482,32,2024-05-08T00:00:00.000Z,489.06,ANZCO Grazing,4,Complete,false,2,2,6,2026-04-08T21:19:25.195Z
1483,17,2024-05-08T00:00:00.000Z,517.65,ANZCO Grazing,4,Complete,false,2,2,6,2026-04-08T21:19:25.196Z
1484,34,2024-05-08T00:00:00.000Z,484.12,ANZCO Grazing,4,Complete,false,2,2,6,2026-04-08T21:19:25.198Z
1485,47,2024-05-10T00:00:00.000Z,501,Finance Stock,4,Complete,false,212,7,213,2026-04-08T21:19:25.199Z
1486,20,2024-05-10T00:00:00.000Z,608,Farm Owned,4,Complete,false,1,2,2,2026-04-08T21:19:25.200Z
1487,49,2024-05-09T00:00:00.000Z,511.43,ANZCO Grazing,4,Complete,false,1,2,2,2026-04-08T21:19:25.200Z
1488,51,2024-05-09T00:00:00.000Z,430.37,ANZCO Grazing,4,Complete,false,1,2,2,2026-04-08T21:19:25.201Z
1489,30,2024-05-09T00:00:00.000Z,528,ANZCO Grazing,4,Complete,false,1,2,2,2026-04-08T21:19:25.202Z
1490,77,2024-05-09T00:00:00.000Z,496.19,ANZCO Grazing,4,Complete,false,1,2,2,2026-04-08T21:19:25.203Z
1491,44,2024-05-10T00:00:00.000Z,571.25,Finance Stock,4,Complete,false,19,7,44,2026-04-08T21:19:25.203Z
1493,35,2024-05-10T00:00:00.000Z,505.17,Finance Stock,4,Complete,false,212,7,213,2026-04-08T21:19:25.204Z
1494,26,2024-05-10T00:00:00.000Z,481.92,Finance Stock,4,Complete,false,19,7,44,2026-04-08T21:19:25.205Z
1495,21,2024-05-10T00:00:00.000Z,490.57,Finance Stock,4,Complete,false,10,7,31,2026-04-08T21:19:25.206Z
1496,48,2024-04-23T00:00:00.000Z,229.17,ANZCO Grazing,4,Complete,false,3,8,13,2026-04-08T21:19:25.206Z
1497,162,2024-04-23T00:00:00.000Z,219.51,ANZCO Grazing,4,Complete,false,3,8,13,2026-04-08T21:19:25.207Z
1498,119,2024-05-01T00:00:00.000Z,489.13,Finance Stock,4,Complete,false,118,7,127,2026-04-08T21:19:25.208Z
1499,30,2024-05-10T00:00:00.000Z,464.64,Finance Stock,4,Complete,false,204,7,199,2026-04-08T21:19:25.209Z
1500,55,2024-05-10T00:00:00.000Z,450.32,Finance Stock,4,Complete,false,204,7,199,2026-04-08T21:19:25.210Z
1502,48,2024-05-13T00:00:00.000Z,282.29,ANZCO Grazing,4,Complete,false,2,8,9,2026-04-08T21:19:25.211Z
1503,541,2024-05-14T00:00:00.000Z,32.81,ANZCO Grazing,4,Complete,false,3,1,10,2026-04-08T21:19:25.213Z
1504,1283,2024-05-14T00:00:00.000Z,30.75,Farm Owned,4,Complete,false,3,1,10,2026-04-08T21:19:25.214Z
1505,96,2024-05-14T00:00:00.000Z,35.73,ANZCO Grazing,4,Complete,false,3,1,10,2026-04-08T21:19:25.216Z
1506,757,2024-05-15T00:00:00.000Z,35.13,ANZCO Grazing,4,Complete,false,3,1,10,2026-04-08T21:19:25.216Z
1507,470,2024-05-15T00:00:00.000Z,33.21,ANZCO Grazing,4,Complete,false,1,1,1,2026-04-08T21:19:25.218Z
1508,144,2024-05-15T00:00:00.000Z,35.35,ANZCO Grazing,4,Complete,false,3,1,10,2026-04-08T21:19:25.219Z
1509,50,2024-05-01T00:00:00.000Z,471.2,ANZCO Grazing,4,Complete,false,3,2,11,2026-04-08T21:19:25.220Z
1510,50,2024-05-02T00:00:00.000Z,464.8,ANZCO Grazing,4,Complete,false,3,2,11,2026-04-08T21:19:25.221Z
1513,46,2024-05-14T00:00:00.000Z,25,Finance Stock,4,Complete,false,24,1,50,2026-04-08T21:19:25.222Z
1514,51,2024-05-15T00:00:00.000Z,248.63,ANZCO Grazing,4,Complete,false,1,8,3,2026-04-08T21:19:25.223Z
1515,40,2024-04-09T00:00:00.000Z,426,ANZCO Grazing,4,Complete,false,3,2,11,2026-04-08T21:19:25.224Z
1516,24,2024-05-15T00:00:00.000Z,235.83,ANZCO Grazing,4,Complete,false,1,8,3,2026-04-08T21:19:25.225Z
1517,20,2024-05-16T00:00:00.000Z,544.25,Finance Stock,4,Complete,false,212,7,213,2026-04-08T21:19:25.226Z
1518,30,2024-05-16T00:00:00.000Z,544.27,Finance Stock,4,Complete,false,212,7,213,2026-04-08T21:19:25.226Z
1519,12,2024-05-16T00:00:00.000Z,538.92,Finance Stock,4,Complete,false,19,7,44,2026-04-08T21:19:25.228Z
1520,35,2024-05-16T00:00:00.000Z,521.57,Finance Stock,4,Complete,false,19,7,44,2026-04-08T21:19:25.229Z
1521,196,2024-04-30T00:00:00.000Z,498.39,Finance Stock,4,Complete,false,210,7,207,2026-04-08T21:19:25.229Z
1522,46,2024-05-17T00:00:00.000Z,480.22,Finance Stock,4,Complete,false,212,7,213,2026-04-08T21:19:25.230Z
1523,50,2024-05-17T00:00:00.000Z,466.42,Finance Stock,4,Complete,false,19,7,44,2026-04-08T21:19:25.232Z
1524,383,2024-05-20T00:00:00.000Z,35.74,ANZCO Grazing,4,Complete,false,1,1,1,2026-04-08T21:19:25.233Z
1525,69,2024-05-20T00:00:00.000Z,27.97,Finance Stock,4,Complete,false,4,1,16,2026-04-08T21:19:25.235Z
1526,82,2024-05-20T00:00:00.000Z,27.8,Finance Stock,4,Complete,false,4,1,16,2026-04-08T21:19:25.237Z
1527,286,2024-05-20T00:00:00.000Z,32.55,Finance Stock,4,Complete,false,4,1,16,2026-04-08T21:19:25.240Z
1528,112,2024-05-20T00:00:00.000Z,33.39,Finance Stock,4,Complete,false,4,1,16,2026-04-08T21:19:25.241Z
1529,6,2024-05-17T00:00:00.000Z,546.67,Finance Stock,4,Complete,false,19,7,44,2026-04-08T21:19:25.242Z
1533,692,2024-05-17T00:00:00.000Z,31.54,ANZCO Grazing,4,Complete,false,2,1,5,2026-04-08T21:19:25.243Z
1534,700,2024-05-17T00:00:00.000Z,32.14,ANZCO Grazing,4,Complete,false,3,1,10,2026-04-08T21:19:25.244Z
1535,295,2024-05-20T00:00:00.000Z,29.76,Farm Owned,4,Complete,false,1,1,1,2026-04-08T21:19:25.245Z
1536,27,2024-05-16T00:00:00.000Z,561.84,Grazing Stock,4,Complete,false,116,2,122,2026-04-08T21:19:25.246Z
1539,20,2024-05-17T00:00:00.000Z,473,ANZCO Grazing,4,Complete,false,2,2,6,2026-04-08T21:19:25.247Z
1540,45,2024-05-20T00:00:00.000Z,550.2,Finance Stock,4,Complete,false,212,7,213,2026-04-08T21:19:25.249Z
1541,51,2024-05-21T00:00:00.000Z,458.82,ANZCO Grazing,4,Complete,false,116,2,122,2026-04-08T21:19:25.250Z
1543,32,2024-05-09T00:00:00.000Z,500,Finance Stock,4,Complete,false,214,2,214,2026-04-08T21:19:25.252Z
1544,39,2024-05-20T00:00:00.000Z,563.08,Finance Stock,4,Complete,false,212,7,213,2026-04-08T21:19:25.255Z
1545,36,2024-05-21T00:00:00.000Z,531.11,Finance Stock,4,Complete,false,19,7,44,2026-04-08T21:19:25.256Z
1546,12,2024-05-21T00:00:00.000Z,493.5,Finance Stock,4,Complete,false,19,7,44,2026-04-08T21:19:25.261Z
1547,49,2024-05-21T00:00:00.000Z,472.31,Finance Stock,4,Complete,false,212,7,213,2026-04-08T21:19:25.262Z
1548,52,2024-05-21T00:00:00.000Z,494.94,Finance Stock,4,Complete,false,10,7,31,2026-04-08T21:19:25.264Z
1549,2172,2024-05-10T00:00:00.000Z,33.5,ANZCO Grazing,4,Complete,false,103,1,115,2026-04-08T21:19:25.273Z
1550,7,2024-05-21T00:00:00.000Z,721.42,Finance Stock,4,Complete,false,204,7,199,2026-04-08T21:19:25.275Z
1551,16,2024-05-21T00:00:00.000Z,445,Finance Stock,4,Complete,false,204,7,199,2026-04-08T21:19:25.278Z
1552,10,2024-05-21T00:00:00.000Z,471,Finance Stock,4,Complete,false,204,7,199,2026-04-08T21:19:25.280Z
1553,11,2024-05-21T00:00:00.000Z,461.17,Finance Stock,4,Complete,false,204,7,199,2026-04-08T21:19:25.282Z
1554,44,2024-05-17T00:00:00.000Z,500,Finance Stock,4,Complete,false,118,7,127,2026-04-08T21:19:25.283Z
1555,43,2024-05-14T00:00:00.000Z,482.47,Finance Stock,4,Complete,false,10,7,31,2026-04-08T21:19:25.284Z
1557,50,2024-05-16T00:00:00.000Z,491.8,Finance Stock,4,Complete,false,10,7,31,2026-04-08T21:19:25.285Z
1564,208,2024-05-23T00:00:00.000Z,30.46,Finance Stock,4,Complete,false,24,1,50,2026-04-08T21:19:25.286Z
1565,244,2024-05-23T00:00:00.000Z,31.6,Finance Stock,4,Complete,false,93,1,107,2026-04-08T21:19:25.289Z
1568,621,2024-05-17T00:00:00.000Z,33,Farm Owned,4,Complete,false,3,1,10,2026-04-08T21:19:25.292Z
1569,739,2024-05-17T00:00:00.000Z,32,Farm Owned,4,Complete,false,3,1,10,2026-04-08T21:19:25.295Z
1570,356,2024-05-24T00:00:00.000Z,35.11,ANZCO Grazing,4,Complete,false,1,1,1,2026-04-08T21:19:25.296Z
1571,294,2024-05-24T00:00:00.000Z,33.88,ANZCO Grazing,4,Complete,false,2,1,5,2026-04-08T21:19:25.297Z
1572,226,2024-05-17T00:00:00.000Z,470.62,Finance Stock,4,Complete,false,214,2,214,2026-04-08T21:19:25.299Z
1573,50,2024-05-24T00:00:00.000Z,498.8,ANZCO Grazing,4,Complete,false,42,2,68,2026-04-08T21:19:25.304Z
1574,47,2024-05-25T00:00:00.000Z,475.4,Finance Stock,4,Complete,false,212,7,213,2026-04-08T21:19:25.311Z
1575,45,2024-05-25T00:00:00.000Z,484.92,Finance Stock,4,Complete,false,212,7,213,2026-04-08T21:19:25.314Z
1576,46,2024-05-25T00:00:00.000Z,469.15,Finance Stock,4,Complete,false,212,7,213,2026-04-08T21:19:25.320Z
1577,24,2024-05-17T00:00:00.000Z,458.33,Finance Stock,4,Complete,false,214,2,214,2026-04-08T21:19:25.324Z
1578,45,2024-05-24T00:00:00.000Z,460.38,Finance Stock,4,Complete,false,212,7,213,2026-04-08T21:19:25.326Z
1579,45,2024-05-24T00:00:00.000Z,452.24,Finance Stock,4,Complete,false,212,7,213,2026-04-08T21:19:25.328Z
1580,74,2024-05-20T00:00:00.000Z,546.49,Grazing Stock,4,Complete,false,116,2,122,2026-04-08T21:19:25.329Z
1581,42,2024-05-24T00:00:00.000Z,474.69,Finance Stock,4,Complete,false,140,5,148,2026-04-08T21:19:25.330Z
1582,55,2024-05-23T00:00:00.000Z,457.51,Finance Stock,4,Complete,false,8,5,25,2026-04-08T21:19:25.331Z
1583,55,2024-05-23T00:00:00.000Z,453.58,Finance Stock,4,Complete,false,8,5,25,2026-04-08T21:19:25.332Z
1584,51,2024-05-23T00:00:00.000Z,484.37,Finance Stock,4,Complete,false,8,5,25,2026-04-08T21:19:25.333Z
1585,52,2024-05-01T00:00:00.000Z,458.8,Finance Stock,4,Complete,false,140,5,148,2026-04-08T21:19:25.335Z
1586,41,2024-05-22T00:00:00.000Z,470.9,Finance Stock,4,Complete,false,140,5,148,2026-04-08T21:19:25.336Z
1587,110,2024-05-14T00:00:00.000Z,410.9,Finance Stock,4,Complete,false,140,5,148,2026-04-08T21:19:25.337Z
1588,36,2024-05-13T00:00:00.000Z,415.94,Finance Stock,4,Complete,false,140,5,148,2026-04-08T21:19:25.339Z
1589,52,2024-05-22T00:00:00.000Z,411.15,ANZCO Grazing,4,Complete,false,42,2,68,2026-04-08T21:19:25.343Z
1590,44,2024-05-23T00:00:00.000Z,409.77,ANZCO Grazing,4,Complete,false,42,2,68,2026-04-08T21:19:25.345Z
1591,55,2024-05-23T00:00:00.000Z,434.36,ANZCO Grazing,4,Complete,false,42,2,68,2026-04-08T21:19:25.346Z
1592,21,2024-05-20T00:00:00.000Z,547.88,Finance Stock,4,Complete,false,204,7,199,2026-04-08T21:19:25.347Z
1593,16,2024-05-20T00:00:00.000Z,647.42,Finance Stock,4,Complete,false,204,7,199,2026-04-08T21:19:25.349Z
1594,42,2024-05-23T00:00:00.000Z,420.9,ANZCO Grazing,4,Complete,false,215,2,215,2026-04-08T21:19:25.350Z
1595,15,2024-05-23T00:00:00.000Z,428,ANZCO Grazing,4,Complete,false,215,2,215,2026-04-08T21:19:25.352Z
1597,45,2024-05-24T00:00:00.000Z,428,ANZCO Grazing,4,Complete,false,116,2,122,2026-04-08T21:19:25.353Z
1598,30,2024-05-23T00:00:00.000Z,450.6,ANZCO Grazing,4,Complete,false,116,2,122,2026-04-08T21:19:25.354Z
1600,23,2024-05-23T00:00:00.000Z,431.3,ANZCO Grazing,4,Complete,false,116,2,122,2026-04-08T21:19:25.356Z
1601,27,2024-05-27T00:00:00.000Z,410,Finance Stock,4,Complete,false,202,5,197,2026-04-08T21:19:25.358Z
1602,87,2024-05-15T00:00:00.000Z,234.36,Finance Stock,4,Complete,false,218,5,216,2026-04-08T21:19:25.360Z
1603,93,2024-05-16T00:00:00.000Z,211.8,Finance Stock,4,Complete,false,218,5,216,2026-04-08T21:19:25.362Z
1604,113,2024-05-10T00:00:00.000Z,215,Finance Stock,4,Complete,false,223,5,224,2026-04-08T21:19:25.365Z
1605,152,2024-05-29T00:00:00.000Z,30.2,Grazing Stock,4,Complete,false,106,1,119,2026-04-08T21:19:25.367Z
1606,393,2024-05-28T00:00:00.000Z,33.31,Grazing Stock,4,Complete,false,106,1,119,2026-04-08T21:19:25.374Z
1607,709,2024-05-28T00:00:00.000Z,34.68,Grazing Stock,4,Complete,false,106,1,119,2026-04-08T21:19:25.400Z
1608,31,2024-05-24T00:00:00.000Z,511.94,ANZCO Grazing,4,Complete,false,42,2,68,2026-04-08T21:19:25.406Z
1609,196,2024-05-29T00:00:00.000Z,474.08,ANZCO Grazing,4,Complete,false,42,2,68,2026-04-08T21:19:25.409Z
1610,25,2024-05-27T00:00:00.000Z,240,ANZCO Grazing,4,Complete,false,1,8,3,2026-04-08T21:19:25.413Z
1611,30,2024-05-31T00:00:00.000Z,377.33,ANZCO Grazing,4,Complete,false,215,2,215,2026-04-08T21:19:25.419Z
1612,271,2024-06-04T00:00:00.000Z,32.29,Grazing Stock,4,Complete,false,106,1,119,2026-04-08T21:19:25.421Z
1613,15,2024-05-30T00:00:00.000Z,459.33,Finance Stock,4,Complete,false,140,5,148,2026-04-08T21:19:25.423Z
1615,29,2024-05-23T00:00:00.000Z,491.38,Finance Stock,4,Complete,false,210,7,207,2026-04-08T21:19:25.426Z
1616,10,2024-05-24T00:00:00.000Z,482,Finance Stock,4,Complete,false,214,2,214,2026-04-08T21:19:25.427Z
1617,12,2024-05-13T00:00:00.000Z,485,Finance Stock,4,Complete,false,140,5,148,2026-04-08T21:19:25.429Z
1618,26,2024-05-23T00:00:00.000Z,501,Finance Stock,4,Complete,false,202,5,197,2026-04-08T21:19:25.430Z
1619,59,2024-05-23T00:00:00.000Z,449.63,Finance Stock,4,Complete,false,202,5,197,2026-04-08T21:19:25.432Z
1620,50,2024-05-28T00:00:00.000Z,472,Finance Stock,4,Complete,false,10,7,31,2026-04-08T21:19:25.433Z
1621,13,2024-05-31T00:00:00.000Z,472.81,ANZCO Grazing,4,Complete,false,215,2,215,2026-04-08T21:19:25.434Z
1622,289,2024-05-23T00:00:00.000Z,473.04,Finance Stock,4,Complete,false,19,2,43,2026-04-08T21:19:25.434Z
1623,105,2024-05-23T00:00:00.000Z,514.59,Finance Stock,4,Complete,false,126,2,136,2026-04-08T21:19:25.435Z
1624,337,2024-06-01T00:00:00.000Z,32.66,Finance Stock,4,Complete,false,93,1,107,2026-04-08T21:19:25.436Z
1625,78,2024-05-29T00:00:00.000Z,347.29,Finance Stock,4,Complete,false,10,2,29,2026-04-08T21:19:25.437Z
1626,35,2024-05-23T00:00:00.000Z,391.43,ANZCO Grazing,4,Complete,false,215,2,215,2026-04-08T21:19:25.438Z
1627,59,2024-06-07T00:00:00.000Z,435.93,ANZCO Grazing,4,Complete,false,8,2,24,2026-04-08T21:19:25.439Z
1628,18,2024-06-06T00:00:00.000Z,371.11,ANZCO Grazing,4,Complete,false,215,2,215,2026-04-08T21:19:25.440Z
1629,27,2024-06-05T00:00:00.000Z,450.37,ANZCO Grazing,4,Complete,false,215,2,215,2026-04-08T21:19:25.441Z
1630,82,2024-06-06T00:00:00.000Z,459.94,ANZCO Grazing,4,Complete,false,129,2,139,2026-04-08T21:19:25.442Z
1631,99,2024-06-06T00:00:00.000Z,506.77,ANZCO Grazing,4,Complete,false,8,2,24,2026-04-08T21:19:25.444Z
1632,37,2024-06-07T00:00:00.000Z,451.35,Finance Stock,4,Complete,false,202,2,196,2026-04-08T21:19:25.444Z
1633,9,2024-06-01T00:00:00.000Z,498.88,Finance Stock,4,Complete,false,19,7,44,2026-04-08T21:19:25.445Z
1634,21,2024-06-06T00:00:00.000Z,519.05,Finance Stock,4,Complete,false,19,7,44,2026-04-08T21:19:25.446Z
1635,19,2024-06-11T00:00:00.000Z,437.8,ANZCO Grazing,4,Complete,false,8,2,24,2026-04-08T21:19:25.449Z
1636,50,2024-06-11T00:00:00.000Z,493.6,Farm Owned,4,Complete,false,1,2,2,2026-04-08T21:19:25.451Z
1637,40,2024-06-11T00:00:00.000Z,571.75,Farm Owned,4,Complete,false,1,2,2,2026-04-08T21:19:25.452Z
1638,56,2024-05-22T00:00:00.000Z,439.28,Finance Stock,4,Complete,false,8,5,25,2026-04-08T21:19:25.453Z
1639,30,2024-06-11T00:00:00.000Z,532.67,Farm Owned,4,Complete,false,1,2,2,2026-04-08T21:19:25.454Z
1640,50,2024-05-14T00:00:00.000Z,520.4,Finance Stock,4,Complete,false,210,7,207,2026-04-08T21:19:25.455Z
1641,28,2024-05-10T00:00:00.000Z,397.5,Finance Stock,4,Complete,false,210,7,207,2026-04-08T21:19:25.456Z
1643,56,2024-05-23T00:00:00.000Z,463.75,Finance Stock,4,Complete,false,8,5,25,2026-04-08T21:19:25.457Z
1644,38,2024-06-12T00:00:00.000Z,441.08,ANZCO Grazing,4,Complete,false,8,2,24,2026-04-08T21:19:25.459Z
1645,23,2024-06-07T00:00:00.000Z,220,Finance Stock,4,Complete,false,211,2,209,2026-04-08T21:19:25.460Z
1646,40,2024-05-24T00:00:00.000Z,487,Finance Stock,4,Complete,false,19,2,43,2026-04-08T21:19:25.461Z
1648,62,2024-05-28T00:00:00.000Z,300,Finance Stock,4,Complete,false,10,7,31,2026-04-08T21:19:25.463Z
1649,38,2024-06-07T00:00:00.000Z,418.05,Finance Stock,4,Complete,false,10,7,31,2026-04-08T21:19:25.469Z
1650,28,2024-05-23T00:00:00.000Z,366.43,ANZCO Grazing,4,Complete,false,215,2,215,2026-04-08T21:19:25.470Z
1651,5,2024-06-07T00:00:00.000Z,582,Finance Stock,4,Complete,false,204,7,199,2026-04-08T21:19:25.470Z
1652,22,2024-06-07T00:00:00.000Z,546,Finance Stock,4,Complete,false,10,7,31,2026-04-08T21:19:25.471Z
1653,70,2024-05-16T00:00:00.000Z,256.57,ANZCO Grazing,4,Complete,false,1,8,3,2026-04-08T21:19:25.472Z
1654,15,2024-05-27T00:00:00.000Z,304,ANZCO Grazing,4,Complete,false,1,8,3,2026-04-08T21:19:25.472Z
1655,15,2024-05-27T00:00:00.000Z,257.33,ANZCO Grazing,4,Complete,false,1,8,3,2026-04-08T21:19:25.473Z
1656,220,2024-06-12T00:00:00.000Z,351.42,Finance Stock,4,Complete,false,119,2,128,2026-04-08T21:19:25.474Z
1657,58,2024-06-27T00:00:00.000Z,410.17,Farm Owned,4,Complete,false,2,2,6,2026-04-08T21:19:25.475Z
1658,51,2024-07-01T00:00:00.000Z,366.27,Farm Owned,4,Complete,false,2,2,6,2026-04-08T21:19:25.476Z
1659,32,2024-07-01T00:00:00.000Z,368.44,Farm Owned,4,Complete,false,2,2,6,2026-04-08T21:19:25.476Z
1660,32,2024-07-01T00:00:00.000Z,354.06,Farm Owned,4,Complete,false,2,2,6,2026-04-08T21:19:25.478Z
1661,6,2024-06-17T00:00:00.000Z,300,Finance Stock,4,Complete,false,19,7,44,2026-04-08T21:19:25.479Z
1662,109,2024-06-27T00:00:00.000Z,409.17,Finance Stock,4,Complete,false,142,2,151,2026-04-08T21:19:25.479Z
1663,24,2024-04-03T00:00:00.000Z,381.66,ANZCO Grazing,4,Complete,false,2,2,6,2026-04-08T21:19:25.480Z
1664,25,2024-06-27T00:00:00.000Z,500,Finance Stock,4,Complete,false,119,2,128,2026-04-08T21:19:25.481Z
1665,16,2024-06-27T00:00:00.000Z,500,Finance Stock,4,Complete,false,119,2,128,2026-04-08T21:19:25.482Z
1666,132,2024-07-03T00:00:00.000Z,415.76,ANZCO Grazing,4,Complete,false,2,2,6,2026-04-08T21:19:25.482Z
1667,56,2024-06-12T00:00:00.000Z,493.57,Grazing Stock,4,Complete,false,8,2,24,2026-04-08T21:19:25.483Z
1668,20,2024-07-02T00:00:00.000Z,430,Finance Stock,4,Complete,false,202,2,196,2026-04-08T21:19:25.486Z
1671,91,2024-06-17T00:00:00.000Z,442.62,Finance Stock,4,Complete,false,220,2,218,2026-04-08T21:19:25.489Z
1672,21,2024-06-28T00:00:00.000Z,429.52,Finance Stock,4,Complete,false,218,5,216,2026-04-08T21:19:25.490Z
1673,26,2024-07-11T00:00:00.000Z,303.85,Finance Stock,4,Complete,false,143,2,155,2026-04-08T21:19:25.491Z
1675,1476,2024-07-08T00:00:00.000Z,30.84,Finance Stock,4,Complete,false,4,1,16,2026-04-08T21:19:25.492Z
1676,27,2024-06-28T00:00:00.000Z,354.81,Finance Stock,4,Complete,false,164,2,171,2026-04-08T21:19:25.492Z
1678,235,2024-07-18T00:00:00.000Z,33.1,Finance Stock,4,Complete,false,93,1,107,2026-04-08T21:19:25.493Z
1679,94,2024-07-22T00:00:00.000Z,418.2,Finance Stock,4,Complete,false,140,5,148,2026-04-08T21:19:25.494Z
1680,39,2024-07-11T00:00:00.000Z,550,Finance Stock,4,Complete,false,10,7,31,2026-04-08T21:19:25.495Z
1681,13,2024-07-11T00:00:00.000Z,600,Finance Stock,4,Complete,false,10,7,31,2026-04-08T21:19:25.496Z
1682,910,2024-07-25T00:00:00.000Z,31.71,Finance Stock,4,Complete,false,4,1,16,2026-04-08T21:19:25.497Z
1683,61,2024-07-25T00:00:00.000Z,455.39,Finance Stock,4,Complete,false,119,2,128,2026-04-08T21:19:25.498Z
1685,103,2024-07-31T00:00:00.000Z,391,ANZCO Grazing,4,Complete,false,3,2,11,2026-04-08T21:19:25.499Z
1694,19,2024-07-30T00:00:00.000Z,408.42,Finance Stock,4,Complete,false,154,2,165,2026-04-08T21:19:25.501Z
1695,10,2024-08-01T00:00:00.000Z,500,Finance Stock,4,Complete,false,10,7,31,2026-04-08T21:19:25.501Z
1697,35,2024-08-08T00:00:00.000Z,100,Finance Stock,4,Complete,false,223,14,225,2026-04-08T21:19:25.502Z
1698,17,2024-08-16T00:00:00.000Z,100,Finance Stock,4,Complete,false,224,14,228,2026-04-08T21:19:25.504Z
1699,409,2024-08-21T00:00:00.000Z,33.64,ANZCO Grazing,4,Complete,false,1,1,1,2026-04-08T21:19:25.505Z
1700,284,2024-08-21T00:00:00.000Z,35.28,ANZCO Grazing,4,Complete,false,1,1,1,2026-04-08T21:19:25.506Z
1703,47,2024-08-21T00:00:00.000Z,455.42,Finance Stock,4,Complete,false,119,2,128,2026-04-08T21:19:25.507Z
1705,38,2024-08-23T00:00:00.000Z,498.39,Farm Owned,4,Complete,false,2,2,6,2026-04-08T21:19:25.508Z
1706,39,2024-08-28T00:00:00.000Z,467.69,Farm Owned,4,Complete,false,2,2,6,2026-04-08T21:19:25.509Z
1707,417,2024-08-28T00:00:00.000Z,37.07,ANZCO Grazing,4,Complete,false,1,1,1,2026-04-08T21:19:25.510Z
1710,310,2024-08-26T00:00:00.000Z,38.5,ANZCO Grazing,4,Complete,false,103,1,115,2026-04-08T21:19:25.510Z
1711,55,2024-08-07T00:00:00.000Z,223,Finance Stock,4,Complete,false,10,5,30,2026-04-08T21:19:25.511Z
1712,74,2024-08-20T00:00:00.000Z,459.46,Finance Stock,4,Complete,false,133,2,145,2026-04-08T21:19:25.512Z
1713,41,2024-09-01T00:00:00.000Z,440.1,Farm Owned,4,Complete,false,2,2,6,2026-04-08T21:19:25.512Z
1714,84,2024-09-05T00:00:00.000Z,316.67,Farm Owned,4,Complete,false,3,2,11,2026-04-08T21:19:25.513Z
1715,27,2024-09-06T00:00:00.000Z,441.85,Finance Stock,4,Complete,false,154,2,165,2026-04-08T21:19:25.514Z
1716,313,2024-09-10T00:00:00.000Z,202.1,Finance Stock,4,Complete,false,222,5,221,2026-04-08T21:19:25.516Z
1717,432,2024-09-09T00:00:00.000Z,391.66,Finance Stock,4,Complete,false,222,5,221,2026-04-08T21:19:25.517Z
1718,516,2024-09-09T00:00:00.000Z,36.09,ANZCO Grazing,4,Complete,false,2,1,5,2026-04-08T21:19:25.518Z
1720,500,2024-09-04T00:00:00.000Z,38.26,ANZCO Grazing,4,Complete,false,103,1,115,2026-04-08T21:19:25.519Z
1721,5,2024-09-05T00:00:00.000Z,406,Finance Stock,4,Complete,false,143,2,155,2026-04-08T21:19:25.520Z
1722,120,2024-09-13T00:00:00.000Z,388.53,Finance Stock,4,Complete,false,148,2,160,2026-04-08T21:19:25.521Z
1723,192,2024-09-16T00:00:00.000Z,30.93,Finance Stock,4,Complete,false,93,1,107,2026-04-08T21:19:25.522Z
1724,15,2024-08-26T00:00:00.000Z,400,Finance Stock,4,Complete,false,243,5,234,2026-04-08T21:19:25.523Z
1726,8,2024-09-13T00:00:00.000Z,100,Finance Stock,4,Complete,false,224,14,228,2026-04-08T21:19:25.524Z
1727,41,2024-09-09T00:00:00.000Z,400,Finance Stock,4,Complete,false,119,2,128,2026-04-08T21:19:25.525Z
1729,58,2024-09-20T00:00:00.000Z,460,Finance Stock,4,Complete,false,245,5,237,2026-04-08T21:19:25.526Z
1730,38,2024-09-20T00:00:00.000Z,300,Finance Stock,4,Complete,false,245,5,237,2026-04-08T21:19:25.527Z
1733,120,2024-09-26T00:00:00.000Z,450,Finance Stock,4,Complete,false,248,5,245,2026-04-08T21:19:25.528Z
1736,1300,2024-09-23T00:00:00.000Z,33,Finance Stock,4,Complete,false,246,1,240,2026-04-08T21:19:25.529Z
1737,19,2024-09-26T00:00:00.000Z,347.47,Finance Stock,4,Complete,false,143,2,155,2026-04-08T21:19:25.530Z
1738,61,2024-10-04T00:00:00.000Z,238.23,Finance Stock,4,Complete,false,46,5,76,2026-04-08T21:19:25.531Z
1739,53,2024-10-02T00:00:00.000Z,400,Finance Stock,4,Complete,false,249,5,248,2026-04-08T21:19:25.532Z
1740,45,2024-09-18T00:00:00.000Z,491.64,Finance Stock,4,Complete,false,140,5,148,2026-04-08T21:19:25.533Z
1743,4,2024-10-07T00:00:00.000Z,586.25,Finance Stock,4,Complete,false,119,2,128,2026-04-08T21:19:25.534Z
1744,3,2024-10-07T00:00:00.000Z,505,Finance Stock,4,Complete,false,119,2,128,2026-04-08T21:19:25.535Z
1745,27,2024-10-01T00:00:00.000Z,400,Finance Stock,4,Complete,false,142,2,151,2026-04-08T21:19:25.536Z
1746,27,2024-10-01T00:00:00.000Z,400,Finance Stock,4,Complete,false,221,2,219,2026-04-08T21:19:25.537Z
1748,8,2024-10-07T00:00:00.000Z,498.75,Finance Stock,4,Complete,false,119,2,128,2026-04-08T21:19:25.540Z
1749,126,2024-10-07T00:00:00.000Z,280,Finance Stock,4,Complete,false,250,5,250,2026-04-08T21:19:25.541Z
1750,2,2024-10-01T00:00:00.000Z,400,Finance Stock,4,Complete,false,142,2,151,2026-04-08T21:19:25.542Z
1751,70,2024-10-12T00:00:00.000Z,346.57,Finance Stock,4,Complete,false,38,2,61,2026-04-08T21:19:25.543Z
1752,82,2024-10-15T00:00:00.000Z,455.1,Finance Stock,4,Complete,false,119,2,128,2026-04-08T21:19:25.544Z
1753,75,2024-10-13T00:00:00.000Z,426.47,Finance Stock,4,Complete,false,144,5,156,2026-04-08T21:19:25.545Z
1755,26,2024-10-17T00:00:00.000Z,452.49,Finance Stock,4,Complete,false,119,2,128,2026-04-08T21:19:25.545Z
1756,78,2024-10-04T00:00:00.000Z,286.57,Finance Stock,4,Complete,false,249,5,248,2026-04-08T21:19:25.546Z
1758,18,2024-10-17T00:00:00.000Z,470.58,Finance Stock,4,Complete,false,144,5,156,2026-04-08T21:19:25.547Z
1759,4,2024-10-17T00:00:00.000Z,455.88,Finance Stock,4,Complete,false,144,5,156,2026-04-08T21:19:25.548Z
1760,2560,2024-10-16T00:00:00.000Z,97.66,Finance Stock,4,Complete,false,256,1,262,2026-04-08T21:19:25.549Z
1761,2,2024-10-17T00:00:00.000Z,470.59,Finance Stock,4,Complete,false,144,5,156,2026-04-08T21:19:25.550Z
1762,2,2024-10-17T00:00:00.000Z,485.3,Finance Stock,4,Complete,false,144,5,156,2026-04-08T21:19:25.550Z
1763,30,2024-10-18T00:00:00.000Z,411.76,Finance Stock,4,Complete,false,144,5,156,2026-04-08T21:19:25.551Z
1764,2,2024-10-22T00:00:00.000Z,382.35,Finance Stock,4,Complete,false,144,5,156,2026-04-08T21:19:25.552Z
1767,20,2024-10-21T00:00:00.000Z,207.5,Finance Stock,4,Complete,false,245,5,237,2026-04-08T21:19:25.552Z
1768,10,2024-10-17T00:00:00.000Z,485.29,Finance Stock,4,Complete,false,144,5,156,2026-04-08T21:19:25.553Z
1769,30,2024-10-17T00:00:00.000Z,485.29,Finance Stock,4,Complete,false,144,5,156,2026-04-08T21:19:25.554Z
1770,14,2024-10-18T00:00:00.000Z,382.35,Finance Stock,4,Complete,false,144,5,156,2026-04-08T21:19:25.556Z
1772,10,2024-10-23T00:00:00.000Z,227.94,Finance Stock,4,Complete,false,10,5,30,2026-04-08T21:19:25.556Z
1773,26,2024-10-23T00:00:00.000Z,265.23,Finance Stock,4,Complete,false,10,5,30,2026-04-08T21:19:25.558Z
1774,2000,2024-10-23T00:00:00.000Z,25,Finance Stock,4,Complete,false,147,1,159,2026-04-08T21:19:25.559Z
1775,126,2024-10-30T00:00:00.000Z,100,Finance Stock,4,Complete,false,244,14,236,2026-04-08T21:19:25.560Z
1776,40,2024-10-30T00:00:00.000Z,100,Finance Stock,4,Complete,false,244,14,236,2026-04-08T21:19:25.561Z
1777,30,2024-10-31T00:00:00.000Z,261.57,Finance Stock,4,Complete,false,257,9,265,2026-04-08T21:19:25.562Z
1778,1000,2024-10-16T00:00:00.000Z,50,Finance Stock,4,Complete,false,150,1,161,2026-04-08T21:19:25.563Z
1779,10,2024-10-21T00:00:00.000Z,293,Finance Stock,4,Complete,false,245,5,237,2026-04-08T21:19:25.564Z
1780,41,2024-10-21T00:00:00.000Z,280.4,Finance Stock,4,Complete,false,245,5,237,2026-04-08T21:19:25.564Z
1781,44,2024-10-17T00:00:00.000Z,464.72,Finance Stock,4,Complete,false,140,5,148,2026-04-08T21:19:25.565Z
1782,14,2024-10-29T00:00:00.000Z,382.35,Finance Stock,4,Complete,false,144,5,156,2026-04-08T21:19:25.566Z
1783,6,2024-10-29T00:00:00.000Z,382.35,Finance Stock,4,Complete,false,144,5,156,2026-04-08T21:19:25.567Z
1784,30,2024-10-16T00:00:00.000Z,471.57,Finance Stock,4,Complete,false,144,5,156,2026-04-08T21:19:25.567Z
1785,16,2024-10-25T00:00:00.000Z,353.68,Finance Stock,4,Complete,false,245,5,237,2026-04-08T21:19:25.568Z
1786,37,2024-10-25T00:00:00.000Z,334.33,Finance Stock,4,Complete,false,245,5,237,2026-04-08T21:19:25.569Z
1787,48,2024-10-25T00:00:00.000Z,364.58,Finance Stock,4,Complete,false,249,5,248,2026-04-08T21:19:25.570Z
1790,5,2024-10-22T00:00:00.000Z,400,Finance Stock,4,Complete,false,144,5,156,2026-04-08T21:19:25.571Z
1791,2240,2024-10-30T00:00:00.000Z,25,Finance Stock,4,Complete,false,146,1,158,2026-04-08T21:19:25.572Z
1792,8,2024-11-01T00:00:00.000Z,470.59,Finance Stock,4,Complete,false,168,5,175,2026-04-08T21:19:25.573Z
1794,7,2024-11-07T00:00:00.000Z,297,Finance Stock,4,Complete,false,257,9,265,2026-04-08T21:19:25.574Z
1795,6,2024-11-07T00:00:00.000Z,303,Finance Stock,4,Complete,false,257,9,265,2026-04-08T21:19:25.575Z
1796,11,2024-11-07T00:00:00.000Z,340,Finance Stock,4,Complete,false,143,2,155,2026-04-08T21:19:25.576Z
1797,19,2024-11-01T00:00:00.000Z,388.3,Finance Stock,4,Complete,false,222,5,221,2026-04-08T21:19:25.576Z
1798,4,2024-10-31T00:00:00.000Z,455.88,Finance Stock,4,Complete,false,144,5,156,2026-04-08T21:19:25.577Z
1799,8,2024-10-31T00:00:00.000Z,485.29,Finance Stock,4,Complete,false,144,5,156,2026-04-08T21:19:25.578Z
1800,46,2024-11-04T00:00:00.000Z,100,Finance Stock,4,Complete,false,222,14,223,2026-04-08T21:19:25.579Z
1801,42,2024-11-06T00:00:00.000Z,100,Finance Stock,4,Complete,false,247,14,242,2026-04-08T21:19:25.580Z
1802,42,2024-11-06T00:00:00.000Z,100,Finance Stock,4,Complete,false,247,14,242,2026-04-08T21:19:25.581Z
1803,78,2024-11-06T00:00:00.000Z,100,Finance Stock,4,Complete,false,247,14,242,2026-04-08T21:19:25.582Z
1804,1008,2024-11-08T00:00:00.000Z,34.56,Farm Owned,4,Complete,false,2,1,5,2026-04-08T21:19:25.582Z
1805,8,2024-11-01T00:00:00.000Z,500,Finance Stock,4,Complete,false,119,2,128,2026-04-08T21:19:25.583Z
1808,22,2024-11-07T00:00:00.000Z,224.73,Finance Stock,4,Complete,false,260,5,269,2026-04-08T21:19:25.585Z
1810,8,2024-11-06T00:00:00.000Z,318.75,Finance Stock,4,Complete,false,259,2,266,2026-04-08T21:19:25.586Z
1812,130,2024-11-07T00:00:00.000Z,100,Finance Stock,4,Complete,false,82,14,89,2026-04-08T21:19:25.588Z
1813,122,2024-11-07T00:00:00.000Z,100,Finance Stock,4,Complete,false,248,14,246,2026-04-08T21:19:25.589Z
1814,45,2024-10-23T00:00:00.000Z,414.44,Finance Stock,4,Complete,false,10,2,29,2026-04-08T21:19:25.589Z
1815,103,2024-10-30T00:00:00.000Z,270.27,Finance Stock,4,Complete,false,249,5,248,2026-04-08T21:19:25.590Z
1816,12,2024-11-13T00:00:00.000Z,493.24,Finance Stock,4,Complete,false,119,5,129,2026-04-08T21:19:25.592Z
1817,104,2024-11-11T00:00:00.000Z,100,Finance Stock,4,Complete,false,222,14,223,2026-04-08T21:19:25.592Z
1818,16,2024-11-04T00:00:00.000Z,100,Finance Stock,4,Complete,false,225,14,230,2026-04-08T21:19:25.593Z
1819,73,2024-11-08T00:00:00.000Z,294.61,Finance Stock,4,Complete,false,92,2,104,2026-04-08T21:19:25.594Z
1820,21,2024-11-15T00:00:00.000Z,100,Finance Stock,4,Complete,false,225,14,230,2026-04-08T21:19:25.595Z
1822,60,2024-11-12T00:00:00.000Z,100,Finance Stock,4,Complete,false,247,14,242,2026-04-08T21:19:25.596Z
1823,59,2024-11-07T00:00:00.000Z,100,Finance Stock,4,Complete,false,248,14,246,2026-04-08T21:19:25.596Z
1824,70,2024-11-12T00:00:00.000Z,100,Finance Stock,4,Complete,false,247,14,242,2026-04-08T21:19:25.597Z
1825,50,2024-11-12T00:00:00.000Z,100,Finance Stock,4,Complete,false,247,14,242,2026-04-08T21:19:25.598Z
1826,96,2024-11-15T00:00:00.000Z,100,Finance Stock,4,Complete,false,254,14,257,2026-04-08T21:19:25.599Z
1827,150,2024-11-04T00:00:00.000Z,100,Finance Stock,4,Complete,false,242,14,232,2026-04-08T21:19:25.600Z
1828,14,2024-11-14T00:00:00.000Z,190.5,Finance Stock,4,Complete,false,260,5,269,2026-04-08T21:19:25.601Z
1829,104,2024-11-15T00:00:00.000Z,100,Finance Stock,4,Complete,false,253,14,254,2026-04-08T21:19:25.602Z
1830,68,2024-11-15T00:00:00.000Z,100,Finance Stock,4,Complete,false,254,14,257,2026-04-08T21:19:25.603Z
1831,77,2024-11-14T00:00:00.000Z,100,Finance Stock,4,Complete,false,46,14,77,2026-04-08T21:19:25.604Z
1834,148,2024-11-15T00:00:00.000Z,291.21,Finance Stock,4,Complete,false,262,5,272,2026-04-08T21:19:25.606Z
1835,150,2024-11-15T00:00:00.000Z,283.69,Finance Stock,4,Complete,false,255,5,260,2026-04-08T21:19:25.607Z
1836,42,2024-11-18T00:00:00.000Z,530,Finance Stock,4,Complete,false,142,2,151,2026-04-08T21:19:25.608Z
1837,101,2024-11-20T00:00:00.000Z,100,Finance Stock,4,Complete,false,251,14,253,2026-04-08T21:19:25.609Z
1838,20,2024-11-06T00:00:00.000Z,500,Finance Stock,4,Complete,false,144,5,156,2026-04-08T21:19:25.610Z
1839,35,2024-10-30T00:00:00.000Z,558.82,Finance Stock,4,Complete,false,218,5,216,2026-04-08T21:19:25.611Z
1840,46,2024-11-19T00:00:00.000Z,100,Finance Stock,4,Complete,false,263,14,273,2026-04-08T21:19:25.612Z
1841,45,2024-11-19T00:00:00.000Z,100,Finance Stock,4,Complete,false,263,14,273,2026-04-08T21:19:25.613Z
1842,9,2024-11-19T00:00:00.000Z,100,Finance Stock,4,Complete,false,263,14,273,2026-04-08T21:19:25.613Z
1843,45,2024-11-04T00:00:00.000Z,233.11,Finance Stock,4,Complete,false,10,5,30,2026-04-08T21:19:25.614Z
1844,16,2024-11-06T00:00:00.000Z,452.21,Finance Stock,4,Complete,false,144,5,156,2026-04-08T21:19:25.615Z
1845,12,2024-11-13T00:00:00.000Z,421.57,Finance Stock,4,Complete,false,144,5,156,2026-04-08T21:19:25.615Z
1846,3,2024-11-12T00:00:00.000Z,529.41,Finance Stock,4,Complete,false,144,5,156,2026-04-08T21:19:25.617Z
1847,2,2024-11-21T00:00:00.000Z,220.5,Finance Stock,4,Complete,false,260,5,269,2026-04-08T21:19:25.617Z
1848,16,2024-11-18T00:00:00.000Z,411.77,Finance Stock,4,Complete,false,144,5,156,2026-04-08T21:19:25.618Z
1849,60,2024-11-20T00:00:00.000Z,100,Finance Stock,4,Complete,false,251,14,253,2026-04-08T21:19:25.619Z
1850,50,2024-11-18T00:00:00.000Z,100,Finance Stock,4,Complete,false,222,14,223,2026-04-08T21:19:25.619Z
1852,52,2024-11-14T00:00:00.000Z,345.27,Finance Stock,4,Complete,false,140,5,148,2026-04-08T21:19:25.620Z
1853,60,2024-11-18T00:00:00.000Z,100,Finance Stock,4,Complete,false,241,14,231,2026-04-08T21:19:25.621Z
1855,44,2024-11-22T00:00:00.000Z,500,Finance Stock,4,Complete,false,119,2,128,2026-04-08T21:19:25.622Z
1856,60,2024-11-14T00:00:00.000Z,100,Finance Stock,4,Complete,false,264,14,277,2026-04-08T21:19:25.623Z
1857,8,2024-11-25T00:00:00.000Z,100,Finance Stock,4,Complete,false,241,14,231,2026-04-08T21:19:25.624Z
1858,115,2024-11-22T00:00:00.000Z,100,Finance Stock,4,Complete,false,123,14,133,2026-04-08T21:19:25.626Z
1859,41,2024-11-22T00:00:00.000Z,100,Finance Stock,4,Complete,false,123,14,133,2026-04-08T21:19:25.627Z
1860,36,2024-11-04T00:00:00.000Z,300,Finance Stock,4,Complete,false,255,5,260,2026-04-08T21:19:25.628Z
1862,46,2024-11-18T00:00:00.000Z,322.85,Finance Stock,4,Complete,false,265,5,280,2026-04-08T21:19:25.628Z
1863,13,2024-11-26T00:00:00.000Z,100,Finance Stock,4,Complete,false,241,14,231,2026-04-08T21:19:25.629Z
1864,18,2024-11-21T00:00:00.000Z,342.48,Finance Stock,4,Complete,false,119,2,128,2026-04-08T21:19:25.630Z
1865,20,2024-11-21T00:00:00.000Z,211.96,Finance Stock,4,Complete,false,260,5,269,2026-04-08T21:19:25.631Z
1866,8,2024-11-26T00:00:00.000Z,100,Finance Stock,4,Complete,false,241,14,231,2026-04-08T21:19:25.631Z
1867,200,2024-11-27T00:00:00.000Z,100,Finance Stock,4,Complete,false,266,14,281,2026-04-08T21:19:25.633Z
1868,82,2024-11-26T00:00:00.000Z,100,Finance Stock,4,Complete,false,247,14,242,2026-04-08T21:19:25.633Z
1870,138,2024-11-22T00:00:00.000Z,100,Finance Stock,4,Complete,false,260,14,270,2026-04-08T21:19:25.634Z
1871,8,2024-11-22T00:00:00.000Z,100,Finance Stock,4,Complete,false,260,14,270,2026-04-08T21:19:25.635Z
1872,77,2024-11-26T00:00:00.000Z,100,Finance Stock,4,Complete,false,254,14,257,2026-04-08T21:19:25.635Z
1873,120,2024-11-20T00:00:00.000Z,100,Finance Stock,4,Complete,false,255,14,261,2026-04-08T21:19:25.636Z
1874,60,2024-11-26T00:00:00.000Z,100,Finance Stock,4,Complete,false,254,14,257,2026-04-08T21:19:25.637Z
1875,74,2024-11-26T00:00:00.000Z,100,Finance Stock,4,Complete,false,247,14,242,2026-04-08T21:19:25.638Z
1877,30,2024-11-25T00:00:00.000Z,100,Finance Stock,4,Complete,false,267,14,282,2026-04-08T21:19:25.639Z
1878,25,2024-11-28T00:00:00.000Z,100,Finance Stock,4,Complete,false,269,14,286,2026-04-08T21:19:25.642Z
1879,85,2024-11-28T00:00:00.000Z,100,Finance Stock,4,Complete,false,269,14,286,2026-04-08T21:19:25.643Z
1880,42,2024-11-26T00:00:00.000Z,320,Finance Stock,4,Complete,false,119,2,128,2026-04-08T21:19:25.644Z
1881,11,2024-11-29T00:00:00.000Z,100,Finance Stock,4,Complete,false,241,14,231,2026-04-08T21:19:25.645Z
1882,77,2024-11-22T00:00:00.000Z,100,Finance Stock,4,Complete,false,269,14,286,2026-04-08T21:19:25.646Z
1883,73,2024-11-28T00:00:00.000Z,100,Finance Stock,4,Complete,false,269,14,286,2026-04-08T21:19:25.647Z
1884,45,2024-11-28T00:00:00.000Z,100,Finance Stock,4,Complete,false,269,14,286,2026-04-08T21:19:25.648Z
1885,11,2024-11-28T00:00:00.000Z,100,Finance Stock,4,Complete,false,269,14,286,2026-04-08T21:19:25.649Z
1886,9,2024-12-22T00:00:00.000Z,500,Finance Stock,4,Complete,false,144,5,156,2026-04-08T21:19:25.650Z
1887,75,2024-11-26T00:00:00.000Z,331.13,Finance Stock,4,Complete,false,268,5,284,2026-04-08T21:19:25.652Z
1888,34,2024-11-25T00:00:00.000Z,389.71,Finance Stock,4,Complete,false,144,5,156,2026-04-08T21:19:25.652Z
1889,73,2024-11-25T00:00:00.000Z,349.99,Finance Stock,4,Complete,false,268,5,284,2026-04-08T21:19:25.653Z
1890,100,2024-11-25T00:00:00.000Z,100,Finance Stock,4,Complete,false,245,14,238,2026-04-08T21:19:25.654Z
1891,27,2024-11-26T00:00:00.000Z,361.96,Finance Stock,4,Complete,false,265,5,280,2026-04-08T21:19:25.655Z
1892,12,2024-12-03T00:00:00.000Z,100,Finance Stock,4,Complete,false,241,14,231,2026-04-08T21:19:25.656Z
1893,25,2024-03-21T00:00:00.000Z,618,Finance Stock,4,Complete,false,142,2,151,2026-04-08T21:19:25.657Z
1894,15,2024-11-22T00:00:00.000Z,393.14,Finance Stock,4,Complete,false,144,5,156,2026-04-08T21:19:25.658Z
1895,40,2024-11-22T00:00:00.000Z,367.65,Finance Stock,4,Complete,false,144,5,156,2026-04-08T21:19:25.659Z
1897,264,2024-12-03T00:00:00.000Z,32,Finance Stock,4,Complete,false,270,1,287,2026-04-08T21:19:25.661Z
1898,56,2024-12-03T00:00:00.000Z,111.07,Grazing Stock,4,Complete,false,270,14,288,2026-04-08T21:19:25.662Z
1899,21,2024-12-03T00:00:00.000Z,100,Grazing Stock,4,Complete,false,270,14,288,2026-04-08T21:19:25.663Z
1900,47,2024-12-03T00:00:00.000Z,105.32,Grazing Stock,4,Complete,false,270,14,288,2026-04-08T21:19:25.665Z
1902,80,2024-12-01T00:00:00.000Z,100,Finance Stock,4,Complete,false,82,14,89,2026-04-08T21:19:25.670Z
1903,9,2024-12-04T00:00:00.000Z,100,Finance Stock,4,Complete,false,241,14,231,2026-04-08T21:19:25.671Z
1904,8,2024-11-25T00:00:00.000Z,455.88,Finance Stock,4,Complete,false,144,5,156,2026-04-08T21:19:25.672Z
1905,4,2024-11-21T00:00:00.000Z,470.59,Finance Stock,4,Complete,false,144,5,156,2026-04-08T21:19:25.673Z
1906,6,2024-11-21T00:00:00.000Z,485.29,Finance Stock,4,Complete,false,144,5,156,2026-04-08T21:19:25.674Z
1907,82,2024-11-19T00:00:00.000Z,100,Finance Stock,4,Complete,false,271,14,289,2026-04-08T21:19:25.675Z
1908,2,2024-11-20T00:00:00.000Z,100,Finance Stock,4,Complete,false,255,14,261,2026-04-08T21:19:25.675Z
1910,400,2024-12-09T00:00:00.000Z,360,Finance Stock,4,Complete,false,272,2,291,2026-04-08T21:19:25.677Z
1911,50,2024-11-21T00:00:00.000Z,268.5,Finance Stock,4,Complete,false,154,2,165,2026-04-08T21:19:25.678Z
1912,167,2024-12-05T00:00:00.000Z,100,Finance Stock,4,Complete,false,247,14,242,2026-04-08T21:19:25.681Z
1913,4,2024-12-06T00:00:00.000Z,652.78,Farm Owned,4,Complete,false,3,5,12,2026-04-08T21:19:25.684Z
1915,85,2024-12-03T00:00:00.000Z,304.89,Finance Stock,4,Complete,false,254,5,256,2026-04-08T21:19:25.685Z
1918,188,2024-12-02T00:00:00.000Z,342.42,Finance Stock,4,Complete,false,140,5,148,2026-04-08T21:19:25.687Z
1919,48,2024-12-03T00:00:00.000Z,347.54,Finance Stock,4,Complete,false,245,5,237,2026-04-08T21:19:25.688Z
1920,46,2024-12-03T00:00:00.000Z,265.66,Finance Stock,4,Complete,false,222,5,221,2026-04-08T21:19:25.690Z
1921,102,2024-11-29T00:00:00.000Z,100,Finance Stock,4,Complete,false,241,14,231,2026-04-08T21:19:25.691Z
1922,65,2024-12-10T00:00:00.000Z,366.45,ANZCO Grazing,4,Complete,false,1,2,2,2026-04-08T21:19:25.692Z
1923,65,2024-12-10T00:00:00.000Z,365.58,ANZCO Grazing,4,Complete,false,1,2,2,2026-04-08T21:19:25.693Z
1924,830,2024-12-10T00:00:00.000Z,29.22,Grazing Stock,4,Complete,false,274,1,292,2026-04-08T21:19:25.694Z
1925,925,2024-12-10T00:00:00.000Z,28.75,Farm Owned,4,Complete,false,1,1,1,2026-04-08T21:19:25.695Z
1927,848,2024-12-10T00:00:00.000Z,27.19,ANZCO Grazing,4,Complete,false,1,1,1,2026-04-08T21:19:25.695Z
1929,277,2024-12-09T00:00:00.000Z,25.71,Finance Stock,4,Complete,false,260,1,267,2026-04-08T21:19:25.696Z
1930,88,2024-12-09T00:00:00.000Z,23.07,Finance Stock,4,Complete,false,260,1,267,2026-04-08T21:19:25.697Z
1931,117,2024-12-06T00:00:00.000Z,401.54,ANZCO Grazing,4,Complete,false,3,2,11,2026-04-08T21:19:25.697Z
1932,101,2024-12-02T00:00:00.000Z,100,Finance Stock,4,Complete,false,255,14,261,2026-04-08T21:19:25.699Z
1933,64,2024-12-05T00:00:00.000Z,100,Finance Stock,4,Complete,false,253,14,254,2026-04-08T21:19:25.700Z
1934,80,2024-12-03T00:00:00.000Z,305.43,Finance Stock,4,Complete,false,276,5,293,2026-04-08T21:19:25.701Z
1935,23,2024-12-08T00:00:00.000Z,330.57,Finance Stock,4,Complete,false,265,5,280,2026-04-08T21:19:25.702Z
1936,60,2024-12-10T00:00:00.000Z,391.67,Finance Stock,4,Complete,false,265,5,280,2026-04-08T21:19:25.703Z
1937,782,2024-12-12T00:00:00.000Z,28.88,Farm Owned,4,Complete,false,1,1,1,2026-04-08T21:19:25.704Z
1938,799,2024-12-12T00:00:00.000Z,29.41,Farm Owned,4,Complete,false,1,1,1,2026-04-08T21:19:25.704Z
1939,12,2024-12-04T00:00:00.000Z,485.29,Finance Stock,4,Complete,false,144,5,156,2026-04-08T21:19:25.705Z
1940,16,2024-12-04T00:00:00.000Z,361.11,Finance Stock,4,Complete,false,144,5,156,2026-04-08T21:19:25.707Z
1941,10,2024-12-04T00:00:00.000Z,485.29,Finance Stock,4,Complete,false,144,5,156,2026-04-08T21:19:25.708Z
1942,27,2024-12-12T00:00:00.000Z,527.11,Finance Stock,4,Complete,false,278,2,294,2026-04-08T21:19:25.711Z
1943,327,2024-12-11T00:00:00.000Z,28.74,Grazing Stock,4,Complete,false,279,1,295,2026-04-08T21:19:25.713Z
1944,80,2024-12-12T00:00:00.000Z,327.5,ANZCO Grazing,4,Complete,false,1,2,2,2026-04-08T21:19:25.715Z
1945,23,2024-12-12T00:00:00.000Z,345.65,ANZCO Grazing,4,Complete,false,1,2,2,2026-04-08T21:19:25.716Z
1946,54,2024-12-13T00:00:00.000Z,358.7,ANZCO Grazing,4,Complete,false,2,2,6,2026-04-08T21:19:25.717Z
1947,58,2024-12-13T00:00:00.000Z,345.22,ANZCO Grazing,4,Complete,false,3,2,11,2026-04-08T21:19:25.718Z
1948,700,2024-12-04T00:00:00.000Z,20,Finance Stock,4,Complete,false,280,1,296,2026-04-08T21:19:25.720Z
1949,73,2024-12-05T00:00:00.000Z,100,Finance Stock,4,Complete,false,46,14,77,2026-04-08T21:19:25.722Z
1950,59,2024-12-04T00:00:00.000Z,343.47,Finance Stock,4,Complete,false,254,5,256,2026-04-08T21:19:25.723Z
1951,20,2024-12-09T00:00:00.000Z,375,Finance Stock,4,Complete,false,142,2,151,2026-04-08T21:19:25.724Z
1952,30,2024-12-09T00:00:00.000Z,385,Finance Stock,4,Complete,false,154,2,165,2026-04-08T21:19:25.725Z
1953,1000,2024-12-13T00:00:00.000Z,20,Finance Stock,4,Complete,false,281,1,297,2026-04-08T21:19:25.726Z
1955,30,2024-12-05T00:00:00.000Z,100,Finance Stock,4,Complete,false,253,14,254,2026-04-08T21:19:25.727Z
1956,50,2024-12-12T00:00:00.000Z,312.22,Finance Stock,4,Complete,false,95,5,110,2026-04-08T21:19:25.727Z
1957,572,2024-12-13T00:00:00.000Z,28.4,Finance Stock,4,Complete,false,270,1,287,2026-04-08T21:19:25.728Z
1958,705,2024-12-16T00:00:00.000Z,31.18,Grazing Stock,4,Complete,false,20,1,45,2026-04-08T21:19:25.730Z
1960,28,2024-11-12T00:00:00.000Z,279.15,Finance Stock,4,Complete,false,95,5,110,2026-04-08T21:19:25.731Z
1961,574,2024-12-16T00:00:00.000Z,27.58,Grazing Stock,4,Complete,false,282,1,298,2026-04-08T21:19:25.732Z
1962,777,2024-12-16T00:00:00.000Z,26.56,Grazing Stock,4,Complete,false,50,1,80,2026-04-08T21:19:25.734Z
1963,90,2024-12-02T00:00:00.000Z,100,Finance Stock,4,Complete,false,283,14,300,2026-04-08T21:19:25.737Z
1964,25,2024-12-17T00:00:00.000Z,380.52,Finance Stock,4,Complete,false,265,5,280,2026-04-08T21:19:25.740Z
1965,10,2024-11-22T00:00:00.000Z,504,Finance Stock,4,Complete,false,38,2,61,2026-04-08T21:19:25.741Z
1966,21,2024-12-10T00:00:00.000Z,482.86,Finance Stock,4,Complete,false,38,2,61,2026-04-08T21:19:25.742Z
1968,69,2024-12-09T00:00:00.000Z,100,Finance Stock,4,Complete,false,247,14,242,2026-04-08T21:19:25.743Z
1969,36,2024-12-13T00:00:00.000Z,100,Finance Stock,4,Complete,false,3,14,14,2026-04-08T21:19:25.744Z
1971,557,2024-12-17T00:00:00.000Z,34.63,ANZCO Grazing,4,Complete,false,50,1,80,2026-04-08T21:19:25.747Z
1972,704,2024-12-17T00:00:00.000Z,30.17,Farm Owned,4,Complete,false,1,1,1,2026-04-08T21:19:25.749Z
1975,706,2024-12-18T00:00:00.000Z,28.82,Grazing Stock,4,Complete,false,50,1,80,2026-04-08T21:19:25.750Z
1976,109,2024-12-13T00:00:00.000Z,100,Finance Stock,4,Complete,false,254,14,257,2026-04-08T21:19:25.752Z
1977,335,2024-12-19T00:00:00.000Z,29.4,Finance Stock,4,Complete,false,85,1,93,2026-04-08T21:19:25.752Z
1979,845,2024-12-19T00:00:00.000Z,30.5,Finance Stock,4,Complete,false,248,1,244,2026-04-08T21:19:25.754Z
1980,466,2024-12-19T00:00:00.000Z,30.62,ANZCO Grazing,4,Complete,false,2,1,5,2026-04-08T21:19:25.755Z
1981,816,2024-12-19T00:00:00.000Z,32,ANZCO Grazing,4,Complete,false,1,1,1,2026-04-08T21:19:25.756Z
1982,71,2024-12-19T00:00:00.000Z,366.2,ANZCO Grazing,4,Complete,false,2,2,6,2026-04-08T21:19:25.758Z
1983,72,2024-12-19T00:00:00.000Z,378.06,ANZCO Grazing,4,Complete,false,2,2,6,2026-04-08T21:19:25.759Z
1984,15,2024-12-16T00:00:00.000Z,431.37,Finance Stock,4,Complete,false,144,5,156,2026-04-08T21:19:25.760Z
1985,116,2024-12-13T00:00:00.000Z,337.9,Finance Stock,4,Complete,false,202,2,196,2026-04-08T21:19:25.762Z
1986,38,2024-12-18T00:00:00.000Z,256.15,Finance Stock,4,Complete,false,202,2,196,2026-04-08T21:19:25.763Z
1987,93,2024-12-13T00:00:00.000Z,303.76,Finance Stock,4,Complete,false,148,2,160,2026-04-08T21:19:25.764Z
1988,350,2024-12-18T00:00:00.000Z,31.11,ANZCO Grazing,4,Complete,false,3,1,10,2026-04-08T21:19:25.766Z
1989,800,2024-12-10T00:00:00.000Z,28.52,Grazing Stock,4,Complete,false,20,1,45,2026-04-08T21:19:25.768Z
1990,55,2024-12-17T00:00:00.000Z,334.91,Finance Stock,4,Complete,false,142,2,151,2026-04-08T21:19:25.770Z
1991,54,2024-12-16T00:00:00.000Z,297.37,Finance Stock,4,Complete,false,142,2,151,2026-04-08T21:19:25.772Z
1992,77,2024-12-13T00:00:00.000Z,100,Finance Stock,4,Complete,false,255,14,261,2026-04-08T21:19:25.775Z
1993,57,2024-12-12T00:00:00.000Z,348.89,Finance Stock,4,Complete,false,142,2,151,2026-04-08T21:19:25.777Z
1994,32,2024-12-04T00:00:00.000Z,100,Finance Stock,4,Complete,false,260,14,270,2026-04-08T21:19:25.780Z
1995,90,2024-12-13T00:00:00.000Z,100,Finance Stock,4,Complete,false,3,14,14,2026-04-08T21:19:25.783Z
1996,70,2024-12-13T00:00:00.000Z,370.57,Finance Stock,4,Complete,false,254,5,256,2026-04-08T21:19:25.786Z
1997,60,2024-12-13T00:00:00.000Z,407.67,Finance Stock,4,Complete,false,262,5,272,2026-04-08T21:19:25.788Z
1998,9,2024-12-18T00:00:00.000Z,386.44,Finance Stock,4,Complete,false,140,5,148,2026-04-08T21:19:25.791Z
1999,9,2024-12-18T00:00:00.000Z,390.44,Finance Stock,4,Complete,false,140,5,148,2026-04-08T21:19:25.794Z
2000,88,2024-12-19T00:00:00.000Z,292.09,Finance Stock,4,Complete,false,222,5,221,2026-04-08T21:19:25.797Z
2001,40,2024-12-20T00:00:00.000Z,100,Finance Stock,4,Complete,false,245,14,238,2026-04-08T21:19:25.799Z
2002,175,2024-12-20T00:00:00.000Z,28.54,Finance Stock,4,Complete,false,270,1,287,2026-04-08T21:19:25.801Z
2003,443,2025-01-05T00:00:00.000Z,30.14,ANZCO Grazing,4,Complete,false,175,1,183,2026-04-08T21:19:25.805Z
2005,440,2024-12-24T00:00:00.000Z,50.77,Finance Stock,4,Complete,false,142,3,152,2026-04-08T21:19:25.807Z
2006,159,2024-12-06T00:00:00.000Z,358.86,Finance Stock,4,Complete,false,140,5,148,2026-04-08T21:19:25.811Z
2007,718,2025-01-07T00:00:00.000Z,30.91,Finance Stock,4,Complete,false,85,1,93,2026-04-08T21:19:25.812Z
2008,19,2025-01-06T00:00:00.000Z,341,Finance Stock,4,Complete,false,142,2,151,2026-04-08T21:19:25.814Z
2012,356,2025-01-10T00:00:00.000Z,30.39,ANZCO Grazing,4,Complete,false,3,1,10,2026-04-08T21:19:25.817Z
2013,1148,2025-01-10T00:00:00.000Z,31.3,ANZCO Grazing,4,Complete,false,3,1,10,2026-04-08T21:19:25.819Z
2014,862,2025-01-08T00:00:00.000Z,34.35,Finance Stock,4,Complete,false,4,1,16,2026-04-08T21:19:25.820Z
2015,301,2025-01-08T00:00:00.000Z,29.07,ANZCO Grazing,4,Complete,false,2,1,5,2026-04-08T21:19:25.822Z
2016,294,2024-12-23T00:00:00.000Z,30.31,ANZCO Grazing,4,Complete,false,279,1,295,2026-04-08T21:19:25.823Z
2017,448,2025-01-08T00:00:00.000Z,32.83,ANZCO Grazing,4,Complete,false,2,1,5,2026-04-08T21:19:25.825Z
2018,137,2025-01-12T00:00:00.000Z,30.51,ANZCO Grazing,4,Complete,false,2,1,5,2026-04-08T21:19:25.828Z
2019,812,2025-01-14T00:00:00.000Z,30,ANZCO Grazing,4,Complete,false,20,1,45,2026-04-08T21:19:25.830Z
2020,1663,2025-01-13T00:00:00.000Z,33.25,Finance Stock,4,Complete,false,248,1,244,2026-04-08T21:19:25.831Z
2021,55,2025-01-14T00:00:00.000Z,324.22,Finance Stock,4,Complete,false,283,5,299,2026-04-08T21:19:25.832Z
2022,43,2024-12-30T00:00:00.000Z,364.47,Finance Stock,4,Complete,false,209,5,205,2026-04-08T21:19:25.834Z
2023,23,2025-01-16T00:00:00.000Z,300,Finance Stock,4,Complete,false,143,2,155,2026-04-08T21:19:25.835Z
2024,678,2025-01-16T00:00:00.000Z,31,ANZCO Grazing,4,Complete,false,3,1,10,2026-04-08T21:19:25.836Z
2025,656,2025-01-16T00:00:00.000Z,30.74,ANZCO Grazing,4,Complete,false,20,1,45,2026-04-08T21:19:25.837Z
2026,627,2025-01-07T00:00:00.000Z,31.29,ANZCO Grazing,4,Complete,false,103,1,115,2026-04-08T21:19:25.838Z
2027,93,2025-01-10T00:00:00.000Z,395,Finance Stock,4,Complete,false,284,2,302,2026-04-08T21:19:25.839Z
2028,17,2025-01-08T00:00:00.000Z,511.76,Finance Stock,4,Complete,false,140,5,148,2026-04-08T21:19:25.839Z
2029,1598,2025-01-17T00:00:00.000Z,32,ANZCO Grazing,4,Complete,false,3,1,10,2026-04-08T21:19:25.840Z
2033,654,2025-01-20T00:00:00.000Z,34,ANZCO Grazing,4,Complete,false,2,1,5,2026-04-08T21:19:25.841Z
2034,849,2025-01-16T00:00:00.000Z,30,Finance Stock,4,Complete,false,220,1,217,2026-04-08T21:19:25.843Z
2035,973,2025-01-16T00:00:00.000Z,30,Finance Stock,4,Complete,false,270,1,287,2026-04-08T21:19:25.844Z
2036,706,2025-01-16T00:00:00.000Z,27,Finance Stock,4,Complete,false,251,1,251,2026-04-08T21:19:25.845Z
2037,385,2025-01-20T00:00:00.000Z,33.17,ANZCO Grazing,4,Complete,false,285,1,303,2026-04-08T21:19:25.846Z
2038,505,2025-01-21T00:00:00.000Z,29.78,Grazing Stock,4,Complete,false,285,1,303,2026-04-08T21:19:25.847Z
2039,761,2025-01-21T00:00:00.000Z,30.81,ANZCO Grazing,4,Complete,false,3,1,10,2026-04-08T21:19:25.847Z
2040,568,2025-01-21T00:00:00.000Z,30.09,ANZCO Grazing,4,Complete,false,3,1,10,2026-04-08T21:19:25.848Z
2041,17,2025-01-16T00:00:00.000Z,500,Finance Stock,4,Complete,false,119,2,128,2026-04-08T21:19:25.849Z
2042,18,2025-01-16T00:00:00.000Z,313.86,Finance Stock,4,Complete,false,284,2,302,2026-04-08T21:19:25.850Z
2043,11,2025-01-16T00:00:00.000Z,27,Finance Stock,4,Complete,false,270,1,287,2026-04-08T21:19:25.851Z
2044,798,2025-01-23T00:00:00.000Z,30.88,ANZCO Grazing,4,Complete,false,2,1,5,2026-04-08T21:19:25.852Z
2045,46,2025-01-13T00:00:00.000Z,438.94,Finance Stock,4,Complete,false,140,5,148,2026-04-08T21:19:25.853Z
2046,52,2025-01-13T00:00:00.000Z,450.48,Finance Stock,4,Complete,false,140,5,148,2026-04-08T21:19:25.853Z
2047,21,2025-01-10T00:00:00.000Z,100,Finance Stock,4,Complete,false,271,14,289,2026-04-08T21:19:25.854Z
2049,63,2025-01-24T00:00:00.000Z,424.13,ANZCO Grazing,4,Complete,false,39,2,62,2026-04-08T21:19:25.855Z
2050,61,2025-01-24T00:00:00.000Z,417.05,ANZCO Grazing,4,Complete,false,39,2,62,2026-04-08T21:19:25.855Z
2051,739,2025-01-24T00:00:00.000Z,30.03,ANZCO Grazing,4,Complete,false,2,1,5,2026-04-08T21:19:25.856Z
2052,912,2025-01-24T00:00:00.000Z,27,ANZCO Grazing,4,Complete,false,2,1,5,2026-04-08T21:19:25.857Z
2053,401,2025-01-24T00:00:00.000Z,26.08,ANZCO Grazing,4,Complete,false,156,1,167,2026-04-08T21:19:25.858Z
2054,65,2025-01-27T00:00:00.000Z,356.92,ANZCO Grazing,4,Complete,false,286,2,305,2026-04-08T21:19:25.859Z
2055,851,2025-01-27T00:00:00.000Z,30.07,Finance Stock,4,Complete,false,220,1,217,2026-04-08T21:19:25.860Z
2056,559,2025-01-27T00:00:00.000Z,32.54,ANZCO Grazing,4,Complete,false,156,1,167,2026-04-08T21:19:25.861Z
2057,25,2025-01-14T00:00:00.000Z,470.75,Finance Stock,4,Complete,false,140,5,148,2026-04-08T21:19:25.861Z
2058,17,2025-01-14T00:00:00.000Z,450.06,Finance Stock,4,Complete,false,140,5,148,2026-04-08T21:19:25.862Z
2059,42,2025-01-15T00:00:00.000Z,100,Finance Stock,4,Complete,false,224,14,228,2026-04-08T21:19:25.864Z
2060,15,2025-01-17T00:00:00.000Z,357.14,Finance Stock,4,Complete,false,287,5,309,2026-04-08T21:19:25.865Z
2061,186,2025-01-27T00:00:00.000Z,30.11,ANZCO Grazing,4,Complete,false,2,1,5,2026-04-08T21:19:25.867Z
2063,67,2025-01-29T00:00:00.000Z,425.9,ANZCO Grazing,4,Complete,false,286,2,305,2026-04-08T21:19:25.873Z
2065,12,2025-01-29T00:00:00.000Z,420.83,ANZCO Grazing,4,Complete,false,39,2,62,2026-04-08T21:19:25.874Z
2069,77,2025-01-30T00:00:00.000Z,335.46,Finance Stock,4,Complete,false,288,5,310,2026-04-08T21:19:25.876Z
2072,62,2025-01-15T00:00:00.000Z,167.75,Finance Stock,4,Complete,false,289,5,311,2026-04-08T21:19:25.878Z
2074,35,2025-01-31T00:00:00.000Z,407.14,ANZCO Grazing,4,Complete,false,1,2,2,2026-04-08T21:19:25.879Z
2075,27,2025-01-31T00:00:00.000Z,426.67,Farm Owned,4,Complete,false,1,2,2,2026-04-08T21:19:25.880Z
2076,17,2025-01-28T00:00:00.000Z,347.37,Finance Stock,4,Complete,false,289,5,311,2026-04-08T21:19:25.881Z
2077,2275,2025-02-03T00:00:00.000Z,35,ANZCO Grazing,4,Complete,false,3,1,10,2026-04-08T21:19:25.882Z
2078,63,2025-02-03T00:00:00.000Z,373.98,ANZCO Grazing,4,Complete,false,3,2,11,2026-04-08T21:19:25.883Z
2079,98,2025-01-30T00:00:00.000Z,409.83,Finance Stock,4,Complete,false,142,2,151,2026-04-08T21:19:25.885Z
2080,782,2025-02-04T00:00:00.000Z,35.23,Grazing Stock,4,Complete,false,50,1,80,2026-04-08T21:19:25.885Z
2081,801,2025-02-04T00:00:00.000Z,32,ANZCO Grazing,4,Complete,false,290,1,313,2026-04-08T21:19:25.886Z
2082,1251,2025-02-04T00:00:00.000Z,35.52,ANZCO Grazing,4,Complete,false,3,1,10,2026-04-08T21:19:25.887Z
2083,800,2025-02-04T00:00:00.000Z,26.5,Grazing Stock,4,Complete,false,274,1,292,2026-04-08T21:19:25.888Z
2084,832,2025-01-29T00:00:00.000Z,28.9,Finance Stock,4,Complete,false,102,1,113,2026-04-08T21:19:25.888Z
2086,117,2024-11-27T00:00:00.000Z,100,Finance Stock,4,Complete,false,38,2,61,2026-04-08T21:19:25.890Z
2087,1500,2025-02-04T00:00:00.000Z,30.64,ANZCO Grazing,4,Complete,false,103,1,115,2026-04-08T21:19:25.891Z
2088,754,2025-02-05T00:00:00.000Z,36,ANZCO Grazing,4,Complete,false,3,1,10,2026-04-08T21:19:25.892Z
2089,611,2025-02-05T00:00:00.000Z,36,ANZCO Grazing,4,Complete,false,156,1,167,2026-04-08T21:19:25.893Z
2090,300,2025-02-05T00:00:00.000Z,35.57,Grazing Stock,4,Complete,false,20,1,45,2026-04-08T21:19:25.895Z
2093,805,2025-02-07T00:00:00.000Z,33.44,Grazing Stock,4,Complete,false,290,1,313,2026-04-08T21:19:25.896Z
2094,82,2025-02-01T00:00:00.000Z,411,Finance Stock,4,Complete,false,265,5,280,2026-04-08T21:19:25.896Z
2095,61,2025-02-03T00:00:00.000Z,334.67,Finance Stock,4,Complete,false,10,2,29,2026-04-08T21:19:25.897Z
2096,204,2025-01-29T00:00:00.000Z,30.89,Finance Stock,4,Complete,false,220,1,217,2026-04-08T21:19:25.898Z
2097,469,2025-01-29T00:00:00.000Z,31.08,Finance Stock,4,Complete,false,292,1,318,2026-04-08T21:19:25.900Z
2098,27,2025-02-03T00:00:00.000Z,300,Finance Stock,4,Complete,false,289,5,311,2026-04-08T21:19:25.911Z
2099,2350,2025-02-10T00:00:00.000Z,33.45,ANZCO Grazing,4,Complete,false,1,1,1,2026-04-08T21:19:25.915Z
2100,882,2025-02-11T00:00:00.000Z,28.7,ANZCO Grazing,4,Complete,false,2,1,5,2026-04-08T21:19:25.917Z
2101,810,2025-02-11T00:00:00.000Z,29.8,Finance Stock,4,Complete,false,4,1,16,2026-04-08T21:19:25.918Z
2102,408,2025-02-11T00:00:00.000Z,28.93,Grazing Stock,4,Complete,false,82,1,86,2026-04-08T21:19:25.919Z
2103,397,2025-02-11T00:00:00.000Z,28.82,ANZCO Grazing,4,Complete,false,293,1,321,2026-04-08T21:19:25.920Z
2104,34,2025-02-05T00:00:00.000Z,440,Finance Stock,4,Complete,false,289,5,311,2026-04-08T21:19:25.921Z
2105,1627,2025-02-13T00:00:00.000Z,32.3,ANZCO Grazing,4,Complete,false,2,1,5,2026-04-08T21:19:25.922Z
2107,15,2025-02-14T00:00:00.000Z,414.6,ANZCO Grazing,4,Complete,false,2,2,6,2026-04-08T21:19:25.923Z
2108,65,2025-02-13T00:00:00.000Z,388.15,ANZCO Grazing,4,Complete,false,2,2,6,2026-04-08T21:19:25.924Z
2109,31,2025-02-02T00:00:00.000Z,450.6,Finance Stock,4,Complete,false,140,5,148,2026-04-08T21:19:25.925Z
2110,21,2025-01-30T00:00:00.000Z,300.9,Finance Stock,4,Complete,false,294,2,323,2026-04-08T21:19:25.926Z
2111,68,2025-01-29T00:00:00.000Z,160,Finance Stock,4,Complete,false,224,14,228,2026-04-08T21:19:25.927Z
2112,3,2025-02-04T00:00:00.000Z,160,Finance Stock,4,Complete,false,224,14,228,2026-04-08T21:19:25.928Z
2113,72,2025-02-04T00:00:00.000Z,400,Finance Stock,4,Complete,false,292,2,319,2026-04-08T21:19:25.930Z
2114,100,2025-02-05T00:00:00.000Z,100,Finance Stock,4,Complete,false,295,14,324,2026-04-08T21:19:25.931Z
2115,160,2025-02-13T00:00:00.000Z,490,Finance Stock,4,Complete,false,296,5,327,2026-04-08T21:19:25.933Z
2116,238,2025-02-13T00:00:00.000Z,35.13,Finance Stock,4,Complete,false,4,1,16,2026-04-08T21:19:25.935Z
2117,272,2025-02-11T00:00:00.000Z,25.59,Finance Stock,4,Complete,false,297,1,329,2026-04-08T21:19:25.936Z
2118,70,2025-02-14T00:00:00.000Z,424,ANZCO Grazing,4,Complete,false,286,2,305,2026-04-08T21:19:25.937Z
2119,70,2025-02-14T00:00:00.000Z,422.1,ANZCO Grazing,4,Complete,false,298,2,332,2026-04-08T21:19:25.938Z
2120,699,2025-02-17T00:00:00.000Z,34.36,ANZCO Grazing,4,Complete,false,3,1,10,2026-04-08T21:19:25.940Z
2121,188,2025-02-14T00:00:00.000Z,32.61,ANZCO Grazing,4,Complete,false,2,1,5,2026-04-08T21:19:25.941Z
2122,43,2025-02-14T00:00:00.000Z,420,ANZCO Grazing,4,Complete,false,2,2,6,2026-04-08T21:19:25.942Z
2123,550,2025-02-17T00:00:00.000Z,34.18,ANZCO Grazing,4,Complete,false,299,1,335,2026-04-08T21:19:25.943Z
2124,25,2025-02-13T00:00:00.000Z,348.8,Finance Stock,4,Complete,false,291,2,315,2026-04-08T21:19:25.945Z
2125,906,2025-02-03T00:00:00.000Z,37,Finance Stock,4,Complete,false,220,1,217,2026-04-08T21:19:25.947Z
2126,601,2025-02-03T00:00:00.000Z,37,Finance Stock,4,Complete,false,220,1,217,2026-04-08T21:19:25.948Z
2127,741,2025-02-17T00:00:00.000Z,31.7,Finance Stock,4,Complete,false,303,1,337,2026-04-08T21:19:25.950Z
2128,1384,2025-02-18T00:00:00.000Z,35.5,ANZCO Grazing,4,Complete,false,3,1,10,2026-04-08T21:19:25.951Z
2131,804,2025-02-19T00:00:00.000Z,32.33,ANZCO Grazing,4,Complete,false,3,1,10,2026-04-08T21:19:25.952Z
2132,832,2025-02-12T00:00:00.000Z,30.5,Finance Stock,4,Complete,false,251,1,251,2026-04-08T21:19:25.952Z
2133,541,2025-02-05T00:00:00.000Z,31.4,Finance Stock,4,Complete,false,92,1,103,2026-04-08T21:19:25.953Z
2134,200,2025-02-09T00:00:00.000Z,31.5,Finance Stock,4,Complete,false,92,1,103,2026-04-08T21:19:25.954Z
2135,1041,2025-02-11T00:00:00.000Z,32,ANZCO Grazing,4,Complete,false,103,1,115,2026-04-08T21:19:25.955Z
2136,50,2025-02-14T00:00:00.000Z,428,ANZCO Grazing,4,Complete,false,3,2,11,2026-04-08T21:19:25.955Z
2137,60,2025-02-18T00:00:00.000Z,429,ANZCO Grazing,4,Complete,false,3,2,11,2026-04-08T21:19:25.956Z
2138,120,2025-02-19T00:00:00.000Z,408.3,ANZCO Grazing,4,Complete,false,3,2,11,2026-04-08T21:19:25.957Z
2139,47,2025-02-10T00:00:00.000Z,300,Finance Stock,4,Complete,false,292,2,319,2026-04-08T21:19:25.959Z
2140,14,2025-02-07T00:00:00.000Z,300,Finance Stock,4,Complete,false,287,5,309,2026-04-08T21:19:25.959Z
2141,516,2025-02-21T00:00:00.000Z,36,ANZCO Grazing,4,Complete,false,1,1,1,2026-04-08T21:19:25.960Z
2142,236,2025-02-21T00:00:00.000Z,34.03,ANZCO Grazing,4,Complete,false,1,1,1,2026-04-08T21:19:25.961Z
2143,700,2025-02-21T00:00:00.000Z,32.7,ANZCO Grazing,4,Complete,false,90,1,99,2026-04-08T21:19:25.962Z
2144,608,2025-02-21T00:00:00.000Z,35.31,ANZCO Grazing,4,Complete,false,3,1,10,2026-04-08T21:19:25.963Z
2145,36,2025-02-13T00:00:00.000Z,264,Finance Stock,4,Complete,false,140,5,148,2026-04-08T21:19:25.964Z
2146,118,2025-01-22T00:00:00.000Z,458.64,ANZCO Grazing,4,Complete,false,3,2,11,2026-04-08T21:19:25.965Z
2147,175,2025-02-11T00:00:00.000Z,28.7,ANZCO Grazing,4,Complete,false,2,1,5,2026-04-08T21:19:25.966Z
2149,70,2025-02-11T00:00:00.000Z,400,Finance Stock,4,Complete,false,251,2,252,2026-04-08T21:19:25.967Z
2150,29,2025-02-20T00:00:00.000Z,150,Finance Stock,4,Complete,false,224,14,228,2026-04-08T21:19:25.968Z
2151,152,2025-02-26T00:00:00.000Z,33.53,ANZCO Grazing,4,Complete,false,1,1,1,2026-04-08T21:19:25.968Z
2152,353,2025-02-26T00:00:00.000Z,32.75,ANZCO Grazing,4,Complete,false,1,1,1,2026-04-08T21:19:25.969Z
2153,80,2025-02-26T00:00:00.000Z,393,ANZCO Grazing,4,Complete,false,1,2,2,2026-04-08T21:19:25.970Z
2155,130,2025-02-21T00:00:00.000Z,34.89,ANZCO Grazing,4,Complete,false,3,1,10,2026-04-08T21:19:25.972Z
2156,770,2025-02-27T00:00:00.000Z,35.91,ANZCO Grazing,4,Complete,false,1,1,1,2026-04-08T21:19:25.972Z
2157,30,2025-02-13T00:00:00.000Z,477.33,Finance Stock,4,Complete,false,142,2,151,2026-04-08T21:19:25.973Z
2158,28,2025-02-27T00:00:00.000Z,342.15,Finance Stock,4,Complete,false,46,5,76,2026-04-08T21:19:25.974Z
2159,15,2025-02-27T00:00:00.000Z,412.69,Finance Stock,4,Complete,false,46,5,76,2026-04-08T21:19:25.975Z
2160,50,2025-02-21T00:00:00.000Z,437.85,Finance Stock,4,Complete,false,140,5,148,2026-04-08T21:19:25.976Z
2162,1494,2025-02-28T00:00:00.000Z,32.68,ANZCO Grazing,4,Complete,false,1,1,1,2026-04-08T21:19:25.976Z
2163,748,2025-03-03T00:00:00.000Z,35.96,ANZCO Grazing,4,Complete,false,1,1,1,2026-04-08T21:19:25.977Z
2164,153,2025-02-27T00:00:00.000Z,351.18,Grazing Stock,4,Complete,false,305,2,338,2026-04-08T21:19:25.978Z
2165,53,2025-02-25T00:00:00.000Z,404.72,Grazing Stock,4,Complete,false,8,2,24,2026-04-08T21:19:25.979Z
2166,63,2025-02-24T00:00:00.000Z,387.46,Grazing Stock,4,Complete,false,8,2,24,2026-04-08T21:19:25.980Z
2167,64,2025-02-24T00:00:00.000Z,396.88,Grazing Stock,4,Complete,false,8,2,24,2026-04-08T21:19:25.981Z
2169,166,2025-03-03T00:00:00.000Z,31.08,ANZCO Grazing,4,Complete,false,1,1,1,2026-04-08T21:19:25.983Z
2171,201,2025-02-26T00:00:00.000Z,25.68,Finance Stock,4,Complete,false,306,1,339,2026-04-08T21:19:25.985Z
2172,127,2025-02-26T00:00:00.000Z,23.51,Finance Stock,4,Complete,false,306,1,339,2026-04-08T21:19:25.987Z
2173,185,2025-02-20T00:00:00.000Z,30.81,Finance Stock,4,Complete,false,292,1,318,2026-04-08T21:19:25.988Z
2174,61,2025-03-05T00:00:00.000Z,491.11,Grazing Stock,4,Complete,false,307,2,340,2026-04-08T21:19:25.989Z
2175,51,2025-03-05T00:00:00.000Z,450.27,Grazing Stock,4,Complete,false,308,2,341,2026-04-08T21:19:25.991Z
2176,48,2025-03-05T00:00:00.000Z,457.67,Grazing Stock,4,Complete,false,308,2,341,2026-04-08T21:19:25.992Z
2178,896,2025-02-21T00:00:00.000Z,28.35,Finance Stock,4,Complete,false,309,1,343,2026-04-08T21:19:25.994Z
2179,92,2025-03-06T00:00:00.000Z,417.56,ANZCO Grazing,4,Complete,false,305,2,338,2026-04-08T21:19:25.994Z
2180,10,2025-03-05T00:00:00.000Z,374,Grazing Stock,4,Complete,false,305,2,338,2026-04-08T21:19:25.995Z
2184,175,2025-03-04T00:00:00.000Z,28.73,Finance Stock,4,Complete,false,297,1,329,2026-04-08T21:19:25.997Z
2186,91,2025-03-04T00:00:00.000Z,350,Finance Stock,4,Complete,false,119,2,128,2026-04-08T21:19:25.998Z
2187,55,2025-02-10T00:00:00.000Z,354.55,ANZCO Grazing,4,Complete,false,116,2,122,2026-04-08T21:19:25.999Z
2188,49,2025-02-11T00:00:00.000Z,353.88,ANZCO Grazing,4,Complete,false,116,2,122,2026-04-08T21:19:26.001Z
2189,63,2025-02-21T00:00:00.000Z,447.14,ANZCO Grazing,4,Complete,false,311,2,345,2026-04-08T21:19:26.002Z
2190,294,2025-02-21T00:00:00.000Z,447.15,ANZCO Grazing,4,Complete,false,325,2,357,2026-04-08T21:19:26.004Z
2191,34,2025-02-28T00:00:00.000Z,430.88,ANZCO Grazing,4,Complete,false,311,2,345,2026-04-08T21:19:26.005Z
2192,55,2025-02-28T00:00:00.000Z,456,ANZCO Grazing,4,Complete,false,311,2,345,2026-04-08T21:19:26.007Z
2193,29,2025-02-28T00:00:00.000Z,432.42,ANZCO Grazing,4,Complete,false,311,2,345,2026-04-08T21:19:26.009Z
2194,795,2025-02-26T00:00:00.000Z,31,ANZCO Grazing,4,Complete,false,103,1,115,2026-04-08T21:19:26.010Z
2195,130,2025-03-06T00:00:00.000Z,411.3,ANZCO Grazing,4,Complete,false,307,2,340,2026-04-08T21:19:26.011Z
2196,750,2025-03-06T00:00:00.000Z,30,ANZCO Grazing,4,Complete,false,3,1,10,2026-04-08T21:19:26.011Z
2198,51,2025-03-07T00:00:00.000Z,464.31,ANZCO Grazing,4,Complete,false,2,2,6,2026-04-08T21:19:26.012Z
2199,26,2025-03-07T00:00:00.000Z,480,ANZCO Grazing,4,Complete,false,1,2,2,2026-04-08T21:19:26.013Z
2202,36,2025-03-07T00:00:00.000Z,483.83,Grazing Stock,4,Complete,false,314,2,347,2026-04-08T21:19:26.014Z
2203,20,2025-03-07T00:00:00.000Z,459,Grazing Stock,4,Complete,false,314,2,347,2026-04-08T21:19:26.015Z
2204,40,2025-02-25T00:00:00.000Z,378.7,Finance Stock,4,Complete,false,140,5,148,2026-04-08T21:19:26.016Z
2205,19,2025-03-08T00:00:00.000Z,396.84,ANZCO Grazing,4,Complete,false,313,2,346,2026-04-08T21:19:26.017Z
2206,24,2025-03-08T00:00:00.000Z,434.17,ANZCO Grazing,4,Complete,false,313,2,346,2026-04-08T21:19:26.018Z
2207,23,2025-03-08T00:00:00.000Z,449.13,ANZCO Grazing,4,Complete,false,313,2,346,2026-04-08T21:19:26.019Z
2208,56,2025-03-09T00:00:00.000Z,470.36,ANZCO Grazing,4,Complete,false,313,2,346,2026-04-08T21:19:26.019Z
2209,35,2025-02-28T00:00:00.000Z,382.2,Finance Stock,4,Complete,false,140,5,148,2026-04-08T21:19:26.020Z
2210,60,2025-02-27T00:00:00.000Z,500,Finance Stock,4,Complete,false,255,2,259,2026-04-08T21:19:26.021Z
2211,397,2025-02-20T00:00:00.000Z,26.32,Finance Stock,4,Complete,false,292,1,318,2026-04-08T21:19:26.023Z
2212,200,2025-03-05T00:00:00.000Z,27.25,Finance Stock,4,Complete,false,297,1,329,2026-04-08T21:19:26.026Z
2213,800,2025-03-05T00:00:00.000Z,27.98,Finance Stock,4,Complete,false,4,1,16,2026-04-08T21:19:26.028Z
2214,33,2025-02-21T00:00:00.000Z,460.6,Finance Stock,4,Complete,false,8,5,25,2026-04-08T21:19:26.028Z
2216,96,2025-03-11T00:00:00.000Z,23.76,Finance Stock,4,Complete,false,297,1,329,2026-04-08T21:19:26.030Z
2219,23,2025-03-12T00:00:00.000Z,440,ANZCO Grazing,4,Complete,false,286,2,305,2026-04-08T21:19:26.032Z
2221,492,2025-03-10T00:00:00.000Z,33.73,Finance Stock,4,Complete,false,309,1,343,2026-04-08T21:19:26.032Z
2222,68,2025-03-14T00:00:00.000Z,405.29,ANZCO Grazing,4,Complete,false,307,2,340,2026-04-08T21:19:26.033Z
2223,50,2025-03-03T00:00:00.000Z,250,Finance Stock,4,Complete,false,154,2,165,2026-04-08T21:19:26.034Z
2224,101,2025-03-12T00:00:00.000Z,480.59,Grazing Stock,4,Complete,false,314,2,347,2026-04-08T21:19:26.034Z
2226,113,2025-03-13T00:00:00.000Z,472.92,Finance Stock,4,Complete,false,133,2,145,2026-04-08T21:19:26.035Z
2228,400,2025-02-11T00:00:00.000Z,28.93,ANZCO Grazing,4,Complete,false,82,1,86,2026-04-08T21:19:26.036Z
2229,400,2025-02-11T00:00:00.000Z,28.82,ANZCO Grazing,4,Complete,false,293,1,321,2026-04-08T21:19:26.036Z
2230,30,2025-03-10T00:00:00.000Z,400,Finance Stock,4,Complete,false,246,2,241,2026-04-08T21:19:26.037Z
2231,40,2025-03-13T00:00:00.000Z,454.55,Finance Stock,4,Complete,false,288,5,310,2026-04-08T21:19:26.038Z
2232,40,2025-03-14T00:00:00.000Z,450.5,Finance Stock,4,Complete,false,8,5,25,2026-04-08T21:19:26.039Z
2233,22,2025-03-14T00:00:00.000Z,405,ANZCO Grazing,4,Complete,false,3,2,11,2026-04-08T21:19:26.040Z
2234,16,2025-03-14T00:00:00.000Z,453.13,Farm Owned,4,Complete,false,3,2,11,2026-04-08T21:19:26.041Z
2236,45,2025-03-17T00:00:00.000Z,452.89,ANZCO Grazing,4,Complete,false,305,2,338,2026-04-08T21:19:26.042Z
2237,37,2025-03-17T00:00:00.000Z,377.84,ANZCO Grazing,4,Complete,false,298,2,332,2026-04-08T21:19:26.043Z
2238,19,2025-03-17T00:00:00.000Z,471.58,Grazing Stock,4,Complete,false,298,2,332,2026-04-08T21:19:26.043Z
2239,760,2025-03-18T00:00:00.000Z,29.98,ANZCO Grazing,4,Complete,false,2,1,5,2026-04-08T21:19:26.044Z
2241,50,2025-03-18T00:00:00.000Z,396,Finance Stock,4,Complete,false,119,2,128,2026-04-08T21:19:26.045Z
2242,43,2025-03-12T00:00:00.000Z,270,ANZCO Grazing,4,Complete,false,3,8,13,2026-04-08T21:19:26.045Z
2243,29,2025-03-04T00:00:00.000Z,353.97,Finance Stock,4,Complete,false,140,5,148,2026-04-08T21:19:26.046Z
2244,67,2025-03-04T00:00:00.000Z,428.66,Finance Stock,4,Complete,false,140,5,148,2026-04-08T21:19:26.047Z
2245,318,2025-03-18T00:00:00.000Z,34.5,Finance Stock,4,Complete,false,93,1,107,2026-04-08T21:19:26.048Z
2246,78,2025-03-14T00:00:00.000Z,268.49,ANZCO Grazing,4,Complete,false,3,8,13,2026-04-08T21:19:26.048Z
2248,130,2025-03-18T00:00:00.000Z,362.31,ANZCO Grazing,4,Complete,false,317,2,351,2026-04-08T21:19:26.051Z
2249,110,2025-03-19T00:00:00.000Z,429.82,ANZCO Grazing,4,Complete,false,2,2,6,2026-04-08T21:19:26.051Z
2250,784,2025-03-19T00:00:00.000Z,34.97,ANZCO Grazing,4,Complete,false,2,1,5,2026-04-08T21:19:26.052Z
2251,61,2025-03-19T00:00:00.000Z,198.69,ANZCO Grazing,4,Complete,false,1,8,3,2026-04-08T21:19:26.053Z
2252,62,2025-03-04T00:00:00.000Z,354,ANZCO Grazing,4,Complete,false,318,2,352,2026-04-08T21:19:26.054Z
2253,65,2025-03-04T00:00:00.000Z,354,ANZCO Grazing,4,Complete,false,319,2,353,2026-04-08T21:19:26.055Z
2258,65,2025-03-20T00:00:00.000Z,420.92,ANZCO Grazing,4,Complete,false,1,2,2,2026-04-08T21:19:26.056Z
2260,502,2025-03-20T00:00:00.000Z,24.39,Farm Owned,4,Complete,false,2,1,5,2026-04-08T21:19:26.057Z
2261,56,2025-03-21T00:00:00.000Z,443.57,ANZCO Grazing,4,Complete,false,313,2,346,2026-04-08T21:19:26.058Z
2262,55,2025-03-21T00:00:00.000Z,436.73,ANZCO Grazing,4,Complete,false,46,2,75,2026-04-08T21:19:26.059Z
2263,38,2025-03-21T00:00:00.000Z,431,ANZCO Grazing,4,Complete,false,2,2,6,2026-04-08T21:19:26.060Z
2264,16,2025-03-21T00:00:00.000Z,387,ANZCO Grazing,4,Complete,false,1,2,2,2026-04-08T21:19:26.061Z
2265,80,2025-03-21T00:00:00.000Z,247.7,ANZCO Grazing,4,Complete,false,3,8,13,2026-04-08T21:19:26.062Z
2266,47,2025-03-21T00:00:00.000Z,238.7,ANZCO Grazing,4,Complete,false,3,8,13,2026-04-08T21:19:26.063Z
2267,116,2025-03-20T00:00:00.000Z,435.87,Finance Stock,4,Complete,false,119,2,128,2026-04-08T21:19:26.063Z
2268,55,2025-03-19T00:00:00.000Z,428.18,Finance Stock,4,Complete,false,119,2,128,2026-04-08T21:19:26.064Z
2269,360,2025-03-17T00:00:00.000Z,32.92,Finance Stock,4,Complete,false,23,1,48,2026-04-08T21:19:26.065Z
2270,502,2025-03-23T00:00:00.000Z,30.52,Finance Stock,4,Complete,false,23,1,48,2026-04-08T21:19:26.067Z
2271,1398,2025-03-24T00:00:00.000Z,34.32,ANZCO Grazing,4,Complete,false,1,1,1,2026-04-08T21:19:26.073Z
2272,126,2025-03-20T00:00:00.000Z,180,Finance Stock,4,Complete,false,263,14,273,2026-04-08T21:19:26.074Z
2273,50,2025-02-27T00:00:00.000Z,447.44,Finance Stock,4,Complete,false,8,5,25,2026-04-08T21:19:26.075Z
2274,52,2025-03-05T00:00:00.000Z,451.02,Finance Stock,4,Complete,false,8,5,25,2026-04-08T21:19:26.076Z
2275,73,2025-03-18T00:00:00.000Z,404.37,Finance Stock,4,Complete,false,119,2,128,2026-04-08T21:19:26.076Z
2276,53,2025-03-17T00:00:00.000Z,451.51,Farm Owned,4,Complete,false,3,2,11,2026-04-08T21:19:26.077Z
2278,5,2025-03-07T00:00:00.000Z,384,Grazing Stock,4,Complete,false,314,2,347,2026-04-08T21:19:26.078Z
2279,290,2025-03-14T00:00:00.000Z,30,ANZCO Grazing,4,Complete,false,103,1,115,2026-04-08T21:19:26.079Z
2280,360,2025-03-21T00:00:00.000Z,31.06,ANZCO Grazing,4,Complete,false,323,1,354,2026-04-08T21:19:26.080Z
2281,1704,2025-03-21T00:00:00.000Z,30.46,ANZCO Grazing,4,Complete,false,323,1,354,2026-04-08T21:19:26.081Z
2283,70,2025-03-25T00:00:00.000Z,386.29,ANZCO Grazing,4,Complete,false,317,2,351,2026-04-08T21:19:26.082Z
2284,18,2025-03-25T00:00:00.000Z,404.44,ANZCO Grazing,4,Complete,false,2,2,6,2026-04-08T21:19:26.083Z
2285,70,2025-03-25T00:00:00.000Z,399.71,ANZCO Grazing,4,Complete,false,2,2,6,2026-04-08T21:19:26.084Z
2286,42,2025-03-13T00:00:00.000Z,424,Finance Stock,4,Complete,false,46,5,76,2026-04-08T21:19:26.085Z
2287,155,2025-03-20T00:00:00.000Z,28.81,Finance Stock,4,Complete,false,4,1,16,2026-04-08T21:19:26.085Z
2288,49,2025-03-18T00:00:00.000Z,435.09,Finance Stock,4,Complete,false,209,5,205,2026-04-08T21:19:26.086Z
2289,660,2025-03-20T00:00:00.000Z,28.14,Finance Stock,4,Complete,false,19,1,42,2026-04-08T21:19:26.087Z
2290,723,2025-03-20T00:00:00.000Z,36.42,ANZCO Grazing,4,Complete,false,1,1,1,2026-04-08T21:19:26.087Z
2292,121,2025-03-25T00:00:00.000Z,212.73,ANZCO Grazing,4,Complete,false,1,8,3,2026-04-08T21:19:26.088Z
2293,110,2025-03-25T00:00:00.000Z,236.09,ANZCO Grazing,4,Complete,false,1,8,3,2026-04-08T21:19:26.089Z
2294,43,2025-03-25T00:00:00.000Z,246.98,ANZCO Grazing,4,Complete,false,1,8,3,2026-04-08T21:19:26.089Z
2295,59,2025-03-25T00:00:00.000Z,254.24,ANZCO Grazing,4,Complete,false,1,8,3,2026-04-08T21:19:26.090Z
2296,76,2025-03-18T00:00:00.000Z,346.2,Finance Stock,4,Complete,false,316,2,349,2026-04-08T21:19:26.092Z
2297,16,2025-03-24T00:00:00.000Z,520,Finance Stock,4,Complete,false,38,2,61,2026-04-08T21:19:26.093Z
2301,54,2025-03-26T00:00:00.000Z,231.11,ANZCO Grazing,4,Complete,false,1,8,3,2026-04-08T21:19:26.094Z
2302,23,2025-03-26T00:00:00.000Z,178.26,ANZCO Grazing,4,Complete,false,1,8,3,2026-04-08T21:19:26.095Z
2303,43,2025-03-26T00:00:00.000Z,220,ANZCO Grazing,4,Complete,false,1,8,3,2026-04-08T21:19:26.096Z
2304,81,2025-03-26T00:00:00.000Z,264.44,ANZCO Grazing,4,Complete,false,116,8,123,2026-04-08T21:19:26.096Z
2305,617,2025-03-20T00:00:00.000Z,32.64,Finance Stock,4,Complete,false,4,1,16,2026-04-08T21:19:26.097Z
2306,137,2025-03-28T00:00:00.000Z,275,ANZCO Grazing,4,Complete,false,3,8,13,2026-04-08T21:19:26.099Z
2307,123,2025-03-28T00:00:00.000Z,260,ANZCO Grazing,4,Complete,false,3,8,13,2026-04-08T21:19:26.099Z
2308,94,2025-03-27T00:00:00.000Z,238.94,ANZCO Grazing,4,Complete,false,1,8,3,2026-04-08T21:19:26.100Z
2309,34,2025-03-27T00:00:00.000Z,207.06,ANZCO Grazing,4,Complete,false,1,8,3,2026-04-08T21:19:26.101Z
2310,7,2025-03-27T00:00:00.000Z,456.57,Finance Stock,4,Complete,false,19,2,43,2026-04-08T21:19:26.102Z
2311,38,2025-03-27T00:00:00.000Z,452.19,Finance Stock,4,Complete,false,19,2,43,2026-04-08T21:19:26.103Z
2312,20,2025-03-27T00:00:00.000Z,480,Finance Stock,4,Complete,false,19,2,43,2026-04-08T21:19:26.103Z
2313,32,2025-03-27T00:00:00.000Z,486.88,Finance Stock,4,Complete,false,19,2,43,2026-04-08T21:19:26.104Z
2314,10,2025-03-27T00:00:00.000Z,437.5,Finance Stock,4,Complete,false,46,5,76,2026-04-08T21:19:26.105Z
2315,35,2025-03-27T00:00:00.000Z,448,ANZCO Grazing,4,Complete,false,2,2,6,2026-04-08T21:19:26.106Z
2316,76,2025-03-28T00:00:00.000Z,250,ANZCO Grazing,4,Complete,false,3,8,13,2026-04-08T21:19:26.106Z
2317,37,2025-03-28T00:00:00.000Z,217,ANZCO Grazing,4,Complete,false,3,8,13,2026-04-08T21:19:26.107Z
2318,36,2025-03-26T00:00:00.000Z,224.44,ANZCO Grazing,4,Complete,false,325,8,358,2026-04-08T21:19:26.108Z
2319,537,2025-03-27T00:00:00.000Z,33,Finance Stock,4,Complete,false,85,1,93,2026-04-08T21:19:26.109Z
2320,35,2025-03-28T00:00:00.000Z,209.14,ANZCO Grazing,4,Complete,false,1,8,3,2026-04-08T21:19:26.110Z
2321,29,2025-03-28T00:00:00.000Z,232.41,ANZCO Grazing,4,Complete,false,1,8,3,2026-04-08T21:19:26.110Z
2322,49,2025-03-28T00:00:00.000Z,405.71,ANZCO Grazing,4,Complete,false,3,2,11,2026-04-08T21:19:26.111Z
2323,60,2025-03-28T00:00:00.000Z,397,ANZCO Grazing,4,Complete,false,3,2,11,2026-04-08T21:19:26.112Z
2324,20,2025-03-28T00:00:00.000Z,443,ANZCO Grazing,4,Complete,false,3,2,11,2026-04-08T21:19:26.112Z
2325,21,2025-03-28T00:00:00.000Z,438,ANZCO Grazing,4,Complete,false,3,2,11,2026-04-08T21:19:26.113Z
2326,151,2025-03-28T00:00:00.000Z,250.99,ANZCO Grazing,4,Complete,false,1,8,3,2026-04-08T21:19:26.114Z
2327,52,2025-03-27T00:00:00.000Z,538.27,Grazing Stock,4,Complete,false,314,2,347,2026-04-08T21:19:26.114Z
2328,55,2025-03-03T00:00:00.000Z,265.82,ANZCO Grazing,4,Complete,false,3,8,13,2026-04-08T21:19:26.115Z
2329,24,2025-03-03T00:00:00.000Z,293.33,ANZCO Grazing,4,Complete,false,3,8,13,2026-04-08T21:19:26.116Z
2330,45,2025-03-03T00:00:00.000Z,256.89,ANZCO Grazing,4,Complete,false,3,8,13,2026-04-08T21:19:26.117Z
2331,141,2025-03-03T00:00:00.000Z,270.16,ANZCO Grazing,4,Complete,false,3,8,13,2026-04-08T21:19:26.118Z
2332,40,2025-03-27T00:00:00.000Z,496,Finance Stock,4,Complete,false,19,2,43,2026-04-08T21:19:26.118Z
2333,26,2025-03-25T00:00:00.000Z,240,ANZCO Grazing,4,Complete,false,328,8,366,2026-04-08T21:19:26.120Z
2335,187,2025-03-28T00:00:00.000Z,35.94,ANZCO Grazing,4,Complete,false,1,1,1,2026-04-08T21:19:26.121Z
2336,702,2025-03-30T00:00:00.000Z,31.21,ANZCO Grazing,4,Complete,false,323,1,354,2026-04-08T21:19:26.122Z
2339,67,2025-03-26T00:00:00.000Z,410,ANZCO Grazing,4,Complete,false,2,2,6,2026-04-08T21:19:26.123Z
2341,2296,2025-04-01T00:00:00.000Z,31.13,ANZCO Grazing,4,Complete,false,1,1,1,2026-04-08T21:19:26.124Z
2342,20,2025-03-26T00:00:00.000Z,351,Finance Stock,4,Complete,false,218,5,216,2026-04-08T21:19:26.125Z
2344,34,2025-03-31T00:00:00.000Z,522.35,Farm Owned,4,Complete,false,1,2,2,2026-04-08T21:19:26.126Z
2345,786,2025-04-02T00:00:00.000Z,31.5,ANZCO Grazing,4,Complete,false,1,1,1,2026-04-08T21:19:26.126Z
2346,216,2025-04-02T00:00:00.000Z,35.32,ANZCO Grazing,4,Complete,false,1,1,1,2026-04-08T21:19:26.127Z
2347,358,2025-04-02T00:00:00.000Z,32.01,ANZCO Grazing,4,Complete,false,1,1,1,2026-04-08T21:19:26.128Z
2348,28,2025-04-02T00:00:00.000Z,269,ANZCO Grazing,4,Complete,false,324,8,356,2026-04-08T21:19:26.129Z
2349,18,2025-04-02T00:00:00.000Z,251.11,ANZCO Grazing,4,Complete,false,1,8,3,2026-04-08T21:19:26.130Z
2351,46,2025-04-02T00:00:00.000Z,416.04,ANZCO Grazing,4,Complete,false,286,2,305,2026-04-08T21:19:26.130Z
2352,38,2025-03-26T00:00:00.000Z,420.77,Finance Stock,4,Complete,false,209,5,205,2026-04-08T21:19:26.131Z
2353,162,2025-03-31T00:00:00.000Z,450.19,Finance Stock,4,Complete,false,326,2,361,2026-04-08T21:19:26.132Z
2354,83,2025-04-02T00:00:00.000Z,252.29,ANZCO Grazing,4,Complete,false,116,8,123,2026-04-08T21:19:26.134Z
2355,63,2025-04-03T00:00:00.000Z,211.59,ANZCO Grazing,4,Complete,false,2,8,9,2026-04-08T21:19:26.135Z
2356,32,2025-03-26T00:00:00.000Z,280.94,ANZCO Grazing,4,Complete,false,3,8,13,2026-04-08T21:19:26.136Z
2357,93,2025-04-01T00:00:00.000Z,236.2,ANZCO Grazing,4,Complete,false,3,8,13,2026-04-08T21:19:26.137Z
2358,54,2025-04-03T00:00:00.000Z,278.33,ANZCO Grazing,4,Complete,false,328,8,366,2026-04-08T21:19:26.138Z
2359,45,2025-04-03T00:00:00.000Z,261.33,ANZCO Grazing,4,Complete,false,1,8,3,2026-04-08T21:19:26.138Z
2360,41,2025-04-03T00:00:00.000Z,220,ANZCO Grazing,4,Complete,false,2,8,9,2026-04-08T21:19:26.139Z
2361,90,2025-04-03T00:00:00.000Z,270,ANZCO Grazing,4,Complete,false,3,8,13,2026-04-08T21:19:26.140Z
2362,94,2025-04-03T00:00:00.000Z,278,ANZCO Grazing,4,Complete,false,3,8,13,2026-04-08T21:19:26.142Z
2363,188,2025-04-03T00:00:00.000Z,266,ANZCO Grazing,4,Complete,false,3,8,13,2026-04-08T21:19:26.142Z
2364,34,2025-04-03T00:00:00.000Z,285,ANZCO Grazing,4,Complete,false,3,8,13,2026-04-08T21:19:26.143Z
2365,20,2025-04-03T00:00:00.000Z,371,ANZCO Grazing,4,Complete,false,3,2,11,2026-04-08T21:19:26.144Z
2366,37,2025-04-03T00:00:00.000Z,251.35,ANZCO Grazing,4,Complete,false,1,8,3,2026-04-08T21:19:26.144Z
2367,35,2025-04-03T00:00:00.000Z,218.86,ANZCO Grazing,4,Complete,false,1,8,3,2026-04-08T21:19:26.145Z
2368,8,2025-04-04T00:00:00.000Z,440,ANZCO Grazing,4,Complete,false,3,2,11,2026-04-08T21:19:26.146Z
2369,48,2025-04-03T00:00:00.000Z,237.35,ANZCO Grazing,4,Complete,false,286,8,306,2026-04-08T21:19:26.146Z
2370,27,2025-04-02T00:00:00.000Z,210,Finance Stock,4,Complete,false,95,5,110,2026-04-08T21:19:26.147Z
2372,715,2025-04-04T00:00:00.000Z,33.72,ANZCO Grazing,4,Complete,false,1,1,1,2026-04-08T21:19:26.148Z
2373,504,2025-04-04T00:00:00.000Z,27.52,ANZCO Grazing,4,Complete,false,1,1,1,2026-04-08T21:19:26.148Z
2374,92,2025-04-04T00:00:00.000Z,271.51,ANZCO Grazing,4,Complete,false,328,8,366,2026-04-08T21:19:26.149Z
2375,97,2025-04-04T00:00:00.000Z,264.64,ANZCO Grazing,4,Complete,false,328,8,366,2026-04-08T21:19:26.150Z
2376,238,2025-04-04T00:00:00.000Z,188,ANZCO Grazing,4,Complete,false,2,8,9,2026-04-08T21:19:26.151Z
2377,23,2025-04-04T00:00:00.000Z,200,ANZCO Grazing,4,Complete,false,1,8,3,2026-04-08T21:19:26.151Z
2378,103,2025-04-02T00:00:00.000Z,179.42,Finance Stock,4,Complete,false,346,2,377,2026-04-08T21:19:26.152Z
2379,785,2025-04-03T00:00:00.000Z,32.36,ANZCO Grazing,4,Complete,false,323,1,354,2026-04-08T21:19:26.153Z
2381,20,2025-04-07T00:00:00.000Z,265,ANZCO Grazing,4,Complete,false,324,8,356,2026-04-08T21:19:26.154Z
2382,21,2025-04-07T00:00:00.000Z,259.05,Finance Stock,4,Complete,false,272,2,291,2026-04-08T21:19:26.155Z
2383,68,2025-04-07T00:00:00.000Z,255.88,ANZCO Grazing,4,Complete,false,324,8,356,2026-04-08T21:19:26.156Z
2385,33,2025-04-07T00:00:00.000Z,230.3,Finance Stock,4,Complete,false,272,2,291,2026-04-08T21:19:26.157Z
2386,50,2025-04-07T00:00:00.000Z,220.8,ANZCO Grazing,4,Complete,false,2,8,9,2026-04-08T21:19:26.158Z
2387,59,2025-04-07T00:00:00.000Z,207.1,ANZCO Grazing,4,Complete,false,1,8,3,2026-04-08T21:19:26.159Z
2388,12,2025-04-07T00:00:00.000Z,248,ANZCO Grazing,4,Complete,false,2,8,9,2026-04-08T21:19:26.160Z
2389,18,2025-04-07T00:00:00.000Z,237,ANZCO Grazing,4,Complete,false,1,8,3,2026-04-08T21:19:26.161Z
2390,8,2025-04-07T00:00:00.000Z,421,ANZCO Grazing,4,Complete,false,2,2,6,2026-04-08T21:19:26.162Z
2391,247,2025-04-03T00:00:00.000Z,0.93,ANZCO Grazing,4,Complete,false,1,8,3,2026-04-08T21:19:26.162Z
2392,83,2025-04-03T00:00:00.000Z,2.65,ANZCO Grazing,4,Complete,false,1,8,3,2026-04-08T21:19:26.163Z
2394,134,2025-04-07T00:00:00.000Z,280.1,ANZCO Grazing,4,Complete,false,39,8,63,2026-04-08T21:19:26.164Z
2395,159,2025-04-08T00:00:00.000Z,186.41,ANZCO Grazing,4,Complete,false,328,8,366,2026-04-08T21:19:26.164Z
2396,54,2025-04-08T00:00:00.000Z,225.74,ANZCO Grazing,4,Complete,false,2,8,9,2026-04-08T21:19:26.165Z
2397,41,2025-04-08T00:00:00.000Z,208.05,ANZCO Grazing,4,Complete,false,1,8,3,2026-04-08T21:19:26.166Z
2398,29,2025-04-01T00:00:00.000Z,511.17,Finance Stock,4,Complete,false,133,2,145,2026-04-08T21:19:26.167Z
2399,44,2025-04-01T00:00:00.000Z,468.18,Finance Stock,4,Complete,false,133,2,145,2026-04-08T21:19:26.167Z
2400,60,2025-04-02T00:00:00.000Z,168.33,Finance Stock,4,Complete,false,260,2,268,2026-04-08T21:19:26.168Z
2403,108,2025-04-04T00:00:00.000Z,382.8,Finance Stock,4,Complete,false,296,5,327,2026-04-08T21:19:26.169Z
2406,4,2025-04-08T00:00:00.000Z,423,Finance Stock,4,Complete,false,331,2,367,2026-04-08T21:19:26.170Z
2407,43,2025-04-08T00:00:00.000Z,385,Finance Stock,4,Complete,false,331,2,367,2026-04-08T21:19:26.170Z
2408,134,2025-04-08T00:00:00.000Z,233.58,ANZCO Grazing,4,Complete,false,39,8,63,2026-04-08T21:19:26.171Z
2409,45,2025-04-09T00:00:00.000Z,245,ANZCO Grazing,4,Complete,false,2,8,9,2026-04-08T21:19:26.172Z
2410,47,2025-04-09T00:00:00.000Z,218.09,ANZCO Grazing,4,Complete,false,1,8,3,2026-04-08T21:19:26.173Z
2411,205,2025-04-09T00:00:00.000Z,214.83,ANZCO Grazing,4,Complete,false,328,8,366,2026-04-08T21:19:26.174Z
2412,486,2025-04-09T00:00:00.000Z,28.74,ANZCO Grazing,4,Complete,false,2,1,5,2026-04-08T21:19:26.174Z
2413,247,2025-04-09T00:00:00.000Z,32.71,ANZCO Grazing,4,Complete,false,2,1,5,2026-04-08T21:19:26.175Z
2414,74,2025-04-09T00:00:00.000Z,210,ANZCO Grazing,4,Complete,false,1,8,3,2026-04-08T21:19:26.176Z
2415,297,2025-04-04T00:00:00.000Z,35,ANZCO Grazing,4,Complete,false,1,1,1,2026-04-08T21:19:26.177Z
2416,139,2025-04-09T00:00:00.000Z,206,ANZCO Grazing,4,Complete,false,2,8,9,2026-04-08T21:19:26.177Z
2417,131,2025-04-07T00:00:00.000Z,227.8,ANZCO Grazing,4,Complete,false,2,8,9,2026-04-08T21:19:26.178Z
2418,70,2025-04-07T00:00:00.000Z,194.43,ANZCO Grazing,4,Complete,false,1,8,3,2026-04-08T21:19:26.179Z
2419,48,2025-04-10T00:00:00.000Z,219.58,ANZCO Grazing,4,Complete,false,2,8,9,2026-04-08T21:19:26.179Z
2420,58,2025-04-10T00:00:00.000Z,210.02,ANZCO Grazing,4,Complete,false,1,8,3,2026-04-08T21:19:26.180Z
2422,34,2025-04-10T00:00:00.000Z,273.24,ANZCO Grazing,4,Complete,false,2,8,9,2026-04-08T21:19:26.181Z
2423,25,2025-04-10T00:00:00.000Z,261.6,ANZCO Grazing,4,Complete,false,1,8,3,2026-04-08T21:19:26.181Z
2425,18,2025-04-01T00:00:00.000Z,423,Finance Stock,4,Complete,false,222,5,221,2026-04-08T21:19:26.182Z
2426,54,2025-04-09T00:00:00.000Z,397.22,Finance Stock,4,Complete,false,140,5,148,2026-04-08T21:19:26.183Z
2427,110,2025-04-09T00:00:00.000Z,224.09,ANZCO Grazing,4,Complete,false,325,8,358,2026-04-08T21:19:26.183Z
2428,53,2025-04-02T00:00:00.000Z,200,Finance Stock,4,Complete,false,272,2,291,2026-04-08T21:19:26.184Z
2429,649,2025-04-10T00:00:00.000Z,39.6,ANZCO Grazing,4,Complete,false,2,1,5,2026-04-08T21:19:26.185Z
2430,1406,2025-04-08T00:00:00.000Z,32.19,ANZCO Grazing,4,Complete,false,339,1,369,2026-04-08T21:19:26.186Z
2431,41,2025-04-10T00:00:00.000Z,261.71,ANZCO Grazing,4,Complete,false,2,8,9,2026-04-08T21:19:26.187Z
2432,39,2025-04-10T00:00:00.000Z,240.51,ANZCO Grazing,4,Complete,false,1,8,3,2026-04-08T21:19:26.188Z
2433,40,2025-04-11T00:00:00.000Z,254.5,ANZCO Grazing,4,Complete,false,340,8,370,2026-04-08T21:19:26.189Z
2434,760,2025-04-11T00:00:00.000Z,34.5,ANZCO Grazing,4,Complete,false,3,1,10,2026-04-08T21:19:26.190Z
2435,49,2025-04-10T00:00:00.000Z,416.15,Finance Stock,4,Complete,false,19,2,43,2026-04-08T21:19:26.191Z
2436,105,2025-04-10T00:00:00.000Z,227,ANZCO Grazing,4,Complete,false,328,8,366,2026-04-08T21:19:26.192Z
2437,66,2025-04-10T00:00:00.000Z,275,ANZCO Grazing,4,Complete,false,116,8,123,2026-04-08T21:19:26.192Z
2438,15,2025-04-10T00:00:00.000Z,407.42,Finance Stock,4,Complete,false,19,2,43,2026-04-08T21:19:26.193Z
2439,30,2025-04-11T00:00:00.000Z,420.65,Finance Stock,4,Complete,false,19,2,43,2026-04-08T21:19:26.194Z
2440,408,2025-04-11T00:00:00.000Z,232,ANZCO Grazing,4,Complete,false,2,8,9,2026-04-08T21:19:26.195Z
2441,112,2025-04-11T00:00:00.000Z,187.86,ANZCO Grazing,4,Complete,false,341,8,371,2026-04-08T21:19:26.196Z
2442,35,2025-04-10T00:00:00.000Z,408.9,Finance Stock,4,Complete,false,19,2,43,2026-04-08T21:19:26.196Z
2443,323,2025-04-11T00:00:00.000Z,250.77,ANZCO Grazing,4,Complete,false,328,8,366,2026-04-08T21:19:26.197Z
2444,339,2025-04-14T00:00:00.000Z,245.3,ANZCO Grazing,4,Complete,false,2,8,9,2026-04-08T21:19:26.198Z
2445,100,2025-04-15T00:00:00.000Z,277,ANZCO Grazing,4,Complete,false,3,8,13,2026-04-08T21:19:26.198Z
2446,124,2025-04-10T00:00:00.000Z,242.63,ANZCO Grazing,4,Complete,false,39,8,63,2026-04-08T21:19:26.199Z
2447,722,2025-04-03T00:00:00.000Z,30,Finance Stock,4,Complete,false,19,1,42,2026-04-08T21:19:26.200Z
2448,17,2025-04-11T00:00:00.000Z,468,Farm Owned,4,Complete,false,1,2,2,2026-04-08T21:19:26.200Z
2449,46,2025-04-15T00:00:00.000Z,473.48,Grazing Stock,4,Complete,false,338,2,368,2026-04-08T21:19:26.202Z
2450,48,2025-04-14T00:00:00.000Z,482.08,Grazing Stock,4,Complete,false,338,2,368,2026-04-08T21:19:26.202Z
2453,27,2025-03-05T00:00:00.000Z,482.22,ANZCO Grazing,4,Complete,false,311,2,345,2026-04-08T21:19:26.203Z
2454,116,2025-04-12T00:00:00.000Z,246.34,Finance Stock,4,Complete,false,42,5,69,2026-04-08T21:19:26.204Z
2455,175,2025-04-14T00:00:00.000Z,34.3,ANZCO Grazing,4,Complete,false,2,1,5,2026-04-08T21:19:26.205Z
2456,193,2025-04-14T00:00:00.000Z,34.26,ANZCO Grazing,4,Complete,false,2,1,5,2026-04-08T21:19:26.206Z
2457,211,2025-04-15T00:00:00.000Z,36,ANZCO Grazing,4,Complete,false,2,1,5,2026-04-08T21:19:26.206Z
2458,216,2025-04-14T00:00:00.000Z,29.72,ANZCO Grazing,4,Complete,false,2,1,5,2026-04-08T21:19:26.207Z
2459,101,2025-04-15T00:00:00.000Z,246.26,Finance Stock,4,Complete,false,268,5,284,2026-04-08T21:19:26.208Z
2460,308,2025-04-15T00:00:00.000Z,236.95,ANZCO Grazing,4,Complete,false,1,8,3,2026-04-08T21:19:26.209Z
2461,56,2025-04-15T00:00:00.000Z,272,ANZCO Grazing,4,Complete,false,1,8,3,2026-04-08T21:19:26.209Z
2462,80,2025-04-16T00:00:00.000Z,260,ANZCO Grazing,4,Complete,false,3,8,13,2026-04-08T21:19:26.210Z
2463,106,2025-04-14T00:00:00.000Z,266.6,ANZCO Grazing,4,Complete,false,1,8,3,2026-04-08T21:19:26.211Z
2464,36,2025-04-14T00:00:00.000Z,243.33,ANZCO Grazing,4,Complete,false,1,8,3,2026-04-08T21:19:26.211Z
2465,62,2025-04-09T00:00:00.000Z,424.2,Finance Stock,4,Complete,false,211,2,209,2026-04-08T21:19:26.212Z
2466,1799,2025-04-16T00:00:00.000Z,33.2,ANZCO Grazing,4,Complete,false,2,1,5,2026-04-08T21:19:26.213Z
2467,106,2025-04-16T00:00:00.000Z,256.64,ANZCO Grazing,4,Complete,false,1,8,3,2026-04-08T21:19:26.213Z
2468,285,2025-04-16T00:00:00.000Z,34.5,Finance Stock,4,Complete,false,4,1,16,2026-04-08T21:19:26.214Z
2469,325,2025-04-16T00:00:00.000Z,242,ANZCO Grazing,4,Complete,false,2,8,9,2026-04-08T21:19:26.215Z
2470,108,2025-04-16T00:00:00.000Z,219.01,ANZCO Grazing,4,Complete,false,1,8,3,2026-04-08T21:19:26.215Z
2471,95,2025-04-10T00:00:00.000Z,337.63,Finance Stock,4,Complete,false,331,2,367,2026-04-08T21:19:26.216Z
2472,52,2025-04-10T00:00:00.000Z,255,ANZCO Grazing,4,Complete,false,2,8,9,2026-04-08T21:19:26.217Z
2473,19,2025-04-10T00:00:00.000Z,245,ANZCO Grazing,4,Complete,false,1,8,3,2026-04-08T21:19:26.218Z
2474,10,2025-04-08T00:00:00.000Z,395,Finance Stock,4,Complete,false,254,5,256,2026-04-08T21:19:26.218Z
2475,60,2025-04-11T00:00:00.000Z,236.05,Finance Stock,4,Complete,false,268,5,284,2026-04-08T21:19:26.219Z
2476,45,2025-04-15T00:00:00.000Z,189,Finance Stock,4,Complete,false,82,5,88,2026-04-08T21:19:26.220Z
2477,101,2025-04-15T00:00:00.000Z,190,Finance Stock,4,Complete,false,254,14,257,2026-04-08T21:19:26.221Z
2478,76,2025-04-09T00:00:00.000Z,447,Finance Stock,4,Complete,false,211,2,209,2026-04-08T21:19:26.221Z
2479,724,2025-04-14T00:00:00.000Z,30,ANZCO Grazing,4,Complete,false,103,1,115,2026-04-08T21:19:26.222Z
2480,32,2025-04-14T00:00:00.000Z,448.12,Finance Stock,4,Complete,false,342,2,373,2026-04-08T21:19:26.223Z
2481,47,2025-04-14T00:00:00.000Z,419.57,Finance Stock,4,Complete,false,342,2,373,2026-04-08T21:19:26.224Z
2482,61,2025-04-17T00:00:00.000Z,229.18,Finance Stock,4,Complete,false,288,5,310,2026-04-08T21:19:26.225Z
2483,767,2025-04-16T00:00:00.000Z,33.92,ANZCO Grazing,4,Complete,false,343,1,374,2026-04-08T21:19:26.226Z
2484,104,2025-04-18T00:00:00.000Z,260,ANZCO Grazing,4,Complete,false,116,8,123,2026-04-08T21:19:26.227Z
2486,778,2025-04-17T00:00:00.000Z,35.32,ANZCO Grazing,4,Complete,false,344,1,375,2026-04-08T21:19:26.228Z
2490,100,2025-04-17T00:00:00.000Z,192.1,ANZCO Grazing,4,Complete,false,325,8,358,2026-04-08T21:19:26.228Z
2491,50,2025-04-17T00:00:00.000Z,190,ANZCO Grazing,4,Complete,false,326,8,362,2026-04-08T21:19:26.229Z
2492,100,2025-04-17T00:00:00.000Z,216,ANZCO Grazing,4,Complete,false,116,8,123,2026-04-08T21:19:26.230Z
2493,105,2025-04-21T00:00:00.000Z,228,ANZCO Grazing,4,Complete,false,1,8,3,2026-04-08T21:19:26.231Z
2494,16,2025-04-17T00:00:00.000Z,250,Finance Stock,4,Complete,false,272,2,291,2026-04-08T21:19:26.232Z
2495,92,2025-04-14T00:00:00.000Z,249.52,Finance Stock,4,Complete,false,272,2,291,2026-04-08T21:19:26.233Z
2498,323,2025-04-14T00:00:00.000Z,30,Finance Stock,4,Complete,false,4,1,16,2026-04-08T21:19:26.234Z
2499,835,2025-04-11T00:00:00.000Z,30,Finance Stock,4,Complete,false,93,1,107,2026-04-08T21:19:26.235Z
2500,128,2025-03-20T00:00:00.000Z,24.39,ANZCO Grazing,4,Complete,false,2,1,5,2026-04-08T21:19:26.235Z
2501,394,2025-04-10T00:00:00.000Z,30,Finance Stock,4,Complete,false,23,1,48,2026-04-08T21:19:26.237Z
2502,210,2025-04-22T00:00:00.000Z,239.7,ANZCO Grazing,4,Complete,false,308,8,342,2026-04-08T21:19:26.237Z
2503,31,2025-04-16T00:00:00.000Z,429,ANZCO Grazing,4,Complete,false,3,2,11,2026-04-08T21:19:26.238Z
2504,27,2025-04-17T00:00:00.000Z,262.89,ANZCO Grazing,4,Complete,false,326,8,362,2026-04-08T21:19:26.239Z
2505,237,2025-04-22T00:00:00.000Z,36.37,ANZCO Grazing,4,Complete,false,1,1,1,2026-04-08T21:19:26.239Z
2506,153,2025-04-22T00:00:00.000Z,31.5,ANZCO Grazing,4,Complete,false,1,1,1,2026-04-08T21:19:26.240Z
2507,200,2025-04-22T00:00:00.000Z,31.55,ANZCO Grazing,4,Complete,false,1,1,1,2026-04-08T21:19:26.241Z
2508,750,2025-04-22T00:00:00.000Z,34.82,ANZCO Grazing,4,Complete,false,344,1,375,2026-04-08T21:19:26.242Z
2509,94,2025-04-22T00:00:00.000Z,286.6,ANZCO Grazing,4,Complete,false,326,8,362,2026-04-08T21:19:26.242Z
2510,88,2025-04-22T00:00:00.000Z,260.22,ANZCO Grazing,4,Complete,false,1,8,3,2026-04-08T21:19:26.243Z
2511,50,2025-04-16T00:00:00.000Z,534,Finance Stock,4,Complete,false,19,2,43,2026-04-08T21:19:26.244Z
2512,180,2025-04-16T00:00:00.000Z,339.28,Finance Stock,4,Complete,false,126,2,136,2026-04-08T21:19:26.244Z
2513,53,2025-04-23T00:00:00.000Z,194,ANZCO Grazing,4,Complete,false,341,8,371,2026-04-08T21:19:26.245Z
2514,57,2025-04-23T00:00:00.000Z,214,ANZCO Grazing,4,Complete,false,341,8,371,2026-04-08T21:19:26.245Z
2515,46,2025-04-23T00:00:00.000Z,186.96,ANZCO Grazing,4,Complete,false,345,8,376,2026-04-08T21:19:26.246Z
2516,20,2025-04-23T00:00:00.000Z,236.75,ANZCO Grazing,4,Complete,false,325,8,358,2026-04-08T21:19:26.247Z
2518,17,2025-04-17T00:00:00.000Z,511.47,Finance Stock,4,Complete,false,211,7,210,2026-04-08T21:19:26.248Z
2519,85,2025-04-08T00:00:00.000Z,200.23,Finance Stock,4,Complete,false,254,14,257,2026-04-08T21:19:26.249Z
2521,92,2025-04-11T00:00:00.000Z,195,Finance Stock,4,Complete,false,142,2,151,2026-04-08T21:19:26.250Z
2522,58,2025-04-17T00:00:00.000Z,380.22,Finance Stock,4,Complete,false,296,5,327,2026-04-08T21:19:26.251Z
2523,59,2025-04-17T00:00:00.000Z,252,Finance Stock,4,Complete,false,142,2,151,2026-04-08T21:19:26.252Z
2524,30,2025-04-16T00:00:00.000Z,440,Finance Stock,4,Complete,false,119,2,128,2026-04-08T21:19:26.253Z
2525,49,2025-04-17T00:00:00.000Z,404.78,Finance Stock,4,Complete,false,119,2,128,2026-04-08T21:19:26.254Z
2526,10,2025-04-24T00:00:00.000Z,282,ANZCO Grazing,4,Complete,false,325,8,358,2026-04-08T21:19:26.254Z
2527,57,2025-04-24T00:00:00.000Z,223.51,ANZCO Grazing,4,Complete,false,345,8,376,2026-04-08T21:19:26.255Z
2529,207,2025-04-24T00:00:00.000Z,33.38,ANZCO Grazing,4,Complete,false,1,1,1,2026-04-08T21:19:26.256Z
2530,270,2025-04-24T00:00:00.000Z,36.59,ANZCO Grazing,4,Complete,false,1,1,1,2026-04-08T21:19:26.257Z
2532,92,2025-04-24T00:00:00.000Z,255.5,ANZCO Grazing,4,Complete,false,39,8,63,2026-04-08T21:19:26.258Z
2533,93,2025-04-24T00:00:00.000Z,228.88,ANZCO Grazing,4,Complete,false,345,8,376,2026-04-08T21:19:26.259Z
2534,687,2025-04-28T00:00:00.000Z,33.8,Grazing Stock,4,Complete,false,106,1,119,2026-04-08T21:19:26.259Z
2535,53,2025-04-23T00:00:00.000Z,193.96,Finance Stock,4,Complete,false,347,8,378,2026-04-08T21:19:26.261Z
2536,57,2025-04-23T00:00:00.000Z,214.37,Finance Stock,4,Complete,false,347,8,378,2026-04-08T21:19:26.261Z
2537,70,2025-04-23T00:00:00.000Z,224.89,Finance Stock,4,Complete,false,347,8,378,2026-04-08T21:19:26.262Z
2538,72,2025-04-15T00:00:00.000Z,205,Finance Stock,4,Complete,false,347,8,378,2026-04-08T21:19:26.263Z
2539,103,2025-04-15T00:00:00.000Z,227.5,Finance Stock,4,Complete,false,347,8,378,2026-04-08T21:19:26.264Z
2540,23,2025-04-16T00:00:00.000Z,261.3,Finance Stock,4,Complete,false,347,8,378,2026-04-08T21:19:26.265Z
2541,68,2025-04-16T00:00:00.000Z,260.88,Finance Stock,4,Complete,false,347,8,378,2026-04-08T21:19:26.266Z
2542,5,2025-04-16T00:00:00.000Z,259,Finance Stock,4,Complete,false,347,8,378,2026-04-08T21:19:26.267Z
2543,23,2025-04-16T00:00:00.000Z,248.17,Finance Stock,4,Complete,false,347,8,378,2026-04-08T21:19:26.269Z
2544,15,2025-04-16T00:00:00.000Z,260,Finance Stock,4,Complete,false,347,8,378,2026-04-08T21:19:26.270Z
2545,46,2025-04-24T00:00:00.000Z,417.27,Finance Stock,4,Complete,false,348,2,379,2026-04-08T21:19:26.272Z
2547,49,2025-04-24T00:00:00.000Z,455.51,Finance Stock,4,Complete,false,21,2,46,2026-04-08T21:19:26.273Z
2548,81,2025-04-18T00:00:00.000Z,300,Finance Stock,4,Complete,false,346,2,377,2026-04-08T21:19:26.274Z
2549,50,2025-04-18T00:00:00.000Z,300,Finance Stock,4,Complete,false,260,2,268,2026-04-08T21:19:26.275Z
2550,46,2025-04-17T00:00:00.000Z,469.18,Finance Stock,4,Complete,false,8,5,25,2026-04-08T21:19:26.276Z
2552,56,2025-04-27T00:00:00.000Z,435.36,ANZCO Grazing,4,Complete,false,2,2,6,2026-04-08T21:19:26.276Z
2553,190,2025-04-22T00:00:00.000Z,30.27,Finance Stock,4,Complete,false,93,1,107,2026-04-08T21:19:26.277Z
2554,49,2025-04-17T00:00:00.000Z,500,Finance Stock,4,Complete,false,272,2,291,2026-04-08T21:19:26.278Z
2555,32,2025-04-16T00:00:00.000Z,250,Finance Stock,4,Complete,false,347,8,378,2026-04-08T21:19:26.279Z
2556,107,2025-04-15T00:00:00.000Z,250,Finance Stock,4,Complete,false,347,8,378,2026-04-08T21:19:26.279Z
2557,45,2025-04-23T00:00:00.000Z,250,Finance Stock,4,Complete,false,347,8,378,2026-04-08T21:19:26.281Z
2558,16,2025-04-23T00:00:00.000Z,250,Finance Stock,4,Complete,false,347,8,378,2026-04-08T21:19:26.281Z
2559,110,2025-04-15T00:00:00.000Z,250,Finance Stock,4,Complete,false,347,8,378,2026-04-08T21:19:26.282Z
2560,35,2025-04-23T00:00:00.000Z,250,Finance Stock,4,Complete,false,347,8,378,2026-04-08T21:19:26.284Z
2561,56,2025-04-15T00:00:00.000Z,250,Finance Stock,4,Complete,false,347,8,378,2026-04-08T21:19:26.286Z
2562,54,2025-04-23T00:00:00.000Z,250,Finance Stock,4,Complete,false,347,8,378,2026-04-08T21:19:26.287Z
2563,104,2025-04-16T00:00:00.000Z,250,Finance Stock,4,Complete,false,347,8,378,2026-04-08T21:19:26.290Z
2564,37,2025-04-16T00:00:00.000Z,250,Finance Stock,4,Complete,false,347,8,378,2026-04-08T21:19:26.291Z
2565,56,2025-04-23T00:00:00.000Z,250,Finance Stock,4,Complete,false,347,8,378,2026-04-08T21:19:26.292Z
2566,19,2025-04-16T00:00:00.000Z,250,Finance Stock,4,Complete,false,347,8,378,2026-04-08T21:19:26.293Z
2567,61,2025-04-17T00:00:00.000Z,250,Finance Stock,4,Complete,false,347,8,378,2026-04-08T21:19:26.300Z
2568,64,2025-04-23T00:00:00.000Z,250,Finance Stock,4,Complete,false,347,8,378,2026-04-08T21:19:26.302Z
2569,42,2025-04-17T00:00:00.000Z,250,Finance Stock,4,Complete,false,347,8,378,2026-04-08T21:19:26.304Z
2570,30,2025-04-16T00:00:00.000Z,250,Finance Stock,4,Complete,false,347,8,378,2026-04-08T21:19:26.305Z
2571,49,2025-04-16T00:00:00.000Z,250,Finance Stock,4,Complete,false,347,8,378,2026-04-08T21:19:26.307Z
2572,47,2025-04-16T00:00:00.000Z,250,Finance Stock,4,Complete,false,347,8,378,2026-04-08T21:19:26.310Z
2573,20,2025-04-16T00:00:00.000Z,250,Finance Stock,4,Complete,false,347,8,378,2026-04-08T21:19:26.311Z
2574,9,2025-04-16T00:00:00.000Z,250,Finance Stock,4,Complete,false,347,8,378,2026-04-08T21:19:26.312Z
2575,92,2025-04-16T00:00:00.000Z,250,Finance Stock,4,Complete,false,347,8,378,2026-04-08T21:19:26.313Z
2576,16,2025-04-16T00:00:00.000Z,250,Finance Stock,4,Complete,false,347,8,378,2026-04-08T21:19:26.314Z
2577,67,2025-04-29T00:00:00.000Z,277.51,Finance Stock,4,Complete,false,42,5,69,2026-04-08T21:19:26.315Z
2578,391,2025-04-29T00:00:00.000Z,149.92,Finance Stock,4,Complete,false,4,1,16,2026-04-08T21:19:26.316Z
2580,50,2025-04-29T00:00:00.000Z,250,Finance Stock,4,Complete,false,260,2,268,2026-04-08T21:19:26.317Z
2581,59,2025-04-24T00:00:00.000Z,250,Finance Stock,4,Complete,false,347,8,378,2026-04-08T21:19:26.318Z
2582,325,2025-04-16T00:00:00.000Z,250,Finance Stock,4,Complete,false,347,8,378,2026-04-08T21:19:26.319Z
2583,47,2025-04-23T00:00:00.000Z,250,Finance Stock,4,Complete,false,297,2,330,2026-04-08T21:19:26.320Z
2584,98,2025-04-30T00:00:00.000Z,229.59,ANZCO Grazing,4,Complete,false,116,8,123,2026-04-08T21:19:26.320Z
2586,187,2025-04-24T00:00:00.000Z,35.61,ANZCO Grazing,4,Complete,false,323,1,354,2026-04-08T21:19:26.321Z
2587,442,2025-04-24T00:00:00.000Z,36.18,ANZCO Grazing,4,Complete,false,323,1,354,2026-04-08T21:19:26.322Z
2588,27,2025-04-28T00:00:00.000Z,278.48,ANZCO Grazing,4,Complete,false,324,8,356,2026-04-08T21:19:26.323Z
2589,26,2025-04-28T00:00:00.000Z,261.15,Finance Stock,4,Complete,false,272,2,291,2026-04-08T21:19:26.323Z
2590,82,2025-04-28T00:00:00.000Z,248.05,ANZCO Grazing,4,Complete,false,39,8,63,2026-04-08T21:19:26.325Z
2591,25,2025-04-29T00:00:00.000Z,236.8,ANZCO Grazing,4,Complete,false,1,8,3,2026-04-08T21:19:26.326Z
2592,226,2025-04-30T00:00:00.000Z,35.49,ANZCO Grazing,4,Complete,false,1,1,1,2026-04-08T21:19:26.328Z
2593,180,2025-04-30T00:00:00.000Z,37.83,ANZCO Grazing,4,Complete,false,1,1,1,2026-04-08T21:19:26.329Z
2594,235,2025-04-30T00:00:00.000Z,34,ANZCO Grazing,4,Complete,false,1,1,1,2026-04-08T21:19:26.330Z
2595,669,2025-04-30T00:00:00.000Z,35.65,ANZCO Grazing,4,Complete,false,1,1,1,2026-04-08T21:19:26.330Z
2596,348,2025-04-29T00:00:00.000Z,33.48,ANZCO Grazing,4,Complete,false,208,1,203,2026-04-08T21:19:26.331Z
2597,156,2025-04-29T00:00:00.000Z,32.12,ANZCO Grazing,4,Complete,false,208,1,203,2026-04-08T21:19:26.332Z
2599,110,2025-04-30T00:00:00.000Z,250.73,ANZCO Grazing,4,Complete,false,327,8,364,2026-04-08T21:19:26.333Z
2600,144,2025-04-30T00:00:00.000Z,198.1,ANZCO Grazing,4,Complete,false,3,8,13,2026-04-08T21:19:26.334Z
2601,29,2025-04-24T00:00:00.000Z,487.52,Farm Owned,4,Complete,false,1,2,2,2026-04-08T21:19:26.335Z
2602,10,2025-04-30T00:00:00.000Z,282.3,ANZCO Grazing,4,Complete,false,340,8,370,2026-04-08T21:19:26.336Z
2603,30,2025-04-30T00:00:00.000Z,500,Finance Stock,4,Complete,false,19,7,44,2026-04-08T21:19:26.337Z
2605,56,2025-05-02T00:00:00.000Z,430.05,Finance Stock,4,Complete,false,212,7,213,2026-04-08T21:19:26.338Z
2606,44,2025-05-02T00:00:00.000Z,510.16,Finance Stock,4,Complete,false,212,7,213,2026-04-08T21:19:26.338Z
2609,47,2025-04-28T00:00:00.000Z,512.3,Finance Stock,4,Complete,false,212,7,213,2026-04-08T21:19:26.339Z
2610,16,2025-04-21T00:00:00.000Z,493.1,Finance Stock,4,Complete,false,8,5,25,2026-04-08T21:19:26.340Z
2611,31,2025-05-01T00:00:00.000Z,305.42,Finance Stock,4,Complete,false,260,5,269,2026-04-08T21:19:26.340Z
2612,102,2025-04-19T00:00:00.000Z,391.51,Finance Stock,4,Complete,false,348,2,379,2026-04-08T21:19:26.341Z
2613,5,2025-05-01T00:00:00.000Z,311.8,Finance Stock,4,Complete,false,222,5,221,2026-04-08T21:19:26.342Z
2614,79,2025-04-23T00:00:00.000Z,250,Finance Stock,4,Complete,false,347,8,378,2026-04-08T21:19:26.343Z
2615,29,2025-04-24T00:00:00.000Z,250,Finance Stock,4,Complete,false,347,8,378,2026-04-08T21:19:26.343Z
2616,52,2025-04-23T00:00:00.000Z,250,Finance Stock,4,Complete,false,347,8,378,2026-04-08T21:19:26.344Z
2618,59,2025-04-24T00:00:00.000Z,32,Finance Stock,4,Complete,false,270,1,287,2026-04-08T21:19:26.345Z
2620,299,2025-05-02T00:00:00.000Z,36.99,Grazing Stock,4,Complete,false,106,1,119,2026-04-08T21:19:26.345Z
2621,777,2025-05-05T00:00:00.000Z,32.25,ANZCO Grazing,4,Complete,false,1,1,1,2026-04-08T21:19:26.346Z
2622,769,2025-05-05T00:00:00.000Z,32.8,ANZCO Grazing,4,Complete,false,2,1,5,2026-04-08T21:19:26.347Z
2623,30,2025-05-05T00:00:00.000Z,383.2,ANZCO Grazing,4,Complete,false,1,8,3,2026-04-08T21:19:26.347Z
2624,15,2025-04-29T00:00:00.000Z,456,Finance Stock,4,Complete,false,351,5,382,2026-04-08T21:19:26.348Z
2625,44,2025-05-05T00:00:00.000Z,566.57,Grazing Stock,4,Complete,false,116,2,122,2026-04-08T21:19:26.349Z
2627,35,2025-05-05T00:00:00.000Z,627.77,Finance Stock,4,Complete,false,212,7,213,2026-04-08T21:19:26.350Z
2629,20,2025-05-02T00:00:00.000Z,516.05,Finance Stock,4,Complete,false,212,7,213,2026-04-08T21:19:26.350Z
2630,20,2025-05-02T00:00:00.000Z,540.95,Finance Stock,4,Complete,false,212,7,213,2026-04-08T21:19:26.351Z
2631,159,2025-05-06T00:00:00.000Z,33.33,ANZCO Grazing,4,Complete,false,2,1,5,2026-04-08T21:19:26.352Z
2632,140,2025-05-06T00:00:00.000Z,37.29,ANZCO Grazing,4,Complete,false,2,1,5,2026-04-08T21:19:26.353Z
2633,340,2025-05-06T00:00:00.000Z,35.24,ANZCO Grazing,4,Complete,false,2,1,5,2026-04-08T21:19:26.354Z
2634,322,2025-05-06T00:00:00.000Z,35.68,ANZCO Grazing,4,Complete,false,2,1,5,2026-04-08T21:19:26.354Z
2635,343,2025-05-06T00:00:00.000Z,34.42,ANZCO Grazing,4,Complete,false,2,1,5,2026-04-08T21:19:26.355Z
2636,41,2025-05-06T00:00:00.000Z,468.54,ANZCO Grazing,4,Complete,false,1,2,2,2026-04-08T21:19:26.356Z
2637,6,2025-05-06T00:00:00.000Z,470,ANZCO Grazing,4,Complete,false,1,2,2,2026-04-08T21:19:26.357Z
2638,39,2025-05-06T00:00:00.000Z,468.46,Finance Stock,4,Complete,false,352,7,386,2026-04-08T21:19:26.358Z
2639,40,2025-05-06T00:00:00.000Z,528.28,Finance Stock,4,Complete,false,212,7,213,2026-04-08T21:19:26.358Z
2640,5,2025-05-06T00:00:00.000Z,650.4,Finance Stock,4,Complete,false,212,7,213,2026-04-08T21:19:26.359Z
2641,49,2025-04-29T00:00:00.000Z,484.95,Finance Stock,4,Complete,false,353,7,389,2026-04-08T21:19:26.360Z
2642,79,2025-04-20T00:00:00.000Z,381.1,Finance Stock,4,Complete,false,254,5,256,2026-04-08T21:19:26.360Z
2643,109,2025-04-28T00:00:00.000Z,257.8,Finance Stock,4,Complete,false,42,5,69,2026-04-08T21:19:26.361Z
2644,61,2025-05-06T00:00:00.000Z,234.43,ANZCO Grazing,4,Complete,false,1,8,3,2026-04-08T21:19:26.362Z
2645,30,2025-05-06T00:00:00.000Z,197.33,ANZCO Grazing,4,Complete,false,1,8,3,2026-04-08T21:19:26.363Z
2646,60,2025-05-07T00:00:00.000Z,378.67,ANZCO Grazing,4,Complete,false,1,2,2,2026-04-08T21:19:26.363Z
2647,55,2025-05-07T00:00:00.000Z,458.38,ANZCO Grazing,4,Complete,false,2,2,6,2026-04-08T21:19:26.364Z
2648,39,2025-05-07T00:00:00.000Z,210.26,ANZCO Grazing,4,Complete,false,345,8,376,2026-04-08T21:19:26.365Z
2649,37,2025-05-07T00:00:00.000Z,224.86,ANZCO Grazing,4,Complete,false,327,8,364,2026-04-08T21:19:26.365Z
2650,115,2025-05-07T00:00:00.000Z,240.4,ANZCO Grazing,4,Complete,false,341,8,371,2026-04-08T21:19:26.366Z
2651,58,2025-05-07T00:00:00.000Z,243.1,ANZCO Grazing,4,Complete,false,1,8,3,2026-04-08T21:19:26.367Z
2652,180,2025-05-07T00:00:00.000Z,34.89,ANZCO Grazing,4,Complete,false,2,1,5,2026-04-08T21:19:26.368Z
2653,192,2025-05-07T00:00:00.000Z,35.78,ANZCO Grazing,4,Complete,false,2,1,5,2026-04-08T21:19:26.368Z
2654,148,2025-05-07T00:00:00.000Z,34.73,ANZCO Grazing,4,Complete,false,2,1,5,2026-04-08T21:19:26.369Z
2655,253,2025-05-07T00:00:00.000Z,36.88,ANZCO Grazing,4,Complete,false,2,1,5,2026-04-08T21:19:26.371Z
2656,44,2025-05-06T00:00:00.000Z,499.48,Finance Stock,4,Complete,false,352,7,386,2026-04-08T21:19:26.371Z
2657,31,2025-04-30T00:00:00.000Z,239,Finance Stock,4,Complete,false,347,8,378,2026-04-08T21:19:26.372Z
2658,68,2025-05-01T00:00:00.000Z,250,Finance Stock,4,Complete,false,347,8,378,2026-04-08T21:19:26.373Z
2659,23,2025-04-30T00:00:00.000Z,250,Finance Stock,4,Complete,false,272,2,291,2026-04-08T21:19:26.374Z
2660,19,2025-04-30T00:00:00.000Z,250,Finance Stock,4,Complete,false,142,2,151,2026-04-08T21:19:26.375Z
2661,12,2025-05-01T00:00:00.000Z,550,Finance Stock,4,Complete,false,354,2,390,2026-04-08T21:19:26.376Z
2662,361,2025-05-07T00:00:00.000Z,36.3,Finance Stock,4,Complete,false,358,1,393,2026-04-08T21:19:26.377Z
2663,577,2025-05-03T00:00:00.000Z,30,Finance Stock,4,Complete,false,19,1,42,2026-04-08T21:19:26.378Z
2664,70,2025-05-07T00:00:00.000Z,35,Finance Stock,4,Complete,false,93,1,107,2026-04-08T21:19:26.379Z
2665,16,2025-05-01T00:00:00.000Z,550,Finance Stock,4,Complete,false,354,2,390,2026-04-08T21:19:26.379Z
2670,211,2025-05-08T00:00:00.000Z,31.75,ANZCO Grazing,4,Complete,false,2,1,5,2026-04-08T21:19:26.380Z
2671,141,2025-05-08T00:00:00.000Z,38.58,ANZCO Grazing,4,Complete,false,2,1,5,2026-04-08T21:19:26.381Z
2672,154,2025-05-08T00:00:00.000Z,36.36,ANZCO Grazing,4,Complete,false,2,1,5,2026-04-08T21:19:26.381Z
2673,128,2025-05-08T00:00:00.000Z,36.02,ANZCO Grazing,4,Complete,false,2,1,5,2026-04-08T21:19:26.382Z
2674,6,2025-04-23T00:00:00.000Z,250,Finance Stock,4,Complete,false,347,8,378,2026-04-08T21:19:26.383Z
2675,28,2025-05-02T00:00:00.000Z,415.71,Finance Stock,4,Complete,false,354,2,390,2026-04-08T21:19:26.384Z
2676,48,2025-05-01T00:00:00.000Z,470,Finance Stock,4,Complete,false,205,2,200,2026-04-08T21:19:26.385Z
2677,56,2025-05-08T00:00:00.000Z,405,Finance Stock,4,Complete,false,119,2,128,2026-04-08T21:19:26.385Z
2678,40,2025-05-09T00:00:00.000Z,507.38,Finance Stock,4,Complete,false,352,7,386,2026-04-08T21:19:26.386Z
2681,656,2025-05-12T00:00:00.000Z,38,ANZCO Grazing,4,Complete,false,135,1,146,2026-04-08T21:19:26.387Z
2684,31,2025-04-24T00:00:00.000Z,235.23,Finance Stock,4,Complete,false,347,8,378,2026-04-08T21:19:26.388Z
2685,693,2025-05-09T00:00:00.000Z,39.28,ANZCO Grazing,4,Complete,false,3,1,10,2026-04-08T21:19:26.389Z
2686,683,2025-05-09T00:00:00.000Z,39.47,ANZCO Grazing,4,Complete,false,3,1,10,2026-04-08T21:19:26.389Z
2687,685,2025-05-12T00:00:00.000Z,41.5,ANZCO Grazing,4,Complete,false,3,1,10,2026-04-08T21:19:26.390Z
2688,201,2025-05-12T00:00:00.000Z,34.88,ANZCO Grazing,4,Complete,false,2,1,5,2026-04-08T21:19:26.390Z
2689,432,2025-05-12T00:00:00.000Z,30.97,ANZCO Grazing,4,Complete,false,2,1,5,2026-04-08T21:19:26.391Z
2690,55,2024-12-11T00:00:00.000Z,28.74,ANZCO Grazing,4,Complete,false,279,1,295,2026-04-08T21:19:26.392Z
2691,81,2025-05-09T00:00:00.000Z,25,Finance Stock,4,Complete,false,291,1,314,2026-04-08T21:19:26.393Z
2692,90,2025-05-09T00:00:00.000Z,25,Finance Stock,4,Complete,false,291,1,314,2026-04-08T21:19:26.393Z
2693,47,2025-05-09T00:00:00.000Z,196.23,Finance Stock,4,Complete,false,291,2,315,2026-04-08T21:19:26.394Z
2695,27,2025-04-10T00:00:00.000Z,242,Finance Stock,4,Complete,false,347,8,378,2026-04-08T21:19:26.395Z
2697,18,2025-05-09T00:00:00.000Z,573.4,Finance Stock,4,Complete,false,352,7,386,2026-04-08T21:19:26.395Z
2698,55,2025-05-05T00:00:00.000Z,439.58,Finance Stock,4,Complete,false,8,5,25,2026-04-08T21:19:26.396Z
2699,55,2025-05-05T00:00:00.000Z,432.24,Finance Stock,4,Complete,false,8,5,25,2026-04-08T21:19:26.396Z
2700,52,2025-05-05T00:00:00.000Z,466.02,Finance Stock,4,Complete,false,254,5,256,2026-04-08T21:19:26.397Z
2701,34,2025-05-07T00:00:00.000Z,431.85,Finance Stock,4,Complete,false,254,5,256,2026-04-08T21:19:26.398Z
2702,146,2025-05-05T00:00:00.000Z,212.35,Finance Stock,4,Complete,false,347,8,378,2026-04-08T21:19:26.398Z
2703,66,2025-04-30T00:00:00.000Z,285.9,Finance Stock,4,Complete,false,347,8,378,2026-04-08T21:19:26.399Z
2704,42,2025-04-29T00:00:00.000Z,251.9,Finance Stock,4,Complete,false,347,8,378,2026-04-08T21:19:26.399Z
2705,123,2025-05-05T00:00:00.000Z,32.7,Finance Stock,4,Complete,false,10,1,28,2026-04-08T21:19:26.400Z
2706,665,2025-05-13T00:00:00.000Z,31.82,ANZCO Grazing,4,Complete,false,2,1,5,2026-04-08T21:19:26.401Z
2707,40,2025-05-13T00:00:00.000Z,31.83,ANZCO Grazing,4,Complete,false,2,1,5,2026-04-08T21:19:26.402Z
2708,514,2025-05-12T00:00:00.000Z,38.95,ANZCO Grazing,4,Complete,false,3,1,10,2026-04-08T21:19:26.403Z
2709,600,2025-05-09T00:00:00.000Z,33.7,ANZCO Grazing,4,Complete,false,358,1,393,2026-04-08T21:19:26.404Z
2710,385,2025-05-09T00:00:00.000Z,32.05,ANZCO Grazing,4,Complete,false,358,1,393,2026-04-08T21:19:26.405Z
2711,800,2025-05-09T00:00:00.000Z,34.9,ANZCO Grazing,4,Complete,false,135,1,146,2026-04-08T21:19:26.405Z
2712,94,2025-05-07T00:00:00.000Z,237.89,Finance Stock,4,Complete,false,347,8,378,2026-04-08T21:19:26.406Z
2713,10,2025-05-09T00:00:00.000Z,297,Finance Stock,4,Complete,false,347,8,378,2026-04-08T21:19:26.407Z
2714,31,2025-05-09T00:00:00.000Z,288.06,Finance Stock,4,Complete,false,347,8,378,2026-04-08T21:19:26.407Z
2715,96,2025-05-07T00:00:00.000Z,242.08,Finance Stock,4,Complete,false,347,8,378,2026-04-08T21:19:26.408Z
2716,44,2025-05-08T00:00:00.000Z,244.8,Finance Stock,4,Complete,false,347,8,378,2026-04-08T21:19:26.409Z
2717,44,2025-05-07T00:00:00.000Z,250,Finance Stock,4,Complete,false,347,8,378,2026-04-08T21:19:26.409Z
2718,77,2025-05-07T00:00:00.000Z,241.5,Finance Stock,4,Complete,false,347,8,378,2026-04-08T21:19:26.410Z
2719,48,2025-05-07T00:00:00.000Z,230,Finance Stock,4,Complete,false,347,8,378,2026-04-08T21:19:26.411Z
2720,37,2025-05-07T00:00:00.000Z,210.5,Finance Stock,4,Complete,false,347,8,378,2026-04-08T21:19:26.411Z
2721,24,2025-05-01T00:00:00.000Z,452.5,Finance Stock,4,Complete,false,351,5,382,2026-04-08T21:19:26.412Z
2722,39,2025-05-09T00:00:00.000Z,597.74,Finance Stock,4,Complete,false,212,7,213,2026-04-08T21:19:26.412Z
2723,38,2025-05-13T00:00:00.000Z,530.53,Grazing Stock,4,Complete,false,116,2,122,2026-04-08T21:19:26.413Z
2724,38,2025-05-13T00:00:00.000Z,530.53,Grazing Stock,4,Complete,false,116,2,122,2026-04-08T21:19:26.414Z
2725,63,2025-05-08T00:00:00.000Z,379.28,Finance Stock,4,Complete,false,359,2,394,2026-04-08T21:19:26.415Z
2726,1,2025-05-01T00:00:00.000Z,350,Finance Stock,4,Complete,false,350,2,381,2026-04-08T21:19:26.416Z
2727,1,2025-05-01T00:00:00.000Z,450,Finance Stock,4,Complete,false,350,2,381,2026-04-08T21:19:26.417Z
2728,29,2025-05-01T00:00:00.000Z,400,Finance Stock,4,Complete,false,350,2,381,2026-04-08T21:19:26.418Z
2729,19,2025-05-01T00:00:00.000Z,360,Finance Stock,4,Complete,false,350,2,381,2026-04-08T21:19:26.419Z
2730,12,2025-05-09T00:00:00.000Z,408,Finance Stock,4,Complete,false,148,2,160,2026-04-08T21:19:26.420Z
2731,3,2025-05-05T00:00:00.000Z,439.33,Finance Stock,4,Complete,false,350,2,381,2026-04-08T21:19:26.420Z
2732,32,2025-05-01T00:00:00.000Z,360,Finance Stock,4,Complete,false,349,2,380,2026-04-08T21:19:26.421Z
2733,28,2025-05-01T00:00:00.000Z,365,Finance Stock,4,Complete,false,349,2,380,2026-04-08T21:19:26.422Z
2734,100,2025-05-13T00:00:00.000Z,207.18,Finance Stock,4,Complete,false,357,14,392,2026-04-08T21:19:26.423Z
2735,27,2025-05-09T00:00:00.000Z,411.85,Finance Stock,4,Complete,false,351,5,382,2026-04-08T21:19:26.424Z
2736,34,2025-05-10T00:00:00.000Z,250,Finance Stock,4,Complete,false,272,2,291,2026-04-08T21:19:26.425Z
2737,48,2025-05-14T00:00:00.000Z,524.05,Grazing Stock,4,Complete,false,116,2,122,2026-04-08T21:19:26.426Z
2738,5,2025-05-13T00:00:00.000Z,400,Finance Stock,4,Complete,false,342,2,373,2026-04-08T21:19:26.426Z
2741,202,2025-04-16T00:00:00.000Z,35,Finance Stock,4,Complete,false,183,1,184,2026-04-08T21:19:26.427Z
2742,2348,2025-05-12T00:00:00.000Z,33.27,ANZCO Grazing,4,Complete,false,103,1,115,2026-04-08T21:19:26.428Z
2743,55,2025-05-09T00:00:00.000Z,233.27,Finance Stock,4,Complete,false,347,8,378,2026-04-08T21:19:26.428Z
2744,110,2025-05-05T00:00:00.000Z,251.81,Finance Stock,4,Complete,false,347,8,378,2026-04-08T21:19:26.429Z
2745,49,2025-04-16T00:00:00.000Z,252.14,Finance Stock,4,Complete,false,347,8,378,2026-04-08T21:19:26.430Z
2746,75,2025-04-15T00:00:00.000Z,261.6,Finance Stock,4,Complete,false,347,8,378,2026-04-08T21:19:26.431Z
2747,19,2025-05-09T00:00:00.000Z,213.42,ANZCO Grazing,4,Complete,false,1,8,3,2026-04-08T21:19:26.431Z
2748,10,2025-05-10T00:00:00.000Z,254,Finance Stock,4,Complete,false,347,8,378,2026-04-08T21:19:26.432Z
2749,22,2025-05-09T00:00:00.000Z,213.41,ANZCO Grazing,4,Complete,false,1,8,3,2026-04-08T21:19:26.433Z
2750,48,2025-04-10T00:00:00.000Z,254.5,Finance Stock,4,Complete,false,347,8,378,2026-04-08T21:19:26.434Z
2752,42,2025-05-14T00:00:00.000Z,528.62,Finance Stock,4,Complete,false,194,7,189,2026-04-08T21:19:26.435Z
2753,87,2025-05-15T00:00:00.000Z,279.31,ANZCO Grazing,4,Complete,false,356,8,391,2026-04-08T21:19:26.436Z
2755,18,2025-04-30T00:00:00.000Z,420,Finance Stock,4,Complete,false,309,2,344,2026-04-08T21:19:26.437Z
2756,22,2025-05-15T00:00:00.000Z,472.55,Grazing Stock,4,Complete,false,116,2,122,2026-04-08T21:19:26.437Z
2757,24,2025-05-15T00:00:00.000Z,436.25,Finance Stock,4,Complete,false,133,2,145,2026-04-08T21:19:26.438Z
2759,13,2025-05-15T00:00:00.000Z,533.63,Finance Stock,4,Complete,false,212,7,213,2026-04-08T21:19:26.439Z
2760,19,2025-05-15T00:00:00.000Z,477.92,Finance Stock,4,Complete,false,212,7,213,2026-04-08T21:19:26.440Z
2762,136,2025-05-15T00:00:00.000Z,33.97,Finance Stock,4,Complete,false,23,1,48,2026-04-08T21:19:26.440Z
2763,545,2025-05-15T00:00:00.000Z,31.1,Finance Stock,4,Complete,false,23,1,48,2026-04-08T21:19:26.441Z
2766,63,2025-05-15T00:00:00.000Z,480,Finance Stock,4,Complete,false,352,2,384,2026-04-08T21:19:26.442Z
2767,17,2025-05-15T00:00:00.000Z,516.47,Grazing Stock,4,Complete,false,116,2,122,2026-04-08T21:19:26.442Z
2768,825,2025-05-16T00:00:00.000Z,35.18,ANZCO Grazing,4,Complete,false,358,1,393,2026-04-08T21:19:26.443Z
2769,113,2025-05-14T00:00:00.000Z,34.6,ANZCO Grazing,4,Complete,false,361,1,395,2026-04-08T21:19:26.444Z
2773,8,2025-05-15T00:00:00.000Z,350,Finance Stock,4,Complete,false,300,2,336,2026-04-08T21:19:26.445Z
2774,495,2025-05-15T00:00:00.000Z,39.88,ANZCO Grazing,4,Complete,false,361,1,395,2026-04-08T21:19:26.446Z
2775,545,2025-05-15T00:00:00.000Z,39.17,ANZCO Grazing,4,Complete,false,299,1,335,2026-04-08T21:19:26.447Z
2777,50,2025-05-15T00:00:00.000Z,533.17,Finance Stock,4,Complete,false,211,7,210,2026-04-08T21:19:26.447Z
2778,34,2025-05-15T00:00:00.000Z,240,ANZCO Grazing,4,Complete,false,326,8,362,2026-04-08T21:19:26.448Z
2779,55,2025-05-18T00:00:00.000Z,556,Finance Stock,4,Complete,false,362,5,396,2026-04-08T21:19:26.449Z
2780,20,2025-05-15T00:00:00.000Z,422.06,Finance Stock,4,Complete,false,194,7,189,2026-04-08T21:19:26.450Z
2781,160,2025-05-14T00:00:00.000Z,34.53,ANZCO Grazing,4,Complete,false,361,1,395,2026-04-08T21:19:26.451Z
2782,57,2025-05-15T00:00:00.000Z,265,ANZCO Grazing,4,Complete,false,3,8,13,2026-04-08T21:19:26.452Z
2783,49,2025-05-19T00:00:00.000Z,422.45,Finance Stock,4,Complete,false,133,2,145,2026-04-08T21:19:26.452Z
2784,48,2025-05-19T00:00:00.000Z,426.67,Finance Stock,4,Complete,false,133,2,145,2026-04-08T21:19:26.453Z
2785,110,2025-05-13T00:00:00.000Z,400,Finance Stock,4,Complete,false,142,2,151,2026-04-08T21:19:26.454Z
2786,18,2025-05-15T00:00:00.000Z,407.77,Finance Stock,4,Complete,false,354,2,390,2026-04-08T21:19:26.455Z
2787,40,2025-05-14T00:00:00.000Z,362.5,Finance Stock,4,Complete,false,354,2,390,2026-04-08T21:19:26.455Z
2788,4,2025-05-15T00:00:00.000Z,357.89,Finance Stock,4,Complete,false,350,2,381,2026-04-08T21:19:26.456Z
2789,50,2025-05-15T00:00:00.000Z,416.48,Finance Stock,4,Complete,false,292,2,319,2026-04-08T21:19:26.457Z
2790,14,2025-05-15T00:00:00.000Z,381.36,Finance Stock,4,Complete,false,352,2,384,2026-04-08T21:19:26.458Z
2791,30,2025-05-05T00:00:00.000Z,383.2,Finance Stock,4,Complete,false,347,8,378,2026-04-08T21:19:26.459Z
2792,85,2025-05-12T00:00:00.000Z,235.05,Finance Stock,4,Complete,false,347,8,378,2026-04-08T21:19:26.459Z
2793,64,2025-05-07T00:00:00.000Z,229.75,Finance Stock,4,Complete,false,347,8,378,2026-04-08T21:19:26.460Z
2794,56,2025-05-07T00:00:00.000Z,231,Finance Stock,4,Complete,false,347,8,378,2026-04-08T21:19:26.461Z
2795,11,2025-05-07T00:00:00.000Z,260,Finance Stock,4,Complete,false,347,8,378,2026-04-08T21:19:26.462Z
2796,38,2025-05-07T00:00:00.000Z,251.5,Finance Stock,4,Complete,false,347,8,378,2026-04-08T21:19:26.462Z
2797,57,2025-05-15T00:00:00.000Z,264,Finance Stock,4,Complete,false,347,8,378,2026-04-08T21:19:26.463Z
2798,54,2025-05-06T00:00:00.000Z,228.5,Finance Stock,4,Complete,false,347,8,378,2026-04-08T21:19:26.464Z
2799,17,2025-05-07T00:00:00.000Z,254.7,Finance Stock,4,Complete,false,347,8,378,2026-04-08T21:19:26.464Z
2800,115,2025-05-14T00:00:00.000Z,32.5,Finance Stock,4,Complete,false,292,1,318,2026-04-08T21:19:26.465Z
2802,4,2025-05-14T00:00:00.000Z,360,Finance Stock,4,Complete,false,350,2,381,2026-04-08T21:19:26.466Z
2803,30,2025-04-17T00:00:00.000Z,201.67,Finance Stock,4,Complete,false,347,8,378,2026-04-08T21:19:26.467Z
2804,72,2025-04-17T00:00:00.000Z,209.33,Finance Stock,4,Complete,false,347,8,378,2026-04-08T21:19:26.468Z
2805,7,2025-05-15T00:00:00.000Z,360,Finance Stock,4,Complete,false,350,2,381,2026-04-08T21:19:26.469Z
2806,762,2025-05-18T00:00:00.000Z,30,ANZCO Grazing,4,Complete,false,103,1,115,2026-04-08T21:19:26.469Z
2807,14,2025-05-15T00:00:00.000Z,413.16,Finance Stock,4,Complete,false,269,2,285,2026-04-08T21:19:26.470Z
2808,51,2025-05-21T00:00:00.000Z,419.14,ANZCO Grazing,4,Complete,false,2,2,6,2026-04-08T21:19:26.471Z
2809,25,2025-05-15T00:00:00.000Z,372.95,Finance Stock,4,Complete,false,269,2,285,2026-04-08T21:19:26.471Z
2810,78,2025-05-20T00:00:00.000Z,377,Finance Stock,4,Complete,false,269,2,285,2026-04-08T21:19:26.472Z
2811,5,2025-05-15T00:00:00.000Z,413.16,Finance Stock,4,Complete,false,350,2,381,2026-04-08T21:19:26.473Z
2813,29,2025-05-15T00:00:00.000Z,521.86,Grazing Stock,4,Complete,false,116,2,122,2026-04-08T21:19:26.473Z
2816,20,2025-05-23T00:00:00.000Z,464,ANZCO Grazing,4,Complete,false,2,2,6,2026-04-08T21:19:26.474Z
2817,40,2025-05-23T00:00:00.000Z,396.92,Finance Stock,4,Complete,false,351,5,382,2026-04-08T21:19:26.475Z
2818,110,2025-05-22T00:00:00.000Z,446.42,Finance Stock,4,Complete,false,8,5,25,2026-04-08T21:19:26.475Z
2819,181,2025-05-16T00:00:00.000Z,213.8,Finance Stock,4,Complete,false,262,5,272,2026-04-08T21:19:26.476Z
2820,840,2025-05-23T00:00:00.000Z,29.07,Finance Stock,4,Complete,false,172,1,179,2026-04-08T21:19:26.477Z
2821,36,2025-05-23T00:00:00.000Z,446.97,Finance Stock,4,Complete,false,9,5,27,2026-04-08T21:19:26.478Z
2827,740,2025-05-20T00:00:00.000Z,36.08,ANZCO Grazing,4,Complete,false,339,1,369,2026-04-08T21:19:26.479Z
2828,38,2025-05-23T00:00:00.000Z,479.4,Finance Stock,4,Complete,false,9,5,27,2026-04-08T21:19:26.480Z
2829,1000,2025-05-16T00:00:00.000Z,35,Finance Stock,4,Complete,false,363,1,397,2026-04-08T21:19:26.481Z
2830,74,2025-05-09T00:00:00.000Z,242.43,Finance Stock,4,Complete,false,347,8,378,2026-04-08T21:19:26.482Z
2831,50,2025-04-23T00:00:00.000Z,252.25,Finance Stock,4,Complete,false,347,8,378,2026-04-08T21:19:26.482Z
2832,58,2025-05-07T00:00:00.000Z,243.1,Finance Stock,4,Complete,false,347,8,378,2026-04-08T21:19:26.483Z
2833,35,2025-05-21T00:00:00.000Z,470.85,Finance Stock,4,Complete,false,8,5,25,2026-04-08T21:19:26.484Z
2834,35,2025-05-22T00:00:00.000Z,429.71,Finance Stock,4,Complete,false,194,7,189,2026-04-08T21:19:26.484Z
2835,60,2025-05-23T00:00:00.000Z,400,Finance Stock,4,Complete,false,172,5,180,2026-04-08T21:19:26.485Z
2836,100,2025-05-27T00:00:00.000Z,190.8,Finance Stock,4,Complete,false,352,14,387,2026-04-08T21:19:26.486Z
2837,26,2025-05-23T00:00:00.000Z,349.45,Finance Stock,4,Complete,false,297,2,330,2026-04-08T21:19:26.488Z
2838,56,2025-05-23T00:00:00.000Z,459.37,Finance Stock,4,Complete,false,222,5,221,2026-04-08T21:19:26.495Z
2839,22,2025-05-23T00:00:00.000Z,553.75,Finance Stock,4,Complete,false,211,7,210,2026-04-08T21:19:26.496Z
2840,50,2025-05-29T00:00:00.000Z,533,Finance Stock,4,Complete,false,352,7,386,2026-04-08T21:19:26.497Z
2841,14,2025-05-22T00:00:00.000Z,537.14,Finance Stock,4,Complete,false,194,7,189,2026-04-08T21:19:26.498Z
2842,100,2025-05-27T00:00:00.000Z,450,Finance Stock,4,Complete,false,243,5,234,2026-04-08T21:19:26.499Z
2843,110,2025-05-27T00:00:00.000Z,474.54,Grazing Stock,4,Complete,false,116,2,122,2026-04-08T21:19:26.500Z
2844,110,2025-05-26T00:00:00.000Z,474.54,Grazing Stock,4,Complete,false,116,2,122,2026-04-08T21:19:26.501Z
2845,52,2025-05-29T00:00:00.000Z,364.23,Finance Stock,4,Complete,false,19,2,43,2026-04-08T21:19:26.501Z
2846,63,2025-05-29T00:00:00.000Z,400.63,Finance Stock,4,Complete,false,19,2,43,2026-04-08T21:19:26.502Z
2847,50,2025-05-29T00:00:00.000Z,432.2,Finance Stock,4,Complete,false,19,2,43,2026-04-08T21:19:26.503Z
2848,57,2025-05-29T00:00:00.000Z,458.77,Finance Stock,4,Complete,false,19,2,43,2026-04-08T21:19:26.504Z
2849,59,2025-05-29T00:00:00.000Z,444.41,Finance Stock,4,Complete,false,19,2,43,2026-04-08T21:19:26.504Z
2850,57,2025-05-29T00:00:00.000Z,452.46,Finance Stock,4,Complete,false,19,2,43,2026-04-08T21:19:26.506Z
2854,66,2025-05-20T00:00:00.000Z,25.67,Finance Stock,4,Complete,false,297,1,329,2026-04-08T21:19:26.506Z
2855,509,2025-05-29T00:00:00.000Z,36.18,Finance Stock,4,Complete,false,364,1,398,2026-04-08T21:19:26.508Z
2858,27,2025-05-27T00:00:00.000Z,452.59,Finance Stock,4,Complete,false,365,5,399,2026-04-08T21:19:26.509Z
2859,21,2025-04-16T00:00:00.000Z,275.71,Finance Stock,4,Complete,false,347,8,378,2026-04-08T21:19:26.510Z
2860,11,2025-03-17T00:00:00.000Z,418.18,ANZCO Grazing,4,Complete,false,311,2,345,2026-04-08T21:19:26.510Z
2861,19,2025-06-06T00:00:00.000Z,481.89,Finance Stock,4,Complete,false,212,7,213,2026-04-08T21:19:26.511Z
2862,22,2025-06-06T00:00:00.000Z,511,Finance Stock,4,Complete,false,212,7,213,2026-04-08T21:19:26.512Z
2863,23,2025-04-01T00:00:00.000Z,598.3,Farm Owned,4,Complete,false,1,2,2,2026-04-08T21:19:26.512Z
2864,39,2025-05-29T00:00:00.000Z,401,Finance Stock,4,Complete,false,366,2,401,2026-04-08T21:19:26.514Z
2865,69,2025-06-06T00:00:00.000Z,467.1,ANZCO Grazing,4,Complete,false,367,2,402,2026-04-08T21:19:26.515Z
2866,50,2025-06-06T00:00:00.000Z,476,ANZCO Grazing,4,Complete,false,368,2,404,2026-04-08T21:19:26.516Z
2867,59,2025-06-06T00:00:00.000Z,504.55,Finance Stock,4,Complete,false,209,5,205,2026-04-08T21:19:26.516Z
2868,204,2025-06-10T00:00:00.000Z,39.22,ANZCO Grazing,4,Complete,false,3,1,10,2026-04-08T21:19:26.517Z
2870,16,2025-05-30T00:00:00.000Z,220,Finance Stock,4,Complete,false,347,8,378,2026-04-08T21:19:26.518Z
2871,91,2025-06-02T00:00:00.000Z,254.84,Finance Stock,4,Complete,false,272,2,291,2026-04-08T21:19:26.519Z
2872,98,2025-05-27T00:00:00.000Z,193.88,Finance Stock,4,Complete,false,352,14,387,2026-04-08T21:19:26.519Z
2874,131,2025-06-13T00:00:00.000Z,33.44,Grazing Stock,4,Complete,false,106,1,119,2026-04-08T21:19:26.520Z
2875,44,2025-06-11T00:00:00.000Z,539.55,Grazing Stock,4,Complete,false,116,2,122,2026-04-08T21:19:26.521Z
2876,12,2025-06-11T00:00:00.000Z,530.83,Grazing Stock,4,Complete,false,116,2,122,2026-04-08T21:19:26.523Z
2877,583,2025-06-12T00:00:00.000Z,31.21,ANZCO Grazing,4,Complete,false,339,1,369,2026-04-08T21:19:26.523Z
2878,76,2025-06-06T00:00:00.000Z,447.85,Finance Stock,4,Complete,false,209,7,206,2026-04-08T21:19:26.524Z
2879,71,2025-06-13T00:00:00.000Z,479.1,ANZCO Grazing,4,Complete,false,368,2,404,2026-04-08T21:19:26.525Z
2880,30,2025-06-13T00:00:00.000Z,512,ANZCO Grazing,4,Complete,false,368,2,404,2026-04-08T21:19:26.526Z
2881,5,2025-06-13T00:00:00.000Z,458,ANZCO Grazing,4,Complete,false,368,2,404,2026-04-08T21:19:26.527Z
2883,40,2025-06-11T00:00:00.000Z,451.75,Finance Stock,4,Complete,false,119,2,128,2026-04-08T21:19:26.527Z
2884,28,2025-06-12T00:00:00.000Z,27,Finance Stock,4,Complete,false,291,1,314,2026-04-08T21:19:26.528Z
2885,56,2025-06-16T00:00:00.000Z,242.5,Finance Stock,4,Complete,false,38,2,61,2026-04-08T21:19:26.529Z
2886,9,2025-06-12T00:00:00.000Z,304.84,Finance Stock,4,Complete,false,260,5,269,2026-04-08T21:19:26.529Z
2887,109,2025-06-07T00:00:00.000Z,32.38,Finance Stock,4,Complete,false,172,1,179,2026-04-08T21:19:26.530Z
2888,216,2025-06-18T00:00:00.000Z,33.1,ANZCO Grazing,4,Complete,false,352,1,383,2026-04-08T21:19:26.531Z
2889,166,2025-06-18T00:00:00.000Z,34.1,ANZCO Grazing,4,Complete,false,352,1,383,2026-04-08T21:19:26.532Z
2891,270,2025-06-18T00:00:00.000Z,33.63,ANZCO Grazing,4,Complete,false,352,1,383,2026-04-08T21:19:26.532Z
2892,171,2025-06-18T00:00:00.000Z,36.02,ANZCO Grazing,4,Complete,false,352,1,383,2026-04-08T21:19:26.533Z
2893,346,2025-06-18T00:00:00.000Z,37.28,ANZCO Grazing,4,Complete,false,352,1,383,2026-04-08T21:19:26.534Z
2896,646,2025-06-14T00:00:00.000Z,29.53,ANZCO Grazing,4,Complete,false,103,1,115,2026-04-08T21:19:26.536Z
2898,86,2025-06-17T00:00:00.000Z,30,Finance Stock,4,Complete,false,142,1,150,2026-04-08T21:19:26.537Z
2899,15,2025-06-19T00:00:00.000Z,224,Finance Stock,4,Complete,false,291,2,315,2026-04-08T21:19:26.538Z
2900,42,2025-06-12T00:00:00.000Z,408.32,Finance Stock,4,Complete,false,296,2,326,2026-04-08T21:19:26.539Z
2901,3,2025-06-16T00:00:00.000Z,435,Finance Stock,4,Complete,false,296,2,326,2026-04-08T21:19:26.540Z
2903,114,2025-06-17T00:00:00.000Z,30,Finance Stock,4,Complete,false,142,1,150,2026-04-08T21:19:26.541Z
2904,97,2025-06-16T00:00:00.000Z,233.4,Finance Stock,4,Complete,false,368,5,405,2026-04-08T21:19:26.542Z
2905,90,2025-06-13T00:00:00.000Z,506.61,Finance Stock,4,Complete,false,209,7,206,2026-04-08T21:19:26.543Z
2906,50,2025-06-12T00:00:00.000Z,457.8,Finance Stock,4,Complete,false,372,5,406,2026-04-08T21:19:26.544Z
2907,12,2025-06-16T00:00:00.000Z,220,Finance Stock,4,Complete,false,211,2,209,2026-04-08T21:19:26.544Z
2908,27,2025-06-12T00:00:00.000Z,228.5,Finance Stock,4,Complete,false,352,5,385,2026-04-08T21:19:26.545Z
2910,47,2025-06-10T00:00:00.000Z,500.85,Grazing Stock,4,Complete,false,116,2,122,2026-04-08T21:19:26.546Z
2911,162,2025-06-10T00:00:00.000Z,235.55,Finance Stock,4,Complete,false,352,5,385,2026-04-08T21:19:26.547Z
2912,60,2025-06-24T00:00:00.000Z,457.55,Finance Stock,4,Complete,false,133,2,145,2026-04-08T21:19:26.548Z
2913,399,2025-06-07T00:00:00.000Z,30,Finance Stock,4,Complete,false,172,1,179,2026-04-08T21:19:26.549Z
2914,183,2025-06-10T00:00:00.000Z,30,Finance Stock,4,Complete,false,172,1,179,2026-04-08T21:19:26.549Z
2915,682,2025-06-23T00:00:00.000Z,38.5,ANZCO Grazing,4,Complete,false,103,1,115,2026-04-08T21:19:26.550Z
2917,32,2025-06-24T00:00:00.000Z,105.81,Finance Stock,4,Complete,false,243,2,233,2026-04-08T21:19:26.551Z
2918,50,2025-06-24T00:00:00.000Z,105.84,Finance Stock,4,Complete,false,243,5,234,2026-04-08T21:19:26.551Z
2919,10,2025-06-25T00:00:00.000Z,500,ANZCO Grazing,4,Complete,false,313,2,346,2026-04-08T21:19:26.552Z
2921,15,2025-06-26T00:00:00.000Z,570,Finance Stock,4,Complete,false,362,5,396,2026-04-08T21:19:26.553Z
2922,371,2025-06-18T00:00:00.000Z,34.21,Finance Stock,4,Complete,false,294,1,322,2026-04-08T21:19:26.554Z
2923,100,2025-06-16T00:00:00.000Z,35,Finance Stock,4,Complete,false,248,1,244,2026-04-08T21:19:26.555Z
2924,829,2025-06-23T00:00:00.000Z,32.89,Finance Stock,4,Complete,false,248,1,244,2026-04-08T21:19:26.556Z
2925,46,2025-06-24T00:00:00.000Z,413.04,Finance Stock,4,Complete,false,351,5,382,2026-04-08T21:19:26.557Z
2926,45,2025-05-16T00:00:00.000Z,528.89,Finance Stock,4,Complete,false,352,7,386,2026-04-08T21:19:26.558Z
2927,11,2025-07-01T00:00:00.000Z,100,Finance Stock,4,Complete,false,243,2,233,2026-04-08T21:19:26.558Z
2928,10,2025-07-01T00:00:00.000Z,100,Finance Stock,4,Complete,false,243,5,234,2026-04-08T21:19:26.559Z
2929,13,2025-07-01T00:00:00.000Z,430.92,Finance Stock,4,Complete,false,296,2,326,2026-04-08T21:19:26.560Z
2930,5,2025-06-26T00:00:00.000Z,479.8,Finance Stock,4,Complete,false,140,5,148,2026-04-08T21:19:26.561Z
2931,123,2025-07-02T00:00:00.000Z,25,Finance Stock,4,Complete,false,291,1,314,2026-04-08T21:19:26.562Z
2939,45,2025-06-13T00:00:00.000Z,506.61,Finance Stock,4,Complete,false,211,7,210,2026-04-08T21:19:26.562Z
2940,28,2025-06-27T00:00:00.000Z,490,Finance Stock,4,Complete,false,296,2,326,2026-04-08T21:19:26.563Z
2941,52,2025-07-14T00:00:00.000Z,428.46,Finance Stock,4,Complete,false,38,2,61,2026-04-08T21:19:26.564Z
2942,35,2025-07-14T00:00:00.000Z,510,Finance Stock,4,Complete,false,133,2,145,2026-04-08T21:19:26.565Z
2944,39,2025-07-18T00:00:00.000Z,470.25,ANZCO Grazing,4,Complete,false,374,2,408,2026-04-08T21:19:26.568Z
2945,29,2025-07-11T00:00:00.000Z,390.34,Finance Stock,4,Complete,false,119,2,128,2026-04-08T21:19:26.570Z
2946,28,2025-07-18T00:00:00.000Z,400.18,Finance Stock,4,Complete,false,119,2,128,2026-04-08T21:19:26.571Z
2948,34,2025-07-22T00:00:00.000Z,501.76,Finance Stock,4,Complete,false,21,2,46,2026-04-08T21:19:26.572Z
2949,8,2025-07-24T00:00:00.000Z,100,Finance Stock,4,Complete,false,243,16,235,2026-04-08T21:19:26.573Z
2951,34,2025-07-28T00:00:00.000Z,400,Finance Stock,4,Complete,false,10,7,31,2026-04-08T21:19:26.573Z
2954,8,2025-07-24T00:00:00.000Z,100,Finance Stock,4,Complete,false,243,2,233,2026-04-08T21:19:26.574Z
2959,55,2025-08-07T00:00:00.000Z,478.55,Finance Stock,4,Complete,false,140,2,147,2026-04-08T21:19:26.575Z
2960,1000,2025-08-05T00:00:00.000Z,25,Finance Stock,4,Complete,false,246,1,240,2026-04-08T21:19:26.575Z
2962,189,2025-08-06T00:00:00.000Z,30,Finance Stock,4,Complete,false,172,1,179,2026-04-08T21:19:26.576Z
2964,239,2025-08-04T00:00:00.000Z,30,Finance Stock,4,Complete,false,172,1,179,2026-04-08T21:19:26.577Z
2965,50,2025-08-11T00:00:00.000Z,105,Finance Stock,4,Complete,false,243,2,233,2026-04-08T21:19:26.578Z
2966,12,2025-08-11T00:00:00.000Z,105,Finance Stock,4,Complete,false,243,16,235,2026-04-08T21:19:26.578Z
2967,31,2025-08-12T00:00:00.000Z,213.17,Finance Stock,4,Complete,false,292,2,319,2026-04-08T21:19:26.579Z
2968,267,2025-08-13T00:00:00.000Z,35.06,Finance Stock,4,Complete,false,248,1,244,2026-04-08T21:19:26.580Z
2970,87,2025-08-13T00:00:00.000Z,214.42,Finance Stock,4,Complete,false,376,5,411,2026-04-08T21:19:26.581Z
2971,212,2025-08-13T00:00:00.000Z,30,Finance Stock,4,Complete,false,172,1,179,2026-04-08T21:19:26.582Z
2972,49,2025-08-21T00:00:00.000Z,448.57,Grazing Stock,4,Complete,false,328,2,365,2026-04-08T21:19:26.583Z
2973,50,2025-08-21T00:00:00.000Z,434,Grazing Stock,4,Complete,false,328,2,365,2026-04-08T21:19:26.583Z
2974,25,2025-08-13T00:00:00.000Z,32,Finance Stock,4,Complete,false,172,1,179,2026-04-08T21:19:26.584Z
2975,58,2025-08-21T00:00:00.000Z,476.9,Grazing Stock,4,Complete,false,328,2,365,2026-04-08T21:19:26.585Z
2976,36,2025-08-14T00:00:00.000Z,184.4,Finance Stock,4,Complete,false,222,5,221,2026-04-08T21:19:26.586Z
2977,4,2025-08-22T00:00:00.000Z,125,Finance Stock,4,Complete,false,378,16,412,2026-04-08T21:19:26.588Z
2978,19,2025-08-19T00:00:00.000Z,100,Finance Stock,4,Complete,false,378,16,412,2026-04-08T21:19:26.589Z
2979,11,2025-08-19T00:00:00.000Z,100,Finance Stock,4,Complete,false,378,16,412,2026-04-08T21:19:26.589Z
2980,3,2025-08-26T00:00:00.000Z,100,Finance Stock,4,Complete,false,378,16,412,2026-04-08T21:19:26.591Z
2983,55,2025-08-12T00:00:00.000Z,486.05,Finance Stock,4,Complete,false,140,5,148,2026-04-08T21:19:26.593Z
2984,14,2025-08-26T00:00:00.000Z,100,Finance Stock,4,Complete,false,378,16,412,2026-04-08T21:19:26.594Z
2985,3,2025-08-29T00:00:00.000Z,100,Finance Stock,4,Complete,false,378,16,412,2026-04-08T21:19:26.596Z
2986,99,2025-08-26T00:00:00.000Z,269.09,Finance Stock,4,Complete,false,249,14,249,2026-04-08T21:19:26.597Z
2987,17,2025-09-02T00:00:00.000Z,100,Finance Stock,4,Complete,false,378,16,412,2026-04-08T21:19:26.598Z
2988,17,2025-09-02T00:00:00.000Z,100,Finance Stock,4,Complete,false,378,16,412,2026-04-08T21:19:26.599Z
2989,3,2025-09-02T00:00:00.000Z,100,Finance Stock,4,Complete,false,378,16,412,2026-04-08T21:19:26.600Z
2990,8,2025-09-02T00:00:00.000Z,100,Finance Stock,4,Complete,false,378,16,412,2026-04-08T21:19:26.601Z
2991,9,2025-09-02T00:00:00.000Z,248.89,Finance Stock,4,Complete,false,224,5,227,2026-04-08T21:19:26.601Z
2992,57,2025-08-28T00:00:00.000Z,462.46,Finance Stock,4,Complete,false,140,2,147,2026-04-08T21:19:26.602Z
2993,42,2025-09-03T00:00:00.000Z,465.47,Finance Stock,4,Complete,false,352,2,384,2026-04-08T21:19:26.603Z
2994,239,2025-08-27T00:00:00.000Z,30,Finance Stock,4,Complete,false,172,1,179,2026-04-08T21:19:26.604Z
2995,210,2025-09-02T00:00:00.000Z,33.33,Finance Stock,4,Complete,false,211,1,208,2026-04-08T21:19:26.604Z
2996,31,2025-09-03T00:00:00.000Z,475.65,Finance Stock,4,Complete,false,352,2,384,2026-04-08T21:19:26.605Z
2998,200,2025-09-01T00:00:00.000Z,400,Finance Stock,4,Complete,false,248,5,245,2026-04-08T21:19:26.606Z
2999,3,2025-09-05T00:00:00.000Z,100,Finance Stock,4,Complete,false,378,16,412,2026-04-08T21:19:26.606Z
3000,5,2025-09-05T00:00:00.000Z,100,Finance Stock,4,Complete,false,378,16,412,2026-04-08T21:19:26.607Z
3001,17,2025-09-05T00:00:00.000Z,100,Finance Stock,4,Complete,false,378,16,412,2026-04-08T21:19:26.608Z
3002,30,2025-09-08T00:00:00.000Z,462,Finance Stock,4,Complete,false,4,2,17,2026-04-08T21:19:26.608Z
3004,100,2025-08-26T00:00:00.000Z,30,Finance Stock,4,Complete,false,211,1,208,2026-04-08T21:19:26.610Z
3005,100,2025-09-12T00:00:00.000Z,300,Finance Stock,4,Complete,false,243,5,234,2026-04-08T21:19:26.611Z
3006,4,2025-09-11T00:00:00.000Z,466.25,Finance Stock,4,Complete,false,350,2,381,2026-04-08T21:19:26.611Z
3008,10,2025-09-02T00:00:00.000Z,470,Finance Stock,4,Complete,false,140,5,148,2026-04-08T21:19:26.612Z
3009,20,2025-09-09T00:00:00.000Z,376,Finance Stock,4,Complete,false,248,5,245,2026-04-08T21:19:26.613Z
3011,1183,2025-09-03T00:00:00.000Z,30,Finance Stock,4,Complete,false,363,1,397,2026-04-08T21:19:26.614Z
3012,55,2025-09-15T00:00:00.000Z,30,Finance Stock,4,Complete,false,93,1,107,2026-04-08T21:19:26.614Z
3013,24,2025-09-09T00:00:00.000Z,462.5,Finance Stock,4,Complete,false,248,5,245,2026-04-08T21:19:26.615Z
3014,68,2025-09-12T00:00:00.000Z,466.57,Finance Stock,4,Complete,false,380,5,413,2026-04-08T21:19:26.616Z
3016,34,2025-09-18T00:00:00.000Z,469.72,Finance Stock,3,Awaiting Payment,false,372,5,406,2026-04-08T21:19:26.617Z
3017,99,2025-09-16T00:00:00.000Z,420.7,Finance Stock,4,Complete,false,140,5,148,2026-04-08T21:19:26.617Z
3018,296,2025-09-10T00:00:00.000Z,30,Finance Stock,4,Complete,false,172,1,179,2026-04-08T21:19:26.618Z
3019,8,2025-09-11T00:00:00.000Z,500,Farm Owned,4,Complete,false,3,5,12,2026-04-08T21:19:26.619Z
3020,708,2025-09-24T00:00:00.000Z,33.45,Finance Stock,4,Complete,false,4,1,16,2026-04-08T21:19:26.619Z
3023,66,2025-09-18T00:00:00.000Z,356.36,ANZCO Grazing,4,Complete,false,381,2,414,2026-04-08T21:19:26.620Z
3024,193,2025-09-24T00:00:00.000Z,35,Finance Stock,4,Complete,false,172,1,179,2026-04-08T21:19:26.621Z
3025,28,2025-09-29T00:00:00.000Z,503.04,Finance Stock,3,Awaiting Payment,false,119,2,128,2026-04-08T21:19:26.622Z
3026,42,2025-10-03T00:00:00.000Z,511.9,Grazing Stock,4,Complete,false,376,2,410,2026-04-08T21:19:26.623Z
3027,10,2025-10-03T00:00:00.000Z,510,Grazing Stock,4,Complete,false,376,2,410,2026-04-08T21:19:26.623Z
3028,30,2025-10-03T00:00:00.000Z,447.33,Grazing Stock,4,Complete,false,376,2,410,2026-04-08T21:19:26.624Z
3029,23,2025-10-03T00:00:00.000Z,493.91,Grazing Stock,4,Complete,false,376,2,410,2026-04-08T21:19:26.625Z
3030,19,2025-09-29T00:00:00.000Z,180,Finance Stock,4,Complete,false,263,16,274,2026-04-08T21:19:26.625Z
3031,71,2025-10-03T00:00:00.000Z,269.41,Finance Stock,4,Complete,false,222,5,221,2026-04-08T21:19:26.626Z
3032,45,2025-09-26T00:00:00.000Z,441,Grazing Stock,4,Complete,false,352,2,384,2026-04-08T21:19:26.627Z
3033,11,2025-10-07T00:00:00.000Z,592,Grazing Stock,3,Awaiting Payment,false,376,2,410,2026-04-08T21:19:26.627Z
3034,19,2025-10-07T00:00:00.000Z,537,Grazing Stock,3,Awaiting Payment,false,376,2,410,2026-04-08T21:19:26.629Z
3035,16,2025-10-07T00:00:00.000Z,494,Grazing Stock,3,Awaiting Payment,false,376,2,410,2026-04-08T21:19:26.630Z
3037,207,2025-10-08T00:00:00.000Z,30,Farm Owned,3,Awaiting Payment,false,2,3,7,2026-04-08T21:19:26.630Z
3038,290,2025-10-08T00:00:00.000Z,33,ANZCO Grazing,4,Complete,false,2,1,5,2026-04-08T21:19:26.631Z
3039,49,2025-10-09T00:00:00.000Z,437,Grazing Stock,4,Complete,false,352,2,384,2026-04-08T21:19:26.632Z
3040,34,2025-10-06T00:00:00.000Z,279.11,Finance Stock,4,Complete,false,264,5,276,2026-04-08T21:19:26.632Z
3042,4,2025-10-07T00:00:00.000Z,450,Finance Stock,4,Complete,false,142,2,151,2026-04-08T21:19:26.633Z
3043,20,2025-10-01T00:00:00.000Z,316.35,Finance Stock,4,Complete,false,388,5,415,2026-04-08T21:19:26.634Z
3044,54,2025-09-23T00:00:00.000Z,313.15,Finance Stock,4,Complete,false,388,5,415,2026-04-08T21:19:26.635Z
3045,348,2025-10-14T00:00:00.000Z,338.48,Finance Stock,4,Complete,false,116,2,122,2026-04-08T21:19:26.635Z
3046,85,2025-10-07T00:00:00.000Z,420,Finance Stock,4,Complete,false,389,2,416,2026-04-08T21:19:26.636Z
3047,1188,2025-10-07T00:00:00.000Z,35,Finance Stock,4,Complete,false,358,1,393,2026-04-08T21:19:26.638Z
3048,441,2025-10-06T00:00:00.000Z,30,Finance Stock,4,Complete,false,292,1,318,2026-04-08T21:19:26.639Z
3049,45,2025-10-14T00:00:00.000Z,435,Finance Stock,4,Complete,false,265,5,280,2026-04-08T21:19:26.640Z
3050,351,2025-10-08T00:00:00.000Z,35,Finance Stock,4,Complete,false,363,1,397,2026-04-08T21:19:26.641Z
3051,2,2025-10-14T00:00:00.000Z,462.5,Finance Stock,4,Complete,false,168,5,175,2026-04-08T21:19:26.641Z
3052,4,2025-10-16T00:00:00.000Z,460,Finance Stock,3,Awaiting Payment,false,168,5,175,2026-04-08T21:19:26.642Z
3053,792,2025-10-07T00:00:00.000Z,100,Finance Stock,4,Complete,false,363,1,397,2026-04-08T21:19:26.643Z
3054,20,2025-10-12T00:00:00.000Z,580,Finance Stock,4,Complete,false,144,5,156,2026-04-08T21:19:26.644Z
3055,7,2025-10-22T00:00:00.000Z,519,Grazing Stock,3,Awaiting Payment,false,50,2,81,2026-04-08T21:19:26.644Z
3056,7,2025-10-22T00:00:00.000Z,520,Grazing Stock,3,Awaiting Payment,false,50,2,81,2026-04-08T21:19:26.645Z
3057,9,2025-10-22T00:00:00.000Z,530,Grazing Stock,3,Awaiting Payment,false,50,2,81,2026-04-08T21:19:26.646Z
3058,100,2025-10-14T00:00:00.000Z,250,Finance Stock,4,Complete,false,245,16,239,2026-04-08T21:19:26.647Z
3059,21,2025-10-16T00:00:00.000Z,450,Finance Stock,4,Complete,false,95,5,110,2026-04-08T21:19:26.648Z
3060,27,2025-10-13T00:00:00.000Z,400,Finance Stock,4,Complete,false,10,5,30,2026-04-08T21:19:26.648Z
3061,90,2025-10-08T00:00:00.000Z,400,Finance Stock,4,Complete,false,390,5,417,2026-04-08T21:19:26.650Z
3062,27,2025-10-16T00:00:00.000Z,504.19,Finance Stock,4,Complete,false,268,5,284,2026-04-08T21:19:26.651Z
3063,25,2025-10-17T00:00:00.000Z,500,Finance Stock,4,Complete,false,10,5,30,2026-04-08T21:19:26.652Z
3064,54,2025-10-23T00:00:00.000Z,444,Grazing Stock,4,Complete,false,50,2,81,2026-04-08T21:19:26.653Z
3066,27,2025-06-27T00:00:00.000Z,488.45,Finance Stock,4,Complete,false,142,2,151,2026-04-08T21:19:26.653Z
3067,5,2025-10-14T00:00:00.000Z,477.78,Finance Stock,4,Complete,false,144,5,156,2026-04-08T21:19:26.654Z
3068,5,2025-10-14T00:00:00.000Z,488.89,Finance Stock,4,Complete,false,144,5,156,2026-04-08T21:19:26.656Z
3069,3,2025-10-14T00:00:00.000Z,488.89,Finance Stock,4,Complete,false,144,5,156,2026-04-08T21:19:26.656Z
3070,4,2025-10-14T00:00:00.000Z,477.78,Finance Stock,4,Complete,false,144,5,156,2026-04-08T21:19:26.657Z
3071,18,2025-10-14T00:00:00.000Z,477.78,Finance Stock,4,Complete,false,144,5,156,2026-04-08T21:19:26.659Z
3072,8,2025-10-14T00:00:00.000Z,477.78,Finance Stock,4,Complete,false,144,5,156,2026-04-08T21:19:26.659Z
3074,30,2025-10-15T00:00:00.000Z,488.89,Finance Stock,4,Complete,false,144,5,156,2026-04-08T21:19:26.660Z
3075,5,2025-10-17T00:00:00.000Z,500,Finance Stock,4,Complete,false,144,5,156,2026-04-08T21:19:26.661Z
3076,2,2025-10-17T00:00:00.000Z,500,Finance Stock,4,Complete,false,144,5,156,2026-04-08T21:19:26.662Z
3077,10,2025-10-17T00:00:00.000Z,500,Finance Stock,3,Awaiting Payment,false,144,5,156,2026-04-08T21:19:26.663Z
3078,60,2025-10-23T00:00:00.000Z,454.33,Grazing Stock,4,Complete,false,50,2,81,2026-04-08T21:19:26.665Z
3079,42,2025-10-23T00:00:00.000Z,468.57,Grazing Stock,4,Complete,false,352,2,384,2026-04-08T21:19:26.666Z
3080,3,2025-10-23T00:00:00.000Z,452,Grazing Stock,4,Complete,false,352,2,384,2026-04-08T21:19:26.667Z
3081,49,2025-10-29T00:00:00.000Z,428.17,Grazing Stock,4,Complete,false,291,2,315,2026-04-08T21:19:26.668Z
3082,6,2025-10-14T00:00:00.000Z,455.56,Finance Stock,4,Complete,false,144,5,156,2026-04-08T21:19:26.668Z
3083,360,2025-10-30T00:00:00.000Z,450,Finance Stock,4,Complete,false,374,2,408,2026-04-08T21:19:26.669Z
3084,4,2025-10-24T00:00:00.000Z,366.67,Finance Stock,4,Complete,false,144,5,156,2026-04-08T21:19:26.670Z
3085,20,2025-10-24T00:00:00.000Z,377.78,Finance Stock,4,Complete,false,144,5,156,2026-04-08T21:19:26.671Z
3086,417,2025-10-24T00:00:00.000Z,100,Finance Stock,4,Complete,false,391,1,418,2026-04-08T21:19:26.672Z
3087,143,2025-10-22T00:00:00.000Z,267.93,Finance Stock,3,Awaiting Payment,false,264,5,276,2026-04-08T21:19:26.673Z
3088,1,2025-10-30T00:00:00.000Z,475,Grazing Stock,3,Awaiting Payment,false,352,2,384,2026-04-08T21:19:26.673Z
3089,158,2025-10-23T00:00:00.000Z,415.86,Finance Stock,4,Complete,false,140,5,148,2026-04-08T21:19:26.675Z
3090,5,2025-10-30T00:00:00.000Z,417.36,Finance Stock,3,Awaiting Payment,false,257,2,264,2026-04-08T21:19:26.675Z
3091,29,2025-10-30T00:00:00.000Z,485.55,Finance Stock,3,Awaiting Payment,false,257,2,264,2026-04-08T21:19:26.676Z
3092,8,2025-10-23T00:00:00.000Z,455.5,Finance Stock,3,Awaiting Payment,false,144,5,156,2026-04-08T21:19:26.677Z
3093,25,2025-10-24T00:00:00.000Z,505.52,Finance Stock,3,Awaiting Payment,false,144,5,156,2026-04-08T21:19:26.678Z
3094,12,2025-11-05T00:00:00.000Z,35,Finance Stock,4,Complete,false,358,1,393,2026-04-08T21:19:26.679Z
3095,7,2025-10-22T00:00:00.000Z,450,Farm Owned,3,Awaiting Payment,false,3,5,12,2026-04-08T21:19:26.681Z
3096,4,2025-10-30T00:00:00.000Z,388.89,Finance Stock,4,Complete,false,144,5,156,2026-04-08T21:19:26.682Z
3097,1,2025-10-30T00:00:00.000Z,388.88,Finance Stock,4,Complete,false,144,5,156,2026-04-08T21:19:26.683Z
3098,10,2025-10-31T00:00:00.000Z,477.78,Finance Stock,4,Complete,false,144,5,156,2026-04-08T21:19:26.684Z
3100,6,2025-10-29T00:00:00.000Z,488.89,Finance Stock,4,Complete,false,144,5,156,2026-04-08T21:19:26.685Z
3101,15,2025-10-29T00:00:00.000Z,483.33,Finance Stock,4,Complete,false,144,5,156,2026-04-08T21:19:26.686Z
3102,10,2025-10-29T00:00:00.000Z,488.89,Finance Stock,3,Awaiting Payment,false,144,5,156,2026-04-08T21:19:26.687Z
3103,60,2025-10-29T00:00:00.000Z,300,Finance Stock,3,Awaiting Payment,false,251,2,252,2026-04-08T21:19:26.688Z
3104,50,2025-10-30T00:00:00.000Z,278.99,Finance Stock,4,Complete,false,92,5,105,2026-04-08T21:19:26.689Z
3105,250,2025-11-05T00:00:00.000Z,100,Finance Stock,4,Complete,false,392,16,419,2026-04-08T21:19:26.690Z
3108,60,2025-10-27T00:00:00.000Z,400,Finance Stock,3,Awaiting Payment,false,289,5,311,2026-04-08T21:19:26.691Z
3109,762,2025-11-11T00:00:00.000Z,30,Finance Stock,3,Awaiting Payment,false,391,1,418,2026-04-08T21:19:26.692Z
3110,19,2025-10-31T00:00:00.000Z,100,Finance Stock,3,Awaiting Payment,false,296,16,328,2026-04-08T21:19:26.694Z
3111,68,2025-11-08T00:00:00.000Z,100,Finance Stock,3,Awaiting Payment,false,296,16,328,2026-04-08T21:19:26.695Z
3112,39,2025-11-10T00:00:00.000Z,100,Finance Stock,4,Complete,false,42,16,70,2026-04-08T21:19:26.701Z
3113,23,2025-11-07T00:00:00.000Z,420,Finance Stock,4,Complete,false,292,2,319,2026-04-08T21:19:26.702Z
3114,25,2025-11-07T00:00:00.000Z,450,Finance Stock,4,Complete,false,142,2,151,2026-04-08T21:19:26.703Z
3115,8,2025-11-07T00:00:00.000Z,485,Finance Stock,4,Complete,false,102,2,114,2026-04-08T21:19:26.704Z
3116,350,2025-11-11T00:00:00.000Z,100,Finance Stock,4,Complete,false,393,1,420,2026-04-08T21:19:26.707Z
3117,49,2025-11-10T00:00:00.000Z,100,Finance Stock,3,Awaiting Payment,false,374,16,409,2026-04-08T21:19:26.707Z
3118,29,2025-11-10T00:00:00.000Z,100,Finance Stock,3,Awaiting Payment,false,374,16,409,2026-04-08T21:19:26.708Z
3120,12,2025-10-31T00:00:00.000Z,383.33,Finance Stock,3,Awaiting Payment,false,144,5,156,2026-04-08T21:19:26.709Z
3121,2000,2025-11-10T00:00:00.000Z,20,Finance Stock,4,Complete,false,146,1,158,2026-04-08T21:19:26.710Z
3122,1000,2025-11-10T00:00:00.000Z,20,Finance Stock,3,Awaiting Payment,false,150,1,161,2026-04-08T21:19:26.710Z
3123,147,2025-11-13T00:00:00.000Z,372.64,Grazing Stock,4,Complete,false,194,2,188,2026-04-08T21:19:26.711Z
3125,40,2025-11-14T00:00:00.000Z,501.73,Grazing Stock,4,Complete,false,373,2,407,2026-04-08T21:19:26.712Z
3128,61,2025-11-06T00:00:00.000Z,100,Finance Stock,4,Complete,false,283,16,301,2026-04-08T21:19:26.713Z
3130,19,2025-11-06T00:00:00.000Z,100,Finance Stock,4,Complete,false,316,16,350,2026-04-08T21:19:26.714Z
3131,52,2025-11-06T00:00:00.000Z,150,Finance Stock,4,Complete,false,154,2,165,2026-04-08T21:19:26.714Z
3132,52,2025-11-10T00:00:00.000Z,100,Finance Stock,3,Awaiting Payment,false,374,16,409,2026-04-08T21:19:26.715Z
3133,70,2025-11-10T00:00:00.000Z,100,Finance Stock,3,Awaiting Payment,false,374,16,409,2026-04-08T21:19:26.716Z
3136,2000,2025-11-04T00:00:00.000Z,20,Finance Stock,3,Awaiting Payment,false,147,1,159,2026-04-08T21:19:26.716Z
3137,60,2025-11-06T00:00:00.000Z,100,Finance Stock,4,Complete,false,247,16,243,2026-04-08T21:19:26.717Z
3138,40,2025-11-06T00:00:00.000Z,100,Finance Stock,4,Complete,false,247,16,243,2026-04-08T21:19:26.718Z
3140,256,2025-11-14T00:00:00.000Z,100,Finance Stock,3,Awaiting Payment,false,23,1,48,2026-04-08T21:19:26.719Z
3141,2,2025-11-07T00:00:00.000Z,450,Finance Stock,4,Complete,false,144,5,156,2026-04-08T21:19:26.720Z
3142,20,2025-11-07T00:00:00.000Z,455.56,Finance Stock,4,Complete,false,144,5,156,2026-04-08T21:19:26.721Z
3143,152,2025-11-06T00:00:00.000Z,120,Finance Stock,4,Complete,false,394,16,421,2026-04-08T21:19:26.723Z
3145,130,2025-11-13T00:00:00.000Z,320.15,Finance Stock,3,Awaiting Payment,false,92,5,105,2026-04-08T21:19:26.725Z
3146,135,2025-11-20T00:00:00.000Z,394.07,Grazing Stock,4,Complete,false,89,2,98,2026-04-08T21:19:26.727Z
3147,120,2025-11-12T00:00:00.000Z,346.3,Finance Stock,4,Complete,false,140,5,148,2026-04-08T21:19:26.729Z
3148,46,2025-11-12T00:00:00.000Z,100,Finance Stock,4,Complete,false,374,16,409,2026-04-08T21:19:26.729Z
3149,97,2025-11-18T00:00:00.000Z,110,Finance Stock,4,Complete,false,247,16,243,2026-04-08T21:19:26.730Z
3150,72,2025-11-16T00:00:00.000Z,100,Finance Stock,4,Complete,false,296,16,328,2026-04-08T21:19:26.732Z
3151,278,2025-11-19T00:00:00.000Z,100,Finance Stock,4,Complete,false,297,1,329,2026-04-08T21:19:26.733Z
3152,706,2025-11-14T00:00:00.000Z,100,Finance Stock,4,Complete,false,391,1,418,2026-04-08T21:19:26.734Z
3153,40,2025-11-13T00:00:00.000Z,25,Finance Stock,4,Complete,false,297,1,329,2026-04-08T21:19:26.735Z
3155,85,2025-11-17T00:00:00.000Z,390.94,Finance Stock,4,Complete,false,153,2,164,2026-04-08T21:19:26.736Z
3156,2,2025-11-18T00:00:00.000Z,405.56,Finance Stock,4,Complete,false,168,5,175,2026-04-08T21:19:26.736Z
3159,65,2025-11-21T00:00:00.000Z,366.15,Finance Stock,4,Complete,false,352,2,384,2026-04-08T21:19:26.737Z
3160,100,2025-11-18T00:00:00.000Z,400,Finance Stock,4,Complete,false,154,2,165,2026-04-08T21:19:26.739Z
3161,33,2025-11-18T00:00:00.000Z,400,Finance Stock,4,Complete,false,292,2,319,2026-04-08T21:19:26.740Z
3162,3,2025-10-22T00:00:00.000Z,350,Finance Stock,4,Complete,false,95,5,110,2026-04-08T21:19:26.741Z
3163,22,2025-11-11T00:00:00.000Z,330,Finance Stock,4,Complete,false,153,2,164,2026-04-08T21:19:26.742Z
3165,125,2025-11-21T00:00:00.000Z,100,Finance Stock,4,Complete,false,248,16,247,2026-04-08T21:19:26.744Z
3166,4,2025-11-18T00:00:00.000Z,405.56,Finance Stock,4,Complete,false,168,5,175,2026-04-08T21:19:26.745Z
3167,45,2025-11-14T00:00:00.000Z,390.67,Grazing Stock,4,Complete,false,395,2,422,2026-04-08T21:19:26.748Z
3169,20,2025-11-09T00:00:00.000Z,100,Finance Stock,3,Awaiting Payment,false,243,16,235,2026-04-08T21:19:26.749Z
3170,66,2025-11-20T00:00:00.000Z,313.9,Finance Stock,4,Complete,false,95,5,110,2026-04-08T21:19:26.750Z
3171,88,2025-11-20T00:00:00.000Z,100,Finance Stock,4,Complete,false,316,16,350,2026-04-08T21:19:26.751Z
3172,60,2025-11-19T00:00:00.000Z,100,Finance Stock,4,Complete,false,316,16,350,2026-04-08T21:19:26.752Z
3173,18,2025-11-24T00:00:00.000Z,100,Finance Stock,3,Awaiting Payment,false,352,16,388,2026-04-08T21:19:26.753Z
3174,19,2025-11-24T00:00:00.000Z,100,Finance Stock,3,Awaiting Payment,false,352,16,388,2026-04-08T21:19:26.756Z
3175,9,2025-11-24T00:00:00.000Z,100,Finance Stock,4,Complete,false,352,16,388,2026-04-08T21:19:26.757Z
3177,41,2025-11-26T00:00:00.000Z,294.5,Finance Stock,4,Complete,false,291,2,315,2026-04-08T21:19:26.758Z
3178,5,2025-11-25T00:00:00.000Z,306.6,Finance Stock,4,Complete,false,292,2,319,2026-04-08T21:19:26.759Z
3179,53,2025-11-26T00:00:00.000Z,409.43,Finance Stock,4,Complete,false,142,2,151,2026-04-08T21:19:26.760Z
3180,25,2025-11-18T00:00:00.000Z,454.8,Finance Stock,4,Complete,false,400,5,425,2026-04-08T21:19:26.761Z
3181,35,2025-11-18T00:00:00.000Z,374.9,Finance Stock,4,Complete,false,400,5,425,2026-04-08T21:19:26.763Z
3183,110,2025-11-26T00:00:00.000Z,100,Finance Stock,4,Complete,false,82,16,90,2026-04-08T21:19:26.764Z
3184,37,2025-11-26T00:00:00.000Z,288.95,Finance Stock,4,Complete,false,154,2,165,2026-04-08T21:19:26.765Z
3187,300,2025-11-26T00:00:00.000Z,29.95,Finance Stock,4,Complete,false,324,1,355,2026-04-08T21:19:26.766Z
3188,920,2025-11-26T00:00:00.000Z,28.59,Finance Stock,4,Complete,false,391,1,418,2026-04-08T21:19:26.767Z
3189,400,2025-11-26T00:00:00.000Z,29.95,Finance Stock,4,Complete,false,401,1,426,2026-04-08T21:19:26.768Z
3192,23,2025-11-26T00:00:00.000Z,434.78,Finance Stock,3,Awaiting Payment,false,42,5,69,2026-04-08T21:19:26.769Z
3193,6,2025-11-20T00:00:00.000Z,100,Finance Stock,4,Complete,false,260,16,271,2026-04-08T21:19:26.769Z
3194,48,2025-11-25T00:00:00.000Z,100,Finance Stock,4,Complete,false,243,16,235,2026-04-08T21:19:26.771Z
3195,53,2025-11-20T00:00:00.000Z,500,Finance Stock,4,Complete,false,144,5,156,2026-04-08T21:19:26.772Z
3196,53,2025-11-19T00:00:00.000Z,100,Finance Stock,4,Complete,false,260,16,271,2026-04-08T21:19:26.773Z
3197,8,2025-11-19T00:00:00.000Z,100,Finance Stock,4,Complete,false,260,16,271,2026-04-08T21:19:26.776Z
3198,62,2025-12-02T00:00:00.000Z,100,Finance Stock,4,Complete,false,82,16,90,2026-04-08T21:19:26.778Z
3199,23,2025-12-03T00:00:00.000Z,100,Finance Stock,4,Complete,false,260,16,271,2026-04-08T21:19:26.779Z
3200,30,2025-11-28T00:00:00.000Z,100,Finance Stock,4,Complete,false,352,16,388,2026-04-08T21:19:26.780Z
3201,24,2025-12-02T00:00:00.000Z,649.6,Finance Stock,4,Complete,false,142,2,151,2026-04-08T21:19:26.781Z
3202,1,2025-12-02T00:00:00.000Z,649.6,Finance Stock,4,Complete,false,142,5,153,2026-04-08T21:19:26.783Z
3203,57,2025-12-03T00:00:00.000Z,111,Grazing Stock,3,Awaiting Payment,false,395,16,423,2026-04-08T21:19:26.784Z
3204,49,2025-12-03T00:00:00.000Z,128.49,Grazing Stock,4,Complete,false,395,16,423,2026-04-08T21:19:26.785Z
3205,8,2025-11-26T00:00:00.000Z,400,Finance Stock,4,Complete,false,144,5,156,2026-04-08T21:19:26.786Z
3206,8,2025-11-26T00:00:00.000Z,400,Finance Stock,4,Complete,false,144,5,156,2026-04-08T21:19:26.787Z
3207,50,2025-11-26T00:00:00.000Z,422.22,Finance Stock,4,Complete,false,144,5,156,2026-04-08T21:19:26.788Z
3208,8,2025-11-26T00:00:00.000Z,400,Finance Stock,4,Complete,false,144,5,156,2026-04-08T21:19:26.788Z
3209,120,2025-11-27T00:00:00.000Z,100,Finance Stock,3,Awaiting Payment,false,399,16,424,2026-04-08T21:19:26.790Z
3210,18,2025-11-28T00:00:00.000Z,400,Finance Stock,4,Complete,false,144,5,156,2026-04-08T21:19:26.791Z
3211,46,2025-11-27T00:00:00.000Z,400,Finance Stock,4,Complete,false,144,5,156,2026-04-08T21:19:26.793Z
3212,49,2025-11-28T00:00:00.000Z,390.97,Finance Stock,4,Complete,false,407,5,427,2026-04-08T21:19:26.794Z
3213,19,2025-12-03T00:00:00.000Z,365.33,Finance Stock,4,Complete,false,407,5,427,2026-04-08T21:19:26.795Z
3214,43,2025-12-04T00:00:00.000Z,100,Finance Stock,4,Complete,false,243,16,235,2026-04-08T21:19:26.796Z
3215,800,2025-11-26T00:00:00.000Z,29.98,Finance Stock,4,Complete,false,264,1,275,2026-04-08T21:19:26.797Z
3216,70,2025-12-05T00:00:00.000Z,371.43,Farm Owned,3,Awaiting Payment,false,2,5,8,2026-04-08T21:19:26.797Z
3217,70,2025-12-05T00:00:00.000Z,356.66,Finance Stock,4,Complete,false,288,5,310,2026-04-08T21:19:26.798Z
3218,403,2025-11-25T00:00:00.000Z,29.98,Finance Stock,4,Complete,false,294,1,322,2026-04-08T21:19:26.799Z
3219,47,2025-12-03T00:00:00.000Z,510.8,Finance Stock,4,Complete,false,212,2,212,2026-04-08T21:19:26.800Z
3220,59,2025-12-05T00:00:00.000Z,100,Finance Stock,3,Awaiting Payment,false,374,16,409,2026-04-08T21:19:26.801Z
3221,22,2025-12-03T00:00:00.000Z,100,Finance Stock,3,Awaiting Payment,false,260,16,271,2026-04-08T21:19:26.802Z
3222,25,2025-12-02T00:00:00.000Z,383.33,Finance Stock,4,Complete,false,168,5,175,2026-04-08T21:19:26.802Z
3223,63,2025-11-28T00:00:00.000Z,404.05,Finance Stock,3,Awaiting Payment,false,140,5,148,2026-04-08T21:19:26.803Z
3224,18,2025-11-20T00:00:00.000Z,100,Finance Stock,4,Complete,false,408,16,430,2026-04-08T21:19:26.804Z
3225,4,2025-11-05T00:00:00.000Z,375,Finance Stock,4,Complete,false,408,2,429,2026-04-08T21:19:26.805Z
3226,99,2025-11-27T00:00:00.000Z,100,Finance Stock,4,Complete,false,271,16,290,2026-04-08T21:19:26.807Z
3227,9,2025-11-24T00:00:00.000Z,351.93,Finance Stock,4,Complete,false,408,2,429,2026-04-08T21:19:26.807Z
3228,16,2025-12-05T00:00:00.000Z,340,Grazing Stock,4,Complete,false,395,2,422,2026-04-08T21:19:26.808Z
3229,30,2025-12-05T00:00:00.000Z,100,Finance Stock,3,Awaiting Payment,false,243,16,235,2026-04-08T21:19:26.809Z
3230,40,2025-12-05T00:00:00.000Z,100,Finance Stock,3,Awaiting Payment,false,243,16,235,2026-04-08T21:19:26.809Z
3231,8,2025-12-05T00:00:00.000Z,100,Finance Stock,3,Awaiting Payment,false,243,16,235,2026-04-08T21:19:26.810Z
3232,3,2025-12-05T00:00:00.000Z,100,Finance Stock,3,Awaiting Payment,false,243,16,235,2026-04-08T21:19:26.812Z
3233,130,2025-12-01T00:00:00.000Z,100,Finance Stock,3,Awaiting Payment,false,407,16,428,2026-04-08T21:19:26.814Z
3234,8,2025-12-01T00:00:00.000Z,400,Finance Stock,3,Awaiting Payment,false,144,5,156,2026-04-08T21:19:26.815Z
3235,2,2025-12-03T00:00:00.000Z,400,Finance Stock,3,Awaiting Payment,false,144,5,156,2026-04-08T21:19:26.817Z
3236,2,2025-12-01T00:00:00.000Z,400,Finance Stock,3,Awaiting Payment,false,144,5,156,2026-04-08T21:19:26.818Z
3237,12,2025-12-04T00:00:00.000Z,100,Finance Stock,4,Complete,false,260,16,271,2026-04-08T21:19:26.819Z
3238,1428,2025-12-11T00:00:00.000Z,30.85,Finance Stock,3,Awaiting Payment,false,133,1,144,2026-04-08T21:19:26.820Z
3239,34,2025-12-02T00:00:00.000Z,105,Farm Owned,3,Awaiting Payment,false,3,16,15,2026-04-08T21:19:26.822Z
3240,20,2025-12-03T00:00:00.000Z,100,Finance Stock,4,Complete,false,254,16,258,2026-04-08T21:19:26.823Z
3243,30,2025-12-09T00:00:00.000Z,100,Finance Stock,3,Awaiting Payment,false,243,16,235,2026-04-08T21:19:26.824Z
3244,86,2025-12-04T00:00:00.000Z,100,Finance Stock,4,Complete,false,254,16,258,2026-04-08T21:19:26.826Z
3245,44,2025-12-05T00:00:00.000Z,383.18,Finance Stock,3,Awaiting Payment,false,352,2,384,2026-04-08T21:19:26.827Z
3246,7,2025-12-04T00:00:00.000Z,100,Finance Stock,4,Complete,false,352,16,388,2026-04-08T21:19:26.830Z
3247,96,2025-12-04T00:00:00.000Z,100,Finance Stock,4,Complete,false,352,16,388,2026-04-08T21:19:26.832Z
3248,8,2025-12-04T00:00:00.000Z,100,Finance Stock,4,Complete,false,352,16,388,2026-04-08T21:19:26.834Z
3249,17,2025-12-04T00:00:00.000Z,100,Finance Stock,4,Complete,false,352,16,388,2026-04-08T21:19:26.836Z
3250,4000,2025-12-05T00:00:00.000Z,25,Finance Stock,3,Awaiting Payment,false,254,1,255,2026-04-08T21:19:26.836Z
3252,69,2025-12-10T00:00:00.000Z,322.9,Finance Stock,3,Awaiting Payment,false,352,2,384,2026-04-08T21:19:26.837Z
3253,5,2025-12-08T00:00:00.000Z,500,Finance Stock,3,Awaiting Payment,false,144,5,156,2026-04-08T21:19:26.839Z
3254,4,2025-12-04T00:00:00.000Z,100,Finance Stock,4,Complete,false,260,16,271,2026-04-08T21:19:26.840Z
3255,47,2025-12-15T00:00:00.000Z,100,Finance Stock,3,Awaiting Payment,false,42,16,70,2026-04-08T21:19:26.841Z
3257,370,2025-12-09T00:00:00.000Z,30,Finance Stock,3,Awaiting Payment,false,225,1,229,2026-04-08T21:19:26.843Z
3260,500,2025-12-15T00:00:00.000Z,28.19,Grazing Stock,3,Awaiting Payment,false,409,1,431,2026-04-08T21:19:26.845Z
3261,357,2025-12-15T00:00:00.000Z,28.19,Grazing Stock,3,Awaiting Payment,false,415,1,432,2026-04-08T21:19:26.846Z
3262,438,2025-12-16T00:00:00.000Z,27.63,Grazing Stock,3,Awaiting Payment,false,50,1,80,2026-04-08T21:19:26.847Z
3263,451,2025-12-16T00:00:00.000Z,30.77,Grazing Stock,3,Awaiting Payment,false,50,1,80,2026-04-08T21:19:26.849Z
3264,707,2025-12-16T00:00:00.000Z,34.53,Grazing Stock,3,Awaiting Payment,false,50,1,80,2026-04-08T21:19:26.850Z
3265,780,2025-12-17T00:00:00.000Z,33.97,Grazing Stock,3,Awaiting Payment,false,50,1,80,2026-04-08T21:19:26.851Z
3266,38,2025-11-28T00:00:00.000Z,100,Finance Stock,4,Complete,false,374,16,409,2026-04-08T21:19:26.851Z
3267,25,2025-11-28T00:00:00.000Z,100,Finance Stock,4,Complete,false,374,16,409,2026-04-08T21:19:26.852Z
3268,40,2025-11-28T00:00:00.000Z,100,Finance Stock,4,Complete,false,352,16,388,2026-04-08T21:19:26.853Z
3269,28,2025-11-28T00:00:00.000Z,100,Finance Stock,4,Complete,false,352,16,388,2026-04-08T21:19:26.854Z
3270,76,2025-12-22T00:00:00.000Z,399.56,Finance Stock,3,Awaiting Payment,false,288,5,310,2026-04-08T21:19:26.855Z
3271,38,2025-12-10T00:00:00.000Z,100,Finance Stock,3,Awaiting Payment,false,82,16,90,2026-04-08T21:19:26.856Z
3272,14,2025-12-16T00:00:00.000Z,388.93,Finance Stock,3,Awaiting Payment,false,143,2,155,2026-04-08T21:19:26.856Z
3273,230,2025-12-10T00:00:00.000Z,400,Finance Stock,3,Awaiting Payment,false,172,5,180,2026-04-08T21:19:26.857Z
3274,7,2025-12-16T00:00:00.000Z,100,Finance Stock,3,Awaiting Payment,false,352,16,388,2026-04-08T21:19:26.858Z
3275,6,2025-12-08T00:00:00.000Z,500,Finance Stock,3,Awaiting Payment,false,144,5,156,2026-04-08T21:19:26.859Z
3276,255,2025-12-15T00:00:00.000Z,26.67,Finance Stock,3,Awaiting Payment,false,309,1,343,2026-04-08T21:19:26.860Z
3277,24,2025-12-17T00:00:00.000Z,100,Finance Stock,3,Awaiting Payment,false,316,16,350,2026-04-08T21:19:26.861Z
3278,31,2025-12-12T00:00:00.000Z,455.8,Finance Stock,3,Awaiting Payment,false,352,2,384,2026-04-08T21:19:26.861Z
3279,90,2025-12-16T00:00:00.000Z,100,Finance Stock,3,Awaiting Payment,false,352,16,388,2026-04-08T21:19:26.862Z
3280,120,2025-12-15T00:00:00.000Z,100,Finance Stock,3,Awaiting Payment,false,38,2,61,2026-04-08T21:19:26.863Z
3282,635,2025-12-10T00:00:00.000Z,100,Finance Stock,3,Awaiting Payment,false,309,1,343,2026-04-08T21:19:26.864Z
3283,36,2025-12-15T00:00:00.000Z,377.78,Finance Stock,3,Awaiting Payment,false,10,5,30,2026-04-08T21:19:26.865Z
3284,403,2025-12-15T00:00:00.000Z,31.49,Grazing Stock,3,Awaiting Payment,false,285,1,303,2026-04-08T21:19:26.865Z
3288,1489,2025-12-19T00:00:00.000Z,29,ANZCO Grazing,3,Awaiting Payment,false,2,1,5,2026-04-08T21:19:26.866Z
3289,57,2025-12-12T00:00:00.000Z,399.75,Finance Stock,3,Awaiting Payment,false,388,5,415,2026-04-08T21:19:26.867Z
3290,50,2025-12-12T00:00:00.000Z,390.67,Finance Stock,3,Awaiting Payment,false,388,5,415,2026-04-08T21:19:26.867Z
3291,68,2025-12-18T00:00:00.000Z,396.14,Finance Stock,3,Awaiting Payment,false,268,2,283,2026-04-08T21:19:26.868Z
3292,4,2025-12-11T00:00:00.000Z,502.78,Finance Stock,3,Awaiting Payment,false,144,5,156,2026-04-08T21:19:26.869Z
3293,14,2025-12-12T00:00:00.000Z,352.85,Finance Stock,3,Awaiting Payment,false,418,2,434,2026-04-08T21:19:26.870Z
3294,162,2025-12-22T00:00:00.000Z,29.89,Finance Stock,3,Awaiting Payment,false,172,1,179,2026-04-08T21:19:26.871Z
3295,879,2025-12-17T00:00:00.000Z,29.87,Finance Stock,3,Awaiting Payment,false,309,1,343,2026-04-08T21:19:26.871Z
3296,795,2025-12-31T00:00:00.000Z,32,Finance Stock,3,Awaiting Payment,false,358,1,393,2026-04-08T21:19:26.872Z
3297,83,2025-12-19T00:00:00.000Z,100,Finance Stock,3,Awaiting Payment,false,223,16,226,2026-04-08T21:19:26.873Z
3298,28,2025-12-19T00:00:00.000Z,100,Finance Stock,3,Awaiting Payment,false,223,16,226,2026-04-08T21:19:26.874Z
3299,100,2025-12-15T00:00:00.000Z,100,Finance Stock,3,Awaiting Payment,false,295,16,325,2026-04-08T21:19:26.876Z
3300,200,2025-12-15T00:00:00.000Z,100,Finance Stock,3,Awaiting Payment,false,264,16,278,2026-04-08T21:19:26.876Z
3301,61,2025-12-16T00:00:00.000Z,408.52,Finance Stock,3,Awaiting Payment,false,352,2,384,2026-04-08T21:19:26.877Z
3302,51,2025-12-21T00:00:00.000Z,373.41,Finance Stock,3,Awaiting Payment,false,388,5,415,2026-04-08T21:19:26.878Z
3303,10,2025-11-27T00:00:00.000Z,100,Finance Stock,4,Complete,false,271,16,290,2026-04-08T21:19:26.879Z
3304,30,2025-12-22T00:00:00.000Z,362.67,Finance Stock,3,Awaiting Payment,false,268,2,283,2026-04-08T21:19:26.879Z
3305,62,2025-12-18T00:00:00.000Z,304.64,Finance Stock,3,Awaiting Payment,false,222,5,221,2026-04-08T21:19:26.880Z
3306,976,2025-12-21T00:00:00.000Z,32.59,Finance Stock,3,Awaiting Payment,false,417,1,433,2026-04-08T21:19:26.881Z
3307,714,2025-12-17T00:00:00.000Z,30.62,Finance Stock,3,Awaiting Payment,false,156,1,167,2026-04-08T21:19:26.882Z
3309,294,2025-12-15T00:00:00.000Z,31.97,Finance Stock,3,Awaiting Payment,false,264,1,275,2026-04-08T21:19:26.883Z
3310,327,2025-12-15T00:00:00.000Z,28.99,Finance Stock,3,Awaiting Payment,false,264,1,275,2026-04-08T21:19:26.883Z
3311,75,2025-12-18T00:00:00.000Z,100,Finance Stock,3,Awaiting Payment,false,254,16,258,2026-04-08T21:19:26.884Z
3312,24,2025-12-18T00:00:00.000Z,414.17,Finance Stock,3,Awaiting Payment,false,292,2,319,2026-04-08T21:19:26.885Z
3313,26,2025-12-19T00:00:00.000Z,400,Finance Stock,3,Awaiting Payment,false,154,2,165,2026-04-08T21:19:26.886Z
3314,123,2025-12-18T00:00:00.000Z,110,Finance Stock,3,Awaiting Payment,false,254,16,258,2026-04-08T21:19:26.886Z
3315,21,2025-12-22T00:00:00.000Z,430,Finance Stock,3,Awaiting Payment,false,140,5,148,2026-04-08T21:19:26.887Z
3316,1163,2025-12-16T00:00:00.000Z,29.06,Finance Stock,3,Awaiting Payment,false,264,1,275,2026-04-08T21:19:26.888Z
3317,12,2025-12-22T00:00:00.000Z,507.6,Finance Stock,3,Awaiting Payment,false,243,5,234,2026-04-08T21:19:26.890Z
3318,6,2025-12-22T00:00:00.000Z,433.49,Finance Stock,3,Awaiting Payment,false,243,5,234,2026-04-08T21:19:26.891Z
3319,9,2025-12-22T00:00:00.000Z,105,Finance Stock,3,Awaiting Payment,false,243,16,235,2026-04-08T21:19:26.894Z
3320,15,2025-12-22T00:00:00.000Z,105,Finance Stock,3,Awaiting Payment,false,243,16,235,2026-04-08T21:19:26.895Z
3322,37,2025-12-24T00:00:00.000Z,211.88,Finance Stock,3,Awaiting Payment,false,222,2,220,2026-04-08T21:19:26.902Z
3323,1082,2025-12-10T00:00:00.000Z,30.5,Finance Stock,3,Awaiting Payment,false,363,1,397,2026-04-08T21:19:26.904Z
3324,727,2025-12-16T00:00:00.000Z,28.5,Finance Stock,3,Awaiting Payment,false,363,1,397,2026-04-08T21:19:26.905Z
3325,9,2025-12-16T00:00:00.000Z,29.06,Finance Stock,3,Awaiting Payment,false,264,1,275,2026-04-08T21:19:26.905Z
3326,941,2025-12-18T00:00:00.000Z,100,Finance Stock,3,Awaiting Payment,false,309,1,343,2026-04-08T21:19:26.906Z
3327,811,2025-12-18T00:00:00.000Z,32.18,Finance Stock,3,Awaiting Payment,false,419,1,435,2026-04-08T21:19:26.907Z
3328,428,2025-12-22T00:00:00.000Z,30.5,Finance Stock,3,Awaiting Payment,false,85,1,93,2026-04-08T21:19:26.908Z
3329,366,2026-01-05T00:00:00.000Z,27.73,Finance Stock,3,Awaiting Payment,false,183,1,184,2026-04-08T21:19:26.909Z
3330,231,2026-01-07T00:00:00.000Z,30.04,ANZCO Grazing,3,Awaiting Payment,false,1,1,1,2026-04-08T21:19:26.910Z
3331,342,2026-01-08T00:00:00.000Z,32,ANZCO Grazing,3,Awaiting Payment,false,1,1,1,2026-04-08T21:19:26.911Z
3332,65,2025-12-18T00:00:00.000Z,100,Finance Stock,3,Awaiting Payment,false,254,16,258,2026-04-08T21:19:26.911Z
3333,50,2026-01-07T00:00:00.000Z,300,Finance Stock,3,Awaiting Payment,false,38,2,61,2026-04-08T21:19:26.912Z
3334,455,2026-01-08T00:00:00.000Z,30.84,ANZCO Grazing,3,Awaiting Payment,false,1,1,1,2026-04-08T21:19:26.913Z
3336,454,2026-01-09T00:00:00.000Z,29.58,ANZCO Grazing,3,Awaiting Payment,false,1,1,1,2026-04-08T21:19:26.914Z
3337,203,2026-01-09T00:00:00.000Z,27.19,ANZCO Grazing,3,Awaiting Payment,false,1,1,1,2026-04-08T21:19:26.915Z
3338,387,2026-01-07T00:00:00.000Z,31.16,Store Stock Trading,3,Awaiting Payment,false,419,1,435,2026-04-08T21:19:26.915Z
3339,26,2026-01-08T00:00:00.000Z,402,Finance Stock,3,Awaiting Payment,false,140,5,148,2026-04-08T21:19:26.916Z
3340,15,2026-01-01T00:00:00.000Z,425,Finance Stock,3,Awaiting Payment,false,423,2,436,2026-04-08T21:19:26.917Z
3341,16,2026-01-07T00:00:00.000Z,432.4,Finance Stock,3,Awaiting Payment,false,243,5,234,2026-04-08T21:19:26.918Z
3342,29,2026-01-07T00:00:00.000Z,431.1,Finance Stock,3,Awaiting Payment,false,243,5,234,2026-04-08T21:19:26.919Z
3343,24,2026-01-07T00:00:00.000Z,436.32,Finance Stock,3,Awaiting Payment,false,243,5,234,2026-04-08T21:19:26.920Z
3344,32,2026-01-07T00:00:00.000Z,428.29,Finance Stock,3,Awaiting Payment,false,243,5,234,2026-04-08T21:19:26.921Z
3345,17,2026-01-07T00:00:00.000Z,439.04,Finance Stock,3,Awaiting Payment,false,243,5,234,2026-04-08T21:19:26.921Z
3346,34,2026-01-07T00:00:00.000Z,440.14,Finance Stock,3,Awaiting Payment,false,243,5,234,2026-04-08T21:19:26.922Z
3348,23,2026-01-09T00:00:00.000Z,432.4,Finance Stock,3,Awaiting Payment,false,243,5,234,2026-04-08T21:19:26.923Z
3349,14,2026-01-09T00:00:00.000Z,447.17,Finance Stock,3,Awaiting Payment,false,243,5,234,2026-04-08T21:19:26.925Z
3350,132,2026-01-12T00:00:00.000Z,29.54,ANZCO Grazing,3,Awaiting Payment,false,1,1,1,2026-04-08T21:19:26.927Z
3351,83,2026-01-12T00:00:00.000Z,30.24,ANZCO Grazing,3,Awaiting Payment,false,1,1,1,2026-04-08T21:19:26.927Z
3352,221,2026-01-08T00:00:00.000Z,30,Finance Stock,3,Awaiting Payment,false,4,1,16,2026-04-08T21:19:26.928Z
3354,330,2026-01-08T00:00:00.000Z,31.7,Finance Stock,3,Awaiting Payment,false,4,1,16,2026-04-08T21:19:26.929Z
3355,12,2026-01-09T00:00:00.000Z,100,Finance Stock,3,Awaiting Payment,false,260,16,271,2026-04-08T21:19:26.929Z
3356,1223,2026-01-13T00:00:00.000Z,30.25,ANZCO Grazing,3,Awaiting Payment,false,1,1,1,2026-04-08T21:19:26.930Z
3357,70,2026-01-12T00:00:00.000Z,386.57,Grazing Stock,3,Awaiting Payment,false,424,2,437,2026-04-08T21:19:26.931Z
3358,18,2026-01-02T00:00:00.000Z,320,Finance Stock,3,Awaiting Payment,false,143,2,155,2026-04-08T21:19:26.932Z
3359,833,2026-01-13T00:00:00.000Z,29.29,ANZCO Grazing,3,Awaiting Payment,false,1,1,1,2026-04-08T21:19:26.932Z
3360,863,2026-01-13T00:00:00.000Z,29.67,ANZCO Grazing,3,Awaiting Payment,false,3,1,467,2026-04-08T21:19:26.933Z
3361,638,2026-01-15T00:00:00.000Z,34,Grazing Stock,3,Awaiting Payment,false,94,1,108,2026-04-08T21:19:26.934Z
3362,32,2026-01-11T00:00:00.000Z,471.55,Finance Stock,3,Awaiting Payment,false,243,5,234,2026-04-08T21:19:26.935Z
3363,800,2026-01-16T00:00:00.000Z,30.8,ANZCO Grazing,3,Awaiting Payment,false,3,1,467,2026-04-08T21:19:26.935Z
3364,866,2026-01-12T00:00:00.000Z,34.17,Finance Stock,3,Awaiting Payment,false,358,1,393,2026-04-08T21:19:26.936Z
3366,228,2026-01-14T00:00:00.000Z,31.4,ANZCO Grazing,3,Awaiting Payment,false,1,1,1,2026-04-08T21:19:26.937Z
3367,353,2026-01-15T00:00:00.000Z,28,ANZCO Grazing,3,Awaiting Payment,false,2,1,5,2026-04-08T21:19:26.937Z
3368,1500,2026-01-15T00:00:00.000Z,31.36,ANZCO Grazing,3,Awaiting Payment,false,1,1,1,2026-04-08T21:19:26.939Z
3369,1728,2026-01-15T00:00:00.000Z,29.6,ANZCO Grazing,3,Awaiting Payment,false,2,1,5,2026-04-08T21:19:26.939Z
3370,35,2026-01-08T00:00:00.000Z,311.74,Finance Stock,3,Awaiting Payment,false,365,5,399,2026-04-08T21:19:26.940Z
3371,6,2026-01-08T00:00:00.000Z,448.06,Finance Stock,3,Awaiting Payment,false,243,5,234,2026-04-08T21:19:26.941Z
3372,324,2026-01-19T00:00:00.000Z,32.41,Finance Stock,3,Awaiting Payment,false,4,1,16,2026-04-08T21:19:26.941Z
3374,531,2026-01-20T00:00:00.000Z,30.73,ANZCO Grazing,3,Awaiting Payment,false,2,1,5,2026-04-08T21:19:26.943Z
3375,301,2026-01-15T00:00:00.000Z,60,Finance Stock,3,Awaiting Payment,false,391,1,418,2026-04-08T21:19:26.944Z
3376,1,2026-01-15T00:00:00.000Z,100,Finance Stock,3,Awaiting Payment,false,260,16,271,2026-04-08T21:19:26.945Z
3377,16,2026-01-15T00:00:00.000Z,440.1,Finance Stock,3,Awaiting Payment,false,260,5,269,2026-04-08T21:19:26.947Z
3378,2,2026-01-15T00:00:00.000Z,100,Finance Stock,3,Awaiting Payment,false,260,16,271,2026-04-08T21:19:26.949Z
3379,96,2026-01-14T00:00:00.000Z,50,Short Term Trading,3,Awaiting Payment,false,130,1,140,2026-04-08T21:19:26.952Z
3380,1216,2026-01-09T00:00:00.000Z,82.24,Grazing Stock,4,Complete,false,3,8,13,2026-04-08T21:19:26.953Z
3381,1696,2026-01-09T00:00:00.000Z,58.96,Grazing Stock,4,Complete,false,1,8,3,2026-04-08T21:19:26.954Z
3382,1327,2026-01-09T00:00:00.000Z,75.36,Grazing Stock,4,Complete,false,2,8,9,2026-04-08T21:19:26.955Z
3383,115,2026-01-21T00:00:00.000Z,335.91,Grazing Stock,4,Complete,false,286,8,306,2026-04-08T21:19:26.955Z
3384,456,2026-01-01T00:00:00.000Z,21.93,Grazing Stock,4,Complete,false,39,8,63,2026-04-08T21:19:26.956Z
3385,700,2026-01-12T00:00:00.000Z,29.74,ANZCO Grazing,3,Awaiting Payment,false,50,1,80,2026-04-08T21:19:26.957Z
3386,233,2026-01-01T00:00:00.000Z,4.29,Grazing Stock,3,Awaiting Payment,false,325,8,358,2026-04-08T21:19:26.957Z
3387,178,2026-01-01T00:00:00.000Z,28.09,Grazing Stock,4,Complete,false,327,8,364,2026-04-08T21:19:26.958Z
3388,244,2026-01-01T00:00:00.000Z,409.84,Grazing Stock,4,Complete,false,222,8,222,2026-04-08T21:19:26.959Z
3389,529,2026-01-12T00:00:00.000Z,32.24,Finance Stock,3,Awaiting Payment,false,291,1,314,2026-04-08T21:19:26.960Z
3390,324,2026-01-01T00:00:00.000Z,308.64,Grazing Stock,4,Complete,false,345,8,376,2026-04-08T21:19:26.961Z
3391,705,2026-01-01T00:00:00.000Z,141.84,Grazing Stock,3,Awaiting Payment,false,328,8,366,2026-04-08T21:19:26.961Z
3392,48,2026-01-01T00:00:00.000Z,20.83,Grazing Stock,3,Awaiting Payment,false,286,8,306,2026-04-08T21:19:26.962Z
3393,210,2026-01-01T00:00:00.000Z,95.24,Grazing Stock,3,Awaiting Payment,false,308,8,342,2026-04-08T21:19:26.963Z
3397,166,2026-01-01T00:00:00.000Z,602.41,Grazing Stock,4,Complete,false,116,8,123,2026-04-08T21:19:26.963Z
3398,86,2026-01-01T00:00:00.000Z,116.28,Grazing Stock,4,Complete,false,356,8,391,2026-04-08T21:19:26.964Z
3402,77,2026-01-01T00:00:00.000Z,129.87,Grazing Stock,4,Complete,false,324,8,356,2026-04-08T21:19:26.965Z
3403,32,2026-01-15T00:00:00.000Z,222.22,Finance Stock,3,Awaiting Payment,false,10,5,30,2026-04-08T21:19:26.965Z
3404,49,2026-01-08T00:00:00.000Z,233.33,Finance Stock,3,Awaiting Payment,false,10,5,30,2026-04-08T21:19:26.966Z
3405,60,2026-01-08T00:00:00.000Z,381.5,Finance Stock,3,Awaiting Payment,false,140,5,148,2026-04-08T21:19:26.966Z
3406,130,2026-01-14T00:00:00.000Z,378.58,Finance Stock,3,Awaiting Payment,false,140,5,148,2026-04-08T21:19:26.967Z
3407,127,2026-01-01T00:00:00.000Z,78.74,Grazing Stock,4,Complete,false,326,8,362,2026-04-08T21:19:26.968Z
3408,230,2026-01-01T00:00:00.000Z,100,Grazing Stock,4,Complete,false,341,8,371,2026-04-08T21:19:26.969Z
3409,199,2026-01-01T00:00:00.000Z,100,Grazing Stock,4,Complete,false,285,8,304,2026-04-08T21:19:26.970Z
3410,3,2025-02-03T00:00:00.000Z,300,Finance Stock,4,Complete,false,289,5,311,2026-04-08T21:19:26.971Z
3412,253,2026-01-23T00:00:00.000Z,30.36,Finance Stock,3,Awaiting Payment,false,23,1,48,2026-04-08T21:19:26.972Z
3413,60,2026-01-22T00:00:00.000Z,347.67,Grazing Stock,4,Complete,false,298,8,333,2026-04-08T21:19:26.972Z
3414,60,2026-01-22T00:00:00.000Z,347.67,Grazing Stock,4,Complete,false,291,8,316,2026-04-08T21:19:26.973Z
3415,370,2026-01-15T00:00:00.000Z,30,Short Term Trading,3,Awaiting Payment,false,2,1,5,2026-04-08T21:19:26.974Z
3416,12,2026-01-15T00:00:00.000Z,222.25,Finance Stock,3,Awaiting Payment,false,10,5,30,2026-04-08T21:19:26.974Z
3417,25,2026-01-16T00:00:00.000Z,398.32,Finance Stock,3,Awaiting Payment,false,205,2,200,2026-04-08T21:19:26.976Z
3418,156,2026-01-21T00:00:00.000Z,505.77,Grazing Stock,3,Awaiting Payment,false,327,2,363,2026-04-08T21:19:26.977Z
3419,8,2026-01-16T00:00:00.000Z,413.75,Finance Stock,3,Awaiting Payment,false,46,5,76,2026-04-08T21:19:26.978Z
3420,26,2026-01-22T00:00:00.000Z,100,Finance Stock,3,Awaiting Payment,false,260,16,271,2026-04-08T21:19:26.979Z
3421,1333,2026-01-26T00:00:00.000Z,32.97,ANZCO Grazing,3,Awaiting Payment,false,3,1,467,2026-04-08T21:19:26.980Z
3422,58,2026-01-13T00:00:00.000Z,365.52,Finance Stock,3,Awaiting Payment,false,388,5,415,2026-04-08T21:19:26.980Z
3425,27,2026-01-23T00:00:00.000Z,404.44,Finance Stock,3,Awaiting Payment,false,142,2,151,2026-04-08T21:19:26.981Z
3426,17,2026-01-09T00:00:00.000Z,162.94,Finance Stock,3,Awaiting Payment,false,263,16,274,2026-04-08T21:19:26.982Z
3427,33,2026-01-22T00:00:00.000Z,119.7,Finance Stock,3,Awaiting Payment,false,263,16,274,2026-04-08T21:19:26.984Z
3428,12,2026-01-22T00:00:00.000Z,104.17,Finance Stock,3,Awaiting Payment,false,260,16,271,2026-04-08T21:19:26.985Z
3431,60,2026-01-12T00:00:00.000Z,100,Finance Stock,3,Awaiting Payment,false,289,16,312,2026-04-08T21:19:26.986Z
3432,2,2026-01-21T00:00:00.000Z,361.9,Finance Stock,3,Awaiting Payment,false,243,5,234,2026-04-08T21:19:26.987Z
3433,5,2026-01-22T00:00:00.000Z,451.2,Finance Stock,3,Awaiting Payment,false,243,5,234,2026-04-08T21:19:26.988Z
3434,2,2026-01-22T00:00:00.000Z,451.2,Finance Stock,3,Awaiting Payment,false,243,5,234,2026-04-08T21:19:26.989Z
3435,5,2026-01-22T00:00:00.000Z,534.24,Finance Stock,3,Awaiting Payment,false,243,5,234,2026-04-08T21:19:26.990Z
3436,525,2026-01-26T00:00:00.000Z,35.5,Finance Stock,3,Awaiting Payment,false,417,1,433,2026-04-08T21:19:26.991Z
3437,26,2026-01-09T00:00:00.000Z,255.56,Finance Stock,3,Awaiting Payment,false,426,5,438,2026-04-08T21:19:26.992Z
3438,100,2026-01-12T00:00:00.000Z,100,Finance Stock,3,Awaiting Payment,false,297,16,331,2026-04-08T21:19:26.995Z
3439,49,2026-01-22T00:00:00.000Z,484.51,Finance Stock,3,Awaiting Payment,false,140,5,148,2026-04-08T21:19:26.997Z
3440,49,2026-01-20T00:00:00.000Z,100,Finance Stock,3,Awaiting Payment,false,365,16,400,2026-04-08T21:19:26.999Z
3441,7,2026-01-26T00:00:00.000Z,300,Finance Stock,3,Awaiting Payment,false,426,5,438,2026-04-08T21:19:27.000Z
3442,191,2026-01-20T00:00:00.000Z,36.1,Finance Stock,3,Awaiting Payment,false,291,1,314,2026-04-08T21:19:27.002Z
3443,307,2026-01-23T00:00:00.000Z,34.78,Finance Stock,3,Awaiting Payment,false,291,1,314,2026-04-08T21:19:27.003Z
3444,4,2026-01-09T00:00:00.000Z,100,Finance Stock,3,Awaiting Payment,false,263,16,274,2026-04-08T21:19:27.004Z
3445,6,2026-01-29T00:00:00.000Z,330,Finance Stock,3,Awaiting Payment,false,365,5,399,2026-04-08T21:19:27.005Z
3446,49,2026-01-01T00:00:00.000Z,100,Grazing Stock,3,Awaiting Payment,false,340,8,370,2026-04-08T21:19:27.006Z
3447,848,2026-01-15T00:00:00.000Z,30.43,Finance Stock,3,Awaiting Payment,false,316,1,348,2026-04-08T21:19:27.006Z
3448,26,2026-01-22T00:00:00.000Z,147.5,Finance Stock,3,Awaiting Payment,false,263,16,274,2026-04-08T21:19:27.007Z
3449,90,2026-01-26T00:00:00.000Z,265,Finance Stock,3,Awaiting Payment,false,418,2,434,2026-04-08T21:19:27.009Z
3450,39,2026-01-30T00:00:00.000Z,100,Finance Stock,3,Awaiting Payment,false,283,16,301,2026-04-08T21:19:27.011Z
3451,835,2026-01-28T00:00:00.000Z,30.49,Finance Stock,3,Awaiting Payment,false,292,1,318,2026-04-08T21:19:27.014Z
3452,727,2026-02-02T00:00:00.000Z,31.33,ANZCO Grazing,3,Awaiting Payment,false,3,1,10,2026-04-08T21:19:27.016Z
3453,818,2026-02-02T00:00:00.000Z,32.3,Finance Stock,3,Awaiting Payment,false,89,1,97,2026-04-08T21:19:27.017Z
3454,525,2026-01-30T00:00:00.000Z,30.3,Finance Stock,3,Awaiting Payment,false,85,1,93,2026-04-08T21:19:27.018Z
3455,8,2026-01-29T00:00:00.000Z,392.5,Finance Stock,3,Awaiting Payment,false,418,2,434,2026-04-08T21:19:27.021Z
3456,170,2026-01-20T00:00:00.000Z,100,Grazing Stock,3,Awaiting Payment,false,1,8,3,2026-04-08T21:19:27.023Z
3457,236,2026-02-03T00:00:00.000Z,26,Finance Stock,3,Awaiting Payment,false,225,1,229,2026-04-08T21:19:27.026Z
3458,483,2026-02-02T00:00:00.000Z,30.46,ANZCO Grazing,3,Awaiting Payment,false,1,1,1,2026-04-08T21:19:27.029Z
3459,342,2026-02-02T00:00:00.000Z,29,ANZCO Grazing,3,Awaiting Payment,false,1,1,1,2026-04-08T21:19:27.032Z
3460,32,2026-02-03T00:00:00.000Z,100,Finance Stock,3,Awaiting Payment,false,42,16,70,2026-04-08T21:19:27.033Z
3461,767,2026-02-05T00:00:00.000Z,28.21,Finance Stock,3,Awaiting Payment,false,419,1,435,2026-04-08T21:19:27.035Z
3463,246,2026-02-02T00:00:00.000Z,40.65,Short Term Trading,3,Awaiting Payment,false,130,1,140,2026-04-08T21:19:27.038Z
3464,15,2026-02-02T00:00:00.000Z,400,Finance Stock,3,Awaiting Payment,false,46,5,76,2026-04-08T21:19:27.039Z
3465,16,2026-01-16T00:00:00.000Z,400,Finance Stock,3,Awaiting Payment,false,426,5,438,2026-04-08T21:19:27.044Z
3466,18,2026-02-05T00:00:00.000Z,224.44,Finance Stock,3,Awaiting Payment,false,10,5,30,2026-04-08T21:19:27.047Z
3467,27,2026-01-17T00:00:00.000Z,400,Finance Stock,3,Awaiting Payment,false,426,5,438,2026-04-08T21:19:27.050Z
3469,13,2026-02-05T00:00:00.000Z,220,Finance Stock,3,Awaiting Payment,false,10,5,30,2026-04-08T21:19:27.052Z
3470,3122,2026-02-02T00:00:00.000Z,36.89,ANZCO Grazing,3,Awaiting Payment,false,103,1,115,2026-04-08T21:19:27.055Z
3472,1405,2026-02-12T00:00:00.000Z,30.45,ANZCO Grazing,3,Awaiting Payment,false,3,1,10,2026-04-08T21:19:27.065Z
3473,667,2026-02-12T00:00:00.000Z,31.33,Finance Stock,3,Awaiting Payment,false,4,1,16,2026-04-08T21:19:27.075Z
3474,61,2026-01-30T00:00:00.000Z,377,Finance Stock,3,Awaiting Payment,false,296,5,327,2026-04-08T21:19:27.079Z
3475,15,2026-02-01T00:00:00.000Z,100,Finance Stock,3,Awaiting Payment,false,254,16,258,2026-04-08T21:19:27.087Z
3476,14,2026-02-01T00:00:00.000Z,100,Finance Stock,3,Awaiting Payment,false,254,16,258,2026-04-08T21:19:27.109Z
3477,63,2026-02-01T00:00:00.000Z,100,Finance Stock,3,Awaiting Payment,false,254,16,258,2026-04-08T21:19:27.118Z
3478,628,2026-02-03T00:00:00.000Z,29.74,Finance Stock,3,Awaiting Payment,false,264,1,275,2026-04-08T21:19:27.121Z
3479,509,2026-02-03T00:00:00.000Z,31.5,Finance Stock,3,Awaiting Payment,false,248,1,244,2026-04-08T21:19:27.125Z
3480,3,2026-02-09T00:00:00.000Z,470,Finance Stock,3,Awaiting Payment,false,243,5,234,2026-04-08T21:19:27.127Z
3481,30,2026-02-12T00:00:00.000Z,370.66,Grazing Stock,4,Complete,false,116,15,124,2026-04-08T21:19:27.129Z
3482,30,2026-02-12T00:00:00.000Z,370.66,Grazing Stock,4,Complete,false,116,15,124,2026-04-08T21:19:27.130Z
3483,60,2026-02-13T00:00:00.000Z,395,Grazing Stock,3,Awaiting Payment,false,116,15,124,2026-04-08T21:19:27.132Z
3484,1270,2026-02-16T00:00:00.000Z,30.28,ANZCO Grazing,3,Awaiting Payment,false,1,1,1,2026-04-08T21:19:27.135Z
3485,39,2026-02-11T00:00:00.000Z,328.72,Finance Stock,3,Awaiting Payment,false,140,5,148,2026-04-08T21:19:27.137Z
3486,43,2026-02-11T00:00:00.000Z,356.26,Finance Stock,3,Awaiting Payment,false,140,5,148,2026-04-08T21:19:27.139Z
3487,529,2026-02-11T00:00:00.000Z,30.5,Finance Stock,3,Awaiting Payment,false,428,1,441,2026-04-08T21:19:27.142Z
3488,259,2026-02-12T00:00:00.000Z,32,Finance Stock,3,Awaiting Payment,false,102,1,113,2026-04-08T21:19:27.143Z
3489,192,2026-02-17T00:00:00.000Z,33,Finance Stock,3,Awaiting Payment,false,225,1,229,2026-04-08T21:19:27.144Z
3491,16,2026-02-13T00:00:00.000Z,103.81,Finance Stock,3,Awaiting Payment,false,291,2,315,2026-04-08T21:19:27.146Z
3492,244,2025-11-11T00:00:00.000Z,30,Finance Stock,4,Complete,false,393,1,420,2026-04-08T21:19:27.147Z
3493,58,2026-02-12T00:00:00.000Z,364.48,Grazing Stock,3,Awaiting Payment,false,116,15,124,2026-04-08T21:19:27.148Z
3494,68,2026-02-12T00:00:00.000Z,418.77,Finance Stock,3,Awaiting Payment,false,288,5,310,2026-04-08T21:19:27.149Z
3495,374,2026-02-18T00:00:00.000Z,32.3,ANZCO Grazing,3,Awaiting Payment,false,1,1,1,2026-04-08T21:19:27.149Z
3496,132,2026-02-18T00:00:00.000Z,30.53,ANZCO Grazing,3,Awaiting Payment,false,1,1,1,2026-04-08T21:19:27.150Z
3497,59,2026-02-09T00:00:00.000Z,393.8,Finance Stock,3,Awaiting Payment,false,89,2,98,2026-04-08T21:19:27.152Z
3498,27,2026-02-09T00:00:00.000Z,396.8,Finance Stock,3,Awaiting Payment,false,89,2,98,2026-04-08T21:19:27.153Z
3499,16,2026-01-29T00:00:00.000Z,320,Finance Stock,3,Awaiting Payment,false,143,2,155,2026-04-08T21:19:27.155Z
3500,6,2026-01-29T00:00:00.000Z,200,Finance Stock,3,Awaiting Payment,false,427,16,440,2026-04-08T21:19:27.158Z
3501,45,2026-02-23T00:00:00.000Z,512.89,Grazing Stock,3,Awaiting Payment,false,352,2,384,2026-04-08T21:19:27.159Z
3503,839,2026-02-24T00:00:00.000Z,31.92,ANZCO Grazing,3,Awaiting Payment,false,2,1,5,2026-04-08T21:19:27.160Z
3504,127,2026-01-30T00:00:00.000Z,31.5,Finance Stock,3,Awaiting Payment,false,291,1,314,2026-04-08T21:19:27.161Z
3505,43,2026-02-20T00:00:00.000Z,380,Grazing Stock,3,Awaiting Payment,false,325,15,359,2026-04-08T21:19:27.162Z
3506,159,2026-02-10T00:00:00.000Z,379.95,Finance Stock,3,Awaiting Payment,false,429,2,442,2026-04-08T21:19:27.163Z
3507,751,2026-03-04T00:00:00.000Z,33,Finance Stock,3,Awaiting Payment,false,430,17,443,2026-04-08T21:19:27.166Z
3508,968,2026-02-19T00:00:00.000Z,35,Finance Stock,3,Awaiting Payment,false,264,17,279,2026-04-08T21:19:27.168Z
3509,34,2026-02-25T00:00:00.000Z,393.28,Grazing Stock,3,Awaiting Payment,false,286,15,307,2026-04-08T21:19:27.169Z
3510,26,2026-02-25T00:00:00.000Z,377.59,Grazing Stock,3,Awaiting Payment,false,286,15,307,2026-04-08T21:19:27.170Z
3511,10,2026-02-19T00:00:00.000Z,380,Finance Stock,3,Awaiting Payment,false,143,2,155,2026-04-08T21:19:27.171Z
3512,23,2026-02-24T00:00:00.000Z,424.39,Grazing Stock,3,Awaiting Payment,false,325,15,359,2026-04-08T21:19:27.173Z
3513,792,2026-02-26T00:00:00.000Z,34.5,Finance Stock,3,Awaiting Payment,false,4,17,19,2026-04-08T21:19:27.174Z
3514,50,2025-11-10T00:00:00.000Z,528,Finance Stock,4,Complete,false,42,2,68,2026-04-08T21:19:27.176Z
3515,11,2025-11-10T00:00:00.000Z,493.91,Finance Stock,4,Complete,false,42,2,68,2026-04-08T21:19:27.177Z
3516,693,2026-02-19T00:00:00.000Z,35,Finance Stock,3,Awaiting Payment,false,292,1,318,2026-04-08T21:19:27.178Z
3517,500,2026-02-19T00:00:00.000Z,32,Finance Stock,3,Awaiting Payment,false,306,1,339,2026-04-08T21:19:27.179Z
3518,40,2026-02-26T00:00:00.000Z,535,Finance Stock,3,Awaiting Payment,false,257,2,264,2026-04-08T21:19:27.180Z
3519,50,2026-02-26T00:00:00.000Z,537.2,Finance Stock,3,Awaiting Payment,false,431,2,444,2026-04-08T21:19:27.182Z
3520,55,2026-01-16T00:00:00.000Z,314.64,Finance Stock,3,Awaiting Payment,false,432,2,445,2026-04-08T21:19:27.184Z
3521,319,2026-02-23T00:00:00.000Z,35,ANZCO Grazing,3,Awaiting Payment,false,2,1,5,2026-04-08T21:19:27.186Z
3522,16,2026-02-25T00:00:00.000Z,431.88,Finance Stock,3,Awaiting Payment,false,257,9,265,2026-04-08T21:19:27.187Z
3524,23,2026-02-25T00:00:00.000Z,392.17,Finance Stock,3,Awaiting Payment,false,257,9,265,2026-04-08T21:19:27.188Z
3525,39,2026-03-02T00:00:00.000Z,501.03,Grazing Stock,3,Awaiting Payment,false,352,2,384,2026-04-08T21:19:27.189Z
3526,55,2026-01-31T00:00:00.000Z,100,Finance Stock,3,Awaiting Payment,false,427,5,439,2026-04-08T21:19:27.190Z
3527,10,2026-02-11T00:00:00.000Z,100,Finance Stock,3,Awaiting Payment,false,427,16,440,2026-04-08T21:19:27.191Z
3528,3,2026-02-11T00:00:00.000Z,325,Finance Stock,3,Awaiting Payment,false,427,5,439,2026-04-08T21:19:27.192Z
3529,13,2026-02-26T00:00:00.000Z,446.92,Finance Stock,3,Awaiting Payment,false,142,2,151,2026-04-08T21:19:27.193Z
3530,542,2026-02-19T00:00:00.000Z,38,Finance Stock,3,Awaiting Payment,false,433,17,446,2026-04-08T21:19:27.194Z
3531,817,2026-03-03T00:00:00.000Z,33.86,Finance Stock,3,Awaiting Payment,false,433,17,446,2026-04-08T21:19:27.195Z
3532,151,2026-03-03T00:00:00.000Z,35.23,ANZCO Grazing,3,Awaiting Payment,false,2,1,5,2026-04-08T21:19:27.196Z
3533,219,2026-03-03T00:00:00.000Z,34.37,ANZCO Grazing,3,Awaiting Payment,false,2,1,5,2026-04-08T21:19:27.197Z
3534,361,2026-03-03T00:00:00.000Z,33.04,ANZCO Grazing,3,Awaiting Payment,false,2,1,5,2026-04-08T21:19:27.199Z
3535,45,2026-03-03T00:00:00.000Z,398,Grazing Stock,3,Awaiting Payment,false,325,15,359,2026-04-08T21:19:27.200Z
3536,5,2026-03-03T00:00:00.000Z,415,Grazing Stock,3,Awaiting Payment,false,325,15,359,2026-04-08T21:19:27.201Z
3537,12,2026-03-04T00:00:00.000Z,441,Grazing Stock,3,Awaiting Payment,false,298,15,334,2026-04-08T21:19:27.202Z
3538,6,2026-03-04T00:00:00.000Z,421,Grazing Stock,3,Awaiting Payment,false,298,15,334,2026-04-08T21:19:27.202Z
3539,16,2026-03-04T00:00:00.000Z,414,Grazing Stock,3,Awaiting Payment,false,298,15,334,2026-04-08T21:19:27.203Z
3540,22,2026-03-04T00:00:00.000Z,394,Grazing Stock,3,Awaiting Payment,false,298,15,334,2026-04-08T21:19:27.204Z
3541,7,2026-03-04T00:00:00.000Z,432,Grazing Stock,3,Awaiting Payment,false,298,15,334,2026-04-08T21:19:27.204Z
3542,1327,2026-03-04T00:00:00.000Z,33.59,ANZCO Grazing,3,Awaiting Payment,false,434,1,447,2026-04-08T21:19:27.206Z
3543,632,2026-03-04T00:00:00.000Z,32.69,ANZCO Grazing,3,Awaiting Payment,false,2,1,5,2026-04-08T21:19:27.206Z
3544,35,2026-03-05T00:00:00.000Z,371,Grazing Stock,3,Awaiting Payment,false,424,2,437,2026-04-08T21:19:27.207Z
3545,692,2026-03-05T00:00:00.000Z,34.12,ANZCO Grazing,3,Awaiting Payment,false,46,1,74,2026-04-08T21:19:27.209Z
3546,860,2026-03-02T00:00:00.000Z,35,Finance Stock,3,Awaiting Payment,false,358,1,393,2026-04-08T21:19:27.210Z
3548,133,2026-02-25T00:00:00.000Z,350,Finance Stock,3,Awaiting Payment,false,142,13,154,2026-04-08T21:19:27.211Z
3549,276,2026-03-04T00:00:00.000Z,33.19,ANZCO Grazing,3,Awaiting Payment,false,1,1,1,2026-04-08T21:19:27.212Z
3550,1514,2026-03-05T00:00:00.000Z,33.08,ANZCO Grazing,3,Awaiting Payment,false,2,1,5,2026-04-08T21:19:27.212Z
3551,55,2026-03-05T00:00:00.000Z,377.82,Grazing Stock,4,Complete,false,356,8,391,2026-04-08T21:19:27.213Z
3553,752,2026-03-06T00:00:00.000Z,32.86,ANZCO Grazing,3,Awaiting Payment,false,1,1,1,2026-04-08T21:19:27.214Z
3554,725,2026-03-06T00:00:00.000Z,32.62,ANZCO Grazing,3,Awaiting Payment,false,1,1,1,2026-04-08T21:19:27.215Z
3555,56,2026-03-04T00:00:00.000Z,421.6,Finance Stock,3,Awaiting Payment,false,296,5,327,2026-04-08T21:19:27.216Z
3556,58,2026-03-05T00:00:00.000Z,389.66,Grazing Stock,3,Awaiting Payment,false,356,8,391,2026-04-08T21:19:27.217Z
3557,730,2026-03-05T00:00:00.000Z,29.67,ANZCO Grazing,3,Awaiting Payment,false,103,1,115,2026-04-08T21:19:27.218Z
3558,48,2026-03-05T00:00:00.000Z,500,Grazing Stock,3,Awaiting Payment,false,314,2,347,2026-04-08T21:19:27.219Z
3559,55,2026-03-05T00:00:00.000Z,441,Finance Stock,3,Awaiting Payment,false,4,2,17,2026-04-08T21:19:27.220Z
3560,55,2026-03-05T00:00:00.000Z,441,Finance Stock,3,Awaiting Payment,false,4,2,17,2026-04-08T21:19:27.220Z
3561,750,2026-03-09T00:00:00.000Z,34.04,ANZCO Grazing,3,Awaiting Payment,false,3,1,10,2026-04-08T21:19:27.222Z
3562,721,2026-03-09T00:00:00.000Z,32.84,ANZCO Grazing,3,Awaiting Payment,false,1,1,1,2026-04-08T21:19:27.223Z
3563,27,2026-03-03T00:00:00.000Z,350,Finance Stock,3,Awaiting Payment,false,119,2,128,2026-04-08T21:19:27.224Z
3564,51,2026-03-09T00:00:00.000Z,533.88,Finance Stock,3,Awaiting Payment,false,116,2,122,2026-04-08T21:19:27.225Z
3567,50,2026-02-25T00:00:00.000Z,430.19,Finance Stock,3,Awaiting Payment,false,435,13,448,2026-04-08T21:19:27.226Z
3568,55,2026-03-04T00:00:00.000Z,429,Grazing Stock,3,Awaiting Payment,false,436,15,449,2026-04-08T21:19:27.227Z
3569,229,2026-03-06T00:00:00.000Z,34.76,ANZCO Grazing,3,Awaiting Payment,false,1,1,1,2026-04-08T21:19:27.227Z
3570,159,2026-03-10T00:00:00.000Z,45,Finance Stock,3,Awaiting Payment,false,257,1,263,2026-04-08T21:19:27.228Z
3571,16,2026-03-03T00:00:00.000Z,381.13,Finance Stock,3,Awaiting Payment,false,437,2,450,2026-04-08T21:19:27.229Z
3572,9,2026-03-03T00:00:00.000Z,381.13,Finance Stock,3,Awaiting Payment,false,437,2,450,2026-04-08T21:19:27.230Z
3573,6,2026-03-03T00:00:00.000Z,388.68,Finance Stock,3,Awaiting Payment,false,437,2,450,2026-04-08T21:19:27.231Z
3574,35,2026-03-05T00:00:00.000Z,600,Finance Stock,3,Awaiting Payment,false,119,2,128,2026-04-08T21:19:27.231Z
3575,127,2026-02-17T00:00:00.000Z,500,Finance Stock,3,Awaiting Payment,false,331,2,367,2026-04-08T21:19:27.232Z
3576,1425,2026-03-11T00:00:00.000Z,36.65,Farm Owned,3,Awaiting Payment,false,2,1,5,2026-04-08T21:19:27.233Z
3577,53,2026-03-10T00:00:00.000Z,411,Grazing Stock,3,Awaiting Payment,false,341,15,372,2026-04-08T21:19:27.233Z
3578,739,2026-03-05T00:00:00.000Z,35,Finance Stock,3,Awaiting Payment,false,92,17,106,2026-04-08T21:19:27.235Z
3579,1202,2026-03-05T00:00:00.000Z,38,Finance Stock,3,Awaiting Payment,false,264,17,279,2026-04-08T21:19:27.236Z
3580,3,2026-03-09T00:00:00.000Z,458.33,Finance Stock,3,Awaiting Payment,false,46,5,76,2026-04-08T21:19:27.236Z
3581,765,2026-03-11T00:00:00.000Z,35.5,Grazing Stock,3,Awaiting Payment,false,90,1,99,2026-04-08T21:19:27.237Z
3582,73,2026-03-06T00:00:00.000Z,401.36,Finance Stock,3,Awaiting Payment,false,142,2,151,2026-04-08T21:19:27.238Z
3583,1030,2026-03-04T00:00:00.000Z,36,Finance Stock,3,Awaiting Payment,false,19,1,42,2026-04-08T21:19:27.239Z
3584,4,2026-03-09T00:00:00.000Z,525,Finance Stock,3,Awaiting Payment,false,46,5,76,2026-04-08T21:19:27.240Z
3585,20,2026-03-03T00:00:00.000Z,535,Finance Stock,3,Awaiting Payment,false,119,2,128,2026-04-08T21:19:27.241Z
3586,28,2026-03-09T00:00:00.000Z,403.18,Grazing Stock,4,Complete,false,325,15,359,2026-04-08T21:19:27.242Z
3587,51,2026-03-12T00:00:00.000Z,501.08,Grazing Stock,3,Awaiting Payment,false,314,2,347,2026-04-08T21:19:27.243Z
3588,750,2026-02-19T00:00:00.000Z,34.06,Finance Stock,3,Awaiting Payment,false,439,17,453,2026-04-08T21:19:27.244Z
3589,765,2026-03-10T00:00:00.000Z,35.43,Grazing Stock,3,Awaiting Payment,false,439,1,452,2026-04-08T21:19:27.246Z
3591,761,2026-03-10T00:00:00.000Z,34.55,Finance Stock,3,Awaiting Payment,false,440,17,454,2026-04-08T21:19:27.248Z
3592,712,2026-03-10T00:00:00.000Z,33.73,Finance Stock,3,Awaiting Payment,false,441,17,455,2026-04-08T21:19:27.250Z
3593,15,2026-03-12T00:00:00.000Z,432.67,Grazing Stock,3,Awaiting Payment,false,367,15,403,2026-04-08T21:19:27.252Z
3594,64,2026-03-11T00:00:00.000Z,411.64,Grazing Stock,3,Awaiting Payment,false,438,15,451,2026-04-08T21:19:27.255Z
3596,51,2026-03-13T00:00:00.000Z,240.59,Grazing Stock,3,Awaiting Payment,false,442,18,456,2026-04-08T21:19:27.257Z
3597,7,2026-02-17T00:00:00.000Z,496.05,Finance Stock,3,Awaiting Payment,false,140,5,148,2026-04-08T21:19:27.259Z
3598,6,2026-03-01T00:00:00.000Z,500,Finance Stock,3,Awaiting Payment,false,331,2,367,2026-04-08T21:19:27.261Z
3599,46,2026-03-11T00:00:00.000Z,510.86,Grazing Stock,3,Awaiting Payment,false,314,2,347,2026-04-08T21:19:27.262Z
3600,50,2026-03-12T00:00:00.000Z,495.14,Grazing Stock,3,Awaiting Payment,false,314,2,347,2026-04-08T21:19:27.263Z
3601,22,2026-03-17T00:00:00.000Z,257,Grazing Stock,2,Awaiting Invoice,false,446,18,457,2026-04-08T21:19:27.265Z
3602,40,2026-03-04T00:00:00.000Z,250,Finance Stock,3,Awaiting Payment,false,447,2,458,2026-04-08T21:19:27.266Z
3603,910,2026-03-10T00:00:00.000Z,38,Finance Stock,3,Awaiting Payment,false,292,17,320,2026-04-08T21:19:27.267Z
3604,46,2026-03-04T00:00:00.000Z,400,Grazing Stock,3,Awaiting Payment,false,436,15,449,2026-04-08T21:19:27.268Z
3605,28,2026-03-06T00:00:00.000Z,448.21,Grazing Stock,3,Awaiting Payment,false,436,15,449,2026-04-08T21:19:27.269Z
3607,739,2026-03-06T00:00:00.000Z,35.8,Finance Stock,3,Awaiting Payment,false,448,17,459,2026-04-08T21:19:27.270Z
3608,59,2026-03-18T00:00:00.000Z,438.14,Grazing Stock,3,Awaiting Payment,false,291,15,317,2026-04-08T21:19:27.271Z
3609,45,2026-03-18T00:00:00.000Z,520,Grazing Stock,2,Awaiting Invoice,false,352,2,384,2026-04-08T21:19:27.271Z
3610,65,2026-03-18T00:00:00.000Z,228,Grazing Stock,3,Awaiting Payment,false,446,18,457,2026-04-08T21:19:27.272Z
3611,85,2026-03-10T00:00:00.000Z,380,Finance Stock,3,Awaiting Payment,false,437,2,450,2026-04-08T21:19:27.273Z
3612,38,2026-03-10T00:00:00.000Z,380,Finance Stock,3,Awaiting Payment,false,38,2,61,2026-04-08T21:19:27.275Z
3613,66,2026-03-18T00:00:00.000Z,211.21,Grazing Stock,3,Awaiting Payment,false,325,18,360,2026-04-08T21:19:27.276Z
3614,65,2026-03-10T00:00:00.000Z,427.38,Finance Stock,3,Awaiting Payment,false,140,5,148,2026-04-08T21:19:27.277Z
3615,44,2026-03-10T00:00:00.000Z,428.64,Finance Stock,3,Awaiting Payment,false,140,5,148,2026-04-08T21:19:27.278Z
3616,116,2026-03-19T00:00:00.000Z,412.6,Grazing Stock,3,Awaiting Payment,false,341,15,372,2026-04-08T21:19:27.280Z
3617,58,2026-03-19T00:00:00.000Z,434.1,Grazing Stock,4,Complete,false,367,15,403,2026-04-08T21:19:27.280Z
3618,105,2026-03-19T00:00:00.000Z,31,Grazing Stock,3,Awaiting Payment,false,415,1,432,2026-04-08T21:19:27.281Z
3621,40,2026-03-20T00:00:00.000Z,240.9,Grazing Stock,3,Awaiting Payment,false,116,18,125,2026-04-08T21:19:27.282Z
3622,102,2026-03-20T00:00:00.000Z,240.3,Grazing Stock,2,Awaiting Invoice,false,116,18,125,2026-04-08T21:19:27.283Z
3624,8,2026-03-12T00:00:00.000Z,439.5,Finance Stock,3,Awaiting Payment,false,292,2,319,2026-04-08T21:19:27.284Z
3626,75,2026-03-23T00:00:00.000Z,257.82,Grazing Stock,3,Awaiting Payment,false,286,18,308,2026-04-08T21:19:27.285Z
3627,46,2026-03-24T00:00:00.000Z,240,Grazing Stock,3,Awaiting Payment,false,1,18,4,2026-04-08T21:19:27.286Z
3628,60,2026-03-22T00:00:00.000Z,463.66,Grazing Stock,2,Awaiting Invoice,false,116,15,124,2026-04-08T21:19:27.286Z
3629,61,2026-03-24T00:00:00.000Z,237.7,Grazing Stock,3,Awaiting Payment,false,446,18,457,2026-04-08T21:19:27.287Z
3630,89,2026-03-12T00:00:00.000Z,382.67,Finance Stock,3,Awaiting Payment,false,21,2,46,2026-04-08T21:19:27.288Z
3631,182,2026-03-24T00:00:00.000Z,235.11,Grazing Stock,3,Awaiting Payment,false,1,18,4,2026-04-08T21:19:27.289Z
3632,54,2026-03-24T00:00:00.000Z,220,Grazing Stock,3,Awaiting Payment,false,1,18,4,2026-04-08T21:19:27.290Z
3633,9,2026-03-24T00:00:00.000Z,220,Grazing Stock,3,Awaiting Payment,false,1,18,4,2026-04-08T21:19:27.291Z
3635,21,2026-03-12T00:00:00.000Z,356.94,Finance Stock,3,Awaiting Payment,false,451,5,460,2026-04-08T21:19:27.292Z
3636,7,2026-03-12T00:00:00.000Z,403.85,Finance Stock,3,Awaiting Payment,false,4,2,17,2026-04-08T21:19:27.293Z
3637,42,2026-03-18T00:00:00.000Z,397.19,Grazing Stock,3,Awaiting Payment,false,438,15,451,2026-04-08T21:19:27.294Z
3638,45,2026-03-26T00:00:00.000Z,250,Grazing Stock,3,Awaiting Payment,false,116,18,125,2026-04-08T21:19:27.295Z
3639,85,2026-03-27T00:00:00.000Z,250,Grazing Stock,3,Awaiting Payment,false,116,18,125,2026-04-08T21:19:27.299Z
3640,43,2026-03-20T00:00:00.000Z,400,Finance Stock,3,Awaiting Payment,false,211,13,211,2026-04-08T21:19:27.304Z
3641,44,2026-03-20T00:00:00.000Z,518.41,Finance Stock,3,Awaiting Payment,false,211,13,211,2026-04-08T21:19:27.305Z
3642,142,2026-03-26T00:00:00.000Z,245.9,Grazing Stock,2,Awaiting Invoice,false,39,18,64,2026-04-08T21:19:27.306Z
3643,147,2026-03-27T00:00:00.000Z,247.2,Grazing Stock,2,Awaiting Invoice,false,1,18,4,2026-04-08T21:19:27.307Z
3644,50,2026-03-27T00:00:00.000Z,232,Grazing Stock,2,Awaiting Invoice,false,325,18,360,2026-04-08T21:19:27.308Z
3645,94,2026-03-27T00:00:00.000Z,237.7,Grazing Stock,2,Awaiting Invoice,false,1,18,4,2026-04-08T21:19:27.308Z
3646,77,2026-03-27T00:00:00.000Z,253,Grazing Stock,2,Awaiting Invoice,false,1,18,4,2026-04-08T21:19:27.309Z
3647,11,2026-03-27T00:00:00.000Z,289,Grazing Stock,2,Awaiting Invoice,false,1,18,4,2026-04-08T21:19:27.310Z
3648,45,2026-03-26T00:00:00.000Z,525,Finance Stock,3,Awaiting Payment,false,119,2,128,2026-04-08T21:19:27.311Z
3651,62,2026-03-26T00:00:00.000Z,269.03,Grazing Stock,2,Awaiting Invoice,false,325,18,360,2026-04-08T21:19:27.312Z
3652,4,2026-03-19T00:00:00.000Z,500,Grazing Stock,2,Awaiting Invoice,false,116,8,123,2026-04-08T21:19:27.312Z
3653,50,2026-03-30T00:00:00.000Z,235.8,Grazing Stock,2,Awaiting Invoice,false,1,18,4,2026-04-08T21:19:27.313Z
3654,44,2026-03-30T00:00:00.000Z,245,Grazing Stock,2,Awaiting Invoice,false,1,18,4,2026-04-08T21:19:27.314Z
13654,231,2026-01-07T00:00:00.000Z,30.04,ANZCO Grazing,3,Awaiting Payment,true,1,1,461,2026-04-08T21:19:28.661Z
13655,342,2026-01-08T00:00:00.000Z,32,ANZCO Grazing,3,Awaiting Payment,true,1,1,461,2026-04-08T21:19:28.662Z
13656,455,2026-01-08T00:00:00.000Z,30.84,ANZCO Grazing,3,Awaiting Payment,true,1,1,461,2026-04-08T21:19:28.663Z
13657,454,2026-01-09T00:00:00.000Z,29.58,ANZCO Grazing,3,Awaiting Payment,true,1,1,462,2026-04-08T21:19:28.668Z
13658,203,2026-01-09T00:00:00.000Z,27.19,ANZCO Grazing,3,Awaiting Payment,true,1,1,462,2026-04-08T21:19:28.668Z
13659,12,2025-12-22T00:00:00.000Z,507.6,Finance Stock,3,Awaiting Payment,true,243,5,463,2026-04-08T21:19:28.676Z
13660,6,2025-12-22T00:00:00.000Z,433.49,Finance Stock,3,Awaiting Payment,true,243,5,463,2026-04-08T21:19:28.677Z
13661,16,2026-01-07T00:00:00.000Z,432.4,Finance Stock,3,Awaiting Payment,true,243,5,463,2026-04-08T21:19:28.677Z
13662,29,2026-01-07T00:00:00.000Z,431.1,Finance Stock,3,Awaiting Payment,true,243,5,464,2026-04-08T21:19:28.681Z
13663,24,2026-01-07T00:00:00.000Z,436.32,Finance Stock,3,Awaiting Payment,true,243,5,464,2026-04-08T21:19:28.682Z
13664,1489,2025-12-19T00:00:00.000Z,29,ANZCO Grazing,3,Awaiting Payment,true,2,1,465,2026-04-08T21:19:28.685Z
13665,353,2026-01-15T00:00:00.000Z,28,ANZCO Grazing,3,Awaiting Payment,true,2,1,465,2026-04-08T21:19:28.686Z
13666,1728,2026-01-15T00:00:00.000Z,29.6,ANZCO Grazing,3,Awaiting Payment,true,2,1,465,2026-04-08T21:19:28.686Z
